day,network,load_multiplier,settlement_segments,evaluation_segments,linear_absolute_error_usd,exact_absolute_error_usd,linear_minus_exact_error_usd,checkpoint_schema_version,panel_checksum
61,IEEE RTS 24-bus,0.98,10,40,664.9783690237969,665.6518865375037,-0.6735175137068836,1,9b9800268edba7716204113e7dbed0c08ac7c06e7e0db1e6a15012e3cbc4238a
61,IEEE RTS 24-bus,0.98,20,80,664.9533101020389,665.3541658028444,-0.40085570080543675,1,9b9800268edba7716204113e7dbed0c08ac7c06e7e0db1e6a15012e3cbc4238a
61,IEEE RTS 24-bus,0.98,40,160,665.0947248060936,665.3159836031882,-0.22125879709460605,1,9b9800268edba7716204113e7dbed0c08ac7c06e7e0db1e6a15012e3cbc4238a
61,IEEE RTS 24-bus,0.98,80,320,665.2009461180336,665.3527642901245,-0.15181817209088422,1,9b9800268edba7716204113e7dbed0c08ac7c06e7e0db1e6a15012e3cbc4238a
62,IEEE RTS 24-bus,0.98,10,40,3.630973519528063e-12,3.637978807091713e-12,-7.0052875636497844e-15,1,9b9800268edba7716204113e7dbed0c08ac7c06e7e0db1e6a15012e3cbc4238a
62,IEEE RTS 24-bus,0.98,20,80,7.274624606578924e-12,1.0913936421275139e-11,-3.639311814696215e-12,1,9b9800268edba7716204113e7dbed0c08ac7c06e7e0db1e6a15012e3cbc4238a
62,IEEE RTS 24-bus,0.98,40,160,9.077653118956343e-12,1.0913936421275139e-11,-1.836283302318796e-12,1,9b9800268edba7716204113e7dbed0c08ac7c06e7e0db1e6a15012e3cbc4238a
62,IEEE RTS 24-bus,0.98,80,320,3.65184073516083e-12,1.8189894035458565e-12,1.8328513316149736e-12,1,9b9800268edba7716204113e7dbed0c08ac7c06e7e0db1e6a15012e3cbc4238a
63,IEEE RTS 24-bus,0.98,10,40,837.9246073673183,837.9246073673021,1.6257217794191092e-11,1,9b9800268edba7716204113e7dbed0c08ac7c06e7e0db1e6a15012e3cbc4238a
63,IEEE RTS 24-bus,0.98,20,80,838.021809654161,838.0364333353027,-0.014623681141756606,1,9b9800268edba7716204113e7dbed0c08ac7c06e7e0db1e6a15012e3cbc4238a
63,IEEE RTS 24-bus,0.98,40,160,838.0428121818629,838.0467408939621,-0.003928712099195764,1,9b9800268edba7716204113e7dbed0c08ac7c06e7e0db1e6a15012e3cbc4238a
63,IEEE RTS 24-bus,0.98,80,320,838.0282448670989,838.0433010873712,-0.01505622027229947,1,9b9800268edba7716204113e7dbed0c08ac7c06e7e0db1e6a15012e3cbc4238a
64,IEEE RTS 24-bus,0.98,10,40,444.2058841206252,444.205884120629,-3.751665644813329e-12,1,9b9800268edba7716204113e7dbed0c08ac7c06e7e0db1e6a15012e3cbc4238a
64,IEEE RTS 24-bus,0.98,20,80,444.2374701874395,444.2374701874469,-7.389644451905042e-12,1,9b9800268edba7716204113e7dbed0c08ac7c06e7e0db1e6a15012e3cbc4238a
64,IEEE RTS 24-bus,0.98,40,160,444.2397999716212,444.2397999716268,-5.5706550483591855e-12,1,9b9800268edba7716204113e7dbed0c08ac7c06e7e0db1e6a15012e3cbc4238a
64,IEEE RTS 24-bus,0.98,80,320,444.2397578485487,444.2397578485561,-7.389644451905042e-12,1,9b9800268edba7716204113e7dbed0c08ac7c06e7e0db1e6a15012e3cbc4238a
65,IEEE RTS 24-bus,0.98,10,40,218.04432146384465,218.04432146384897,-4.320099833421409e-12,1,9b9800268edba7716204113e7dbed0c08ac7c06e7e0db1e6a15012e3cbc4238a
65,IEEE RTS 24-bus,0.98,20,80,217.72745472410753,217.92130829333655,-0.1938535692290202,1,9b9800268edba7716204113e7dbed0c08ac7c06e7e0db1e6a15012e3cbc4238a
65,IEEE RTS 24-bus,0.98,40,160,217.9539187579338,218.02697723806705,-0.07305848013325544,1,9b9800268edba7716204113e7dbed0c08ac7c06e7e0db1e6a15012e3cbc4238a
65,IEEE RTS 24-bus,0.98,80,320,217.85933798572987,218.02663503826807,-0.1672970525382027,1,9b9800268edba7716204113e7dbed0c08ac7c06e7e0db1e6a15012e3cbc4238a
66,IEEE RTS 24-bus,0.98,10,40,179.0974898498852,179.09748984987345,1.1738165994756855e-11,1,9b9800268edba7716204113e7dbed0c08ac7c06e7e0db1e6a15012e3cbc4238a
66,IEEE RTS 24-bus,0.98,20,80,178.8219763839605,179.14692913431645,-0.32495275035594773,1,9b9800268edba7716204113e7dbed0c08ac7c06e7e0db1e6a15012e3cbc4238a
66,IEEE RTS 24-bus,0.98,40,160,178.6391057784065,179.1570353611678,-0.5179295827612975,1,9b9800268edba7716204113e7dbed0c08ac7c06e7e0db1e6a15012e3cbc4238a
66,IEEE RTS 24-bus,0.98,80,320,178.72659515086735,179.1390215548272,-0.41242640395984154,1,9b9800268edba7716204113e7dbed0c08ac7c06e7e0db1e6a15012e3cbc4238a
67,IEEE RTS 24-bus,0.98,10,40,1129.731913616008,1129.7319136159913,1.659827830735594e-11,1,9b9800268edba7716204113e7dbed0c08ac7c06e7e0db1e6a15012e3cbc4238a
67,IEEE RTS 24-bus,0.98,20,80,1129.7933143529826,1129.7933143529663,1.6370904631912708e-11,1,9b9800268edba7716204113e7dbed0c08ac7c06e7e0db1e6a15012e3cbc4238a
67,IEEE RTS 24-bus,0.98,40,160,1129.7554876065872,1129.755487606577,1.0231815394945443e-11,1,9b9800268edba7716204113e7dbed0c08ac7c06e7e0db1e6a15012e3cbc4238a
67,IEEE RTS 24-bus,0.98,80,320,1129.7488973869883,1129.7488973869804,7.958078640513122e-12,1,9b9800268edba7716204113e7dbed0c08ac7c06e7e0db1e6a15012e3cbc4238a
68,IEEE RTS 24-bus,0.98,10,40,79.99557374745045,79.99557374744472,5.7269744502264075e-12,1,9b9800268edba7716204113e7dbed0c08ac7c06e7e0db1e6a15012e3cbc4238a
68,IEEE RTS 24-bus,0.98,20,80,79.9755147383242,80.08597154538256,-0.11045680705836958,1,9b9800268edba7716204113e7dbed0c08ac7c06e7e0db1e6a15012e3cbc4238a
68,IEEE RTS 24-bus,0.98,40,160,80.0395046326149,80.09473303614868,-0.055228403533789105,1,9b9800268edba7716204113e7dbed0c08ac7c06e7e0db1e6a15012e3cbc4238a
68,IEEE RTS 24-bus,0.98,80,320,80.09118513210312,80.13448548185625,-0.04330034975312458,1,9b9800268edba7716204113e7dbed0c08ac7c06e7e0db1e6a15012e3cbc4238a
69,IEEE RTS 24-bus,0.98,10,40,157.30176437285542,157.3017643728508,4.604316927725449e-12,1,9b9800268edba7716204113e7dbed0c08ac7c06e7e0db1e6a15012e3cbc4238a
69,IEEE RTS 24-bus,0.98,20,80,157.32494168768602,157.32494168768244,3.581135388230905e-12,1,9b9800268edba7716204113e7dbed0c08ac7c06e7e0db1e6a15012e3cbc4238a
69,IEEE RTS 24-bus,0.98,40,160,157.33082019899425,157.3308201989894,4.860112312599085e-12,1,9b9800268edba7716204113e7dbed0c08ac7c06e7e0db1e6a15012e3cbc4238a
69,IEEE RTS 24-bus,0.98,80,320,157.33415382553727,157.33415382553176,5.5138116294983774e-12,1,9b9800268edba7716204113e7dbed0c08ac7c06e7e0db1e6a15012e3cbc4238a
70,IEEE RTS 24-bus,0.98,10,40,77.82698099215996,77.82698099216759,-7.631228982063476e-12,1,9b9800268edba7716204113e7dbed0c08ac7c06e7e0db1e6a15012e3cbc4238a
70,IEEE RTS 24-bus,0.98,20,80,77.85692261476687,77.85692261477197,-5.101696842757519e-12,1,9b9800268edba7716204113e7dbed0c08ac7c06e7e0db1e6a15012e3cbc4238a
70,IEEE RTS 24-bus,0.98,40,160,77.87160883379822,77.87160883380056,-2.3447910280083306e-12,1,9b9800268edba7716204113e7dbed0c08ac7c06e7e0db1e6a15012e3cbc4238a
70,IEEE RTS 24-bus,0.98,80,320,77.87045190945858,77.87045190946446,-5.8832938520936295e-12,1,9b9800268edba7716204113e7dbed0c08ac7c06e7e0db1e6a15012e3cbc4238a
71,IEEE RTS 24-bus,0.98,10,40,1603.1669422355317,1603.1669422355244,7.275957614183426e-12,1,9b9800268edba7716204113e7dbed0c08ac7c06e7e0db1e6a15012e3cbc4238a
71,IEEE RTS 24-bus,0.98,20,80,1603.1503693308168,1603.1503693308132,3.637978807091713e-12,1,9b9800268edba7716204113e7dbed0c08ac7c06e7e0db1e6a15012e3cbc4238a
71,IEEE RTS 24-bus,0.98,40,160,1603.179882686598,1603.1798826865925,5.4569682106375694e-12,1,9b9800268edba7716204113e7dbed0c08ac7c06e7e0db1e6a15012e3cbc4238a
71,IEEE RTS 24-bus,0.98,80,320,1603.1778703982327,1603.1778703982272,5.4569682106375694e-12,1,9b9800268edba7716204113e7dbed0c08ac7c06e7e0db1e6a15012e3cbc4238a
72,IEEE RTS 24-bus,0.98,10,40,279.3265517632244,279.32655176321714,7.275957614183426e-12,1,9b9800268edba7716204113e7dbed0c08ac7c06e7e0db1e6a15012e3cbc4238a
72,IEEE RTS 24-bus,0.98,20,80,279.3527568539703,279.35275685395754,1.2732925824820995e-11,1,9b9800268edba7716204113e7dbed0c08ac7c06e7e0db1e6a15012e3cbc4238a
72,IEEE RTS 24-bus,0.98,40,160,279.34319967113515,279.34319967112424,1.0913936421275139e-11,1,9b9800268edba7716204113e7dbed0c08ac7c06e7e0db1e6a15012e3cbc4238a
72,IEEE RTS 24-bus,0.98,80,320,279.3446703734953,279.3446703734826,1.2732925824820995e-11,1,9b9800268edba7716204113e7dbed0c08ac7c06e7e0db1e6a15012e3cbc4238a
73,IEEE RTS 24-bus,0.98,10,40,239.92049772741385,239.92049772739483,1.901412360894028e-11,1,9b9800268edba7716204113e7dbed0c08ac7c06e7e0db1e6a15012e3cbc4238a
73,IEEE RTS 24-bus,0.98,20,80,239.84833807790247,239.84833807788527,1.7195134205394424e-11,1,9b9800268edba7716204113e7dbed0c08ac7c06e7e0db1e6a15012e3cbc4238a
73,IEEE RTS 24-bus,0.98,40,160,239.79082904080363,239.80998150042433,-0.019152459620698892,1,9b9800268edba7716204113e7dbed0c08ac7c06e7e0db1e6a15012e3cbc4238a
73,IEEE RTS 24-bus,0.98,80,320,239.76926853650141,239.78689811596087,-0.017629579459452316,1,9b9800268edba7716204113e7dbed0c08ac7c06e7e0db1e6a15012e3cbc4238a
74,IEEE RTS 24-bus,0.98,10,40,402.4145110960726,402.41451109606714,5.4569682106375694e-12,1,9b9800268edba7716204113e7dbed0c08ac7c06e7e0db1e6a15012e3cbc4238a
74,IEEE RTS 24-bus,0.98,20,80,402.4383462735823,402.438346273575,7.275957614183426e-12,1,9b9800268edba7716204113e7dbed0c08ac7c06e7e0db1e6a15012e3cbc4238a
74,IEEE RTS 24-bus,0.98,40,160,402.43315697947946,402.4331569794758,3.637978807091713e-12,1,9b9800268edba7716204113e7dbed0c08ac7c06e7e0db1e6a15012e3cbc4238a
74,IEEE RTS 24-bus,0.98,80,320,402.4385649448868,402.43856494487954,7.275957614183426e-12,1,9b9800268edba7716204113e7dbed0c08ac7c06e7e0db1e6a15012e3cbc4238a
75,IEEE RTS 24-bus,0.98,10,40,13.878790499589332,13.878790499606112,-1.6779466704974766e-11,1,9b9800268edba7716204113e7dbed0c08ac7c06e7e0db1e6a15012e3cbc4238a
75,IEEE RTS 24-bus,0.98,20,80,13.881024537283013,13.881024537300618,-1.7605472635295882e-11,1,9b9800268edba7716204113e7dbed0c08ac7c06e7e0db1e6a15012e3cbc4238a
75,IEEE RTS 24-bus,0.98,40,160,13.886577389702515,13.886577389721424,-1.8909318555415666e-11,1,9b9800268edba7716204113e7dbed0c08ac7c06e7e0db1e6a15012e3cbc4238a
75,IEEE RTS 24-bus,0.98,80,320,13.887364610533933,13.887364610554869,-2.0936141709171352e-11,1,9b9800268edba7716204113e7dbed0c08ac7c06e7e0db1e6a15012e3cbc4238a
76,IEEE RTS 24-bus,0.98,10,40,439.72954070462947,439.72954070462947,0.0,1,9b9800268edba7716204113e7dbed0c08ac7c06e7e0db1e6a15012e3cbc4238a
76,IEEE RTS 24-bus,0.98,20,80,439.7102477552344,439.71024775523074,3.637978807091713e-12,1,9b9800268edba7716204113e7dbed0c08ac7c06e7e0db1e6a15012e3cbc4238a
76,IEEE RTS 24-bus,0.98,40,160,439.7254366337511,439.72543663374927,1.8189894035458565e-12,1,9b9800268edba7716204113e7dbed0c08ac7c06e7e0db1e6a15012e3cbc4238a
76,IEEE RTS 24-bus,0.98,80,320,439.73928632267035,439.7392863226705,-1.7053025658242404e-13,1,9b9800268edba7716204113e7dbed0c08ac7c06e7e0db1e6a15012e3cbc4238a
77,IEEE RTS 24-bus,0.98,10,40,747.9530814867936,747.9530814868067,-1.3073986337985843e-11,1,9b9800268edba7716204113e7dbed0c08ac7c06e7e0db1e6a15012e3cbc4238a
77,IEEE RTS 24-bus,0.98,20,80,748.0987052790057,748.1736864382656,-0.07498115925989168,1,9b9800268edba7716204113e7dbed0c08ac7c06e7e0db1e6a15012e3cbc4238a
77,IEEE RTS 24-bus,0.98,40,160,748.1067341040031,748.1442246836395,-0.037490579636482835,1,9b9800268edba7716204113e7dbed0c08ac7c06e7e0db1e6a15012e3cbc4238a
77,IEEE RTS 24-bus,0.98,80,320,748.1070208045127,748.1257660943375,-0.01874528982477841,1,9b9800268edba7716204113e7dbed0c08ac7c06e7e0db1e6a15012e3cbc4238a
78,IEEE RTS 24-bus,0.98,10,40,101.71068817819805,102.1605185346034,-0.44983035640534297,1,9b9800268edba7716204113e7dbed0c08ac7c06e7e0db1e6a15012e3cbc4238a
78,IEEE RTS 24-bus,0.98,20,80,101.65633743059853,101.92406181651131,-0.2677243859127856,1,9b9800268edba7716204113e7dbed0c08ac7c06e7e0db1e6a15012e3cbc4238a
78,IEEE RTS 24-bus,0.98,40,160,101.89782832345803,102.04560313484035,-0.14777481138231963,1,9b9800268edba7716204113e7dbed0c08ac7c06e7e0db1e6a15012e3cbc4238a
78,IEEE RTS 24-bus,0.98,80,320,101.89384697416675,102.03881531895422,-0.1449683447874719,1,9b9800268edba7716204113e7dbed0c08ac7c06e7e0db1e6a15012e3cbc4238a
79,IEEE RTS 24-bus,0.98,10,40,1276.3048938679954,1276.3048938680022,-6.821210263296962e-12,1,9b9800268edba7716204113e7dbed0c08ac7c06e7e0db1e6a15012e3cbc4238a
79,IEEE RTS 24-bus,0.98,20,80,1277.0303504726826,1276.8570186550405,0.1733318176420653,1,9b9800268edba7716204113e7dbed0c08ac7c06e7e0db1e6a15012e3cbc4238a
79,IEEE RTS 24-bus,0.98,40,160,1276.8832011940335,1276.7516477852096,0.1315534088239474,1,9b9800268edba7716204113e7dbed0c08ac7c06e7e0db1e6a15012e3cbc4238a
79,IEEE RTS 24-bus,0.98,80,320,1276.8918461321337,1276.7329016162385,0.1589445158952003,1,9b9800268edba7716204113e7dbed0c08ac7c06e7e0db1e6a15012e3cbc4238a
80,IEEE RTS 24-bus,0.98,10,40,459.03090623447355,459.0309062344659,7.673861546209082e-12,1,9b9800268edba7716204113e7dbed0c08ac7c06e7e0db1e6a15012e3cbc4238a
80,IEEE RTS 24-bus,0.98,20,80,458.91617731718213,458.96430286652503,-0.04812554934289892,1,9b9800268edba7716204113e7dbed0c08ac7c06e7e0db1e6a15012e3cbc4238a
80,IEEE RTS 24-bus,0.98,40,160,459.00399729021797,459.02806006488754,-0.024062774669573628,1,9b9800268edba7716204113e7dbed0c08ac7c06e7e0db1e6a15012e3cbc4238a
80,IEEE RTS 24-bus,0.98,80,320,459.0054854148488,459.03041472154655,-0.02492930669774296,1,9b9800268edba7716204113e7dbed0c08ac7c06e7e0db1e6a15012e3cbc4238a
81,IEEE RTS 24-bus,0.98,10,40,873.5346977576137,873.534697757621,-7.275957614183426e-12,1,9b9800268edba7716204113e7dbed0c08ac7c06e7e0db1e6a15012e3cbc4238a
81,IEEE RTS 24-bus,0.98,20,80,873.4842904702364,873.48429047024,-3.637978807091713e-12,1,9b9800268edba7716204113e7dbed0c08ac7c06e7e0db1e6a15012e3cbc4238a
81,IEEE RTS 24-bus,0.98,40,160,873.5076912293061,873.5076912293116,-5.4569682106375694e-12,1,9b9800268edba7716204113e7dbed0c08ac7c06e7e0db1e6a15012e3cbc4238a
81,IEEE RTS 24-bus,0.98,80,320,873.5045546680976,873.5045546681013,-3.637978807091713e-12,1,9b9800268edba7716204113e7dbed0c08ac7c06e7e0db1e6a15012e3cbc4238a
82,IEEE RTS 24-bus,0.98,10,40,422.6547937773358,422.6547937773321,3.694822225952521e-12,1,9b9800268edba7716204113e7dbed0c08ac7c06e7e0db1e6a15012e3cbc4238a
82,IEEE RTS 24-bus,0.98,20,80,422.6979243739516,422.69792437394426,7.332801033044234e-12,1,9b9800268edba7716204113e7dbed0c08ac7c06e7e0db1e6a15012e3cbc4238a
82,IEEE RTS 24-bus,0.98,40,160,422.6811281684223,422.68112816841494,7.332801033044234e-12,1,9b9800268edba7716204113e7dbed0c08ac7c06e7e0db1e6a15012e3cbc4238a
82,IEEE RTS 24-bus,0.98,80,320,422.68136414852603,422.6813641485187,7.332801033044234e-12,1,9b9800268edba7716204113e7dbed0c08ac7c06e7e0db1e6a15012e3cbc4238a
83,IEEE RTS 24-bus,0.98,10,40,207.22855535962134,207.2285553596248,-3.467448550509289e-12,1,9b9800268edba7716204113e7dbed0c08ac7c06e7e0db1e6a15012e3cbc4238a
83,IEEE RTS 24-bus,0.98,20,80,207.30680395835213,207.30680395835043,1.7053025658242404e-12,1,9b9800268edba7716204113e7dbed0c08ac7c06e7e0db1e6a15012e3cbc4238a
83,IEEE RTS 24-bus,0.98,40,160,207.29008026770956,207.29008026771226,-2.7000623958883807e-12,1,9b9800268edba7716204113e7dbed0c08ac7c06e7e0db1e6a15012e3cbc4238a
83,IEEE RTS 24-bus,0.98,80,320,207.28087250541523,207.28087250541103,4.206412995699793e-12,1,9b9800268edba7716204113e7dbed0c08ac7c06e7e0db1e6a15012e3cbc4238a
84,IEEE RTS 24-bus,0.98,10,40,658.9894844173105,658.9894844173123,-1.8189894035458565e-12,1,9b9800268edba7716204113e7dbed0c08ac7c06e7e0db1e6a15012e3cbc4238a
84,IEEE RTS 24-bus,0.98,20,80,658.946624297736,658.946624297736,0.0,1,9b9800268edba7716204113e7dbed0c08ac7c06e7e0db1e6a15012e3cbc4238a
84,IEEE RTS 24-bus,0.98,40,160,658.931851741263,658.931851741263,0.0,1,9b9800268edba7716204113e7dbed0c08ac7c06e7e0db1e6a15012e3cbc4238a
84,IEEE RTS 24-bus,0.98,80,320,658.9325073918844,658.9325073918844,0.0,1,9b9800268edba7716204113e7dbed0c08ac7c06e7e0db1e6a15012e3cbc4238a
85,IEEE RTS 24-bus,0.98,10,40,168.72205980416584,168.72205980415856,7.275957614183426e-12,1,9b9800268edba7716204113e7dbed0c08ac7c06e7e0db1e6a15012e3cbc4238a
85,IEEE RTS 24-bus,0.98,20,80,168.75401534814046,168.754015348135,5.4569682106375694e-12,1,9b9800268edba7716204113e7dbed0c08ac7c06e7e0db1e6a15012e3cbc4238a
85,IEEE RTS 24-bus,0.98,40,160,168.72867974067776,168.7286797406723,5.4569682106375694e-12,1,9b9800268edba7716204113e7dbed0c08ac7c06e7e0db1e6a15012e3cbc4238a
85,IEEE RTS 24-bus,0.98,80,320,168.73293592031223,168.73293592030495,7.275957614183426e-12,1,9b9800268edba7716204113e7dbed0c08ac7c06e7e0db1e6a15012e3cbc4238a
86,IEEE RTS 24-bus,0.98,10,40,136.19387918454132,136.19387918452776,1.3557155398302712e-11,1,9b9800268edba7716204113e7dbed0c08ac7c06e7e0db1e6a15012e3cbc4238a
86,IEEE RTS 24-bus,0.98,20,80,136.09770412380527,136.09770412379476,1.0516032489249483e-11,1,9b9800268edba7716204113e7dbed0c08ac7c06e7e0db1e6a15012e3cbc4238a
86,IEEE RTS 24-bus,0.98,40,160,136.07639217463407,136.07639217462201,1.2050804798491299e-11,1,9b9800268edba7716204113e7dbed0c08ac7c06e7e0db1e6a15012e3cbc4238a
86,IEEE RTS 24-bus,0.98,80,320,136.07800727901235,136.07800727900212,1.0231815394945443e-11,1,9b9800268edba7716204113e7dbed0c08ac7c06e7e0db1e6a15012e3cbc4238a
87,IEEE RTS 24-bus,0.98,10,40,344.41740940090097,344.4174094009013,-3.410605131648481e-13,1,9b9800268edba7716204113e7dbed0c08ac7c06e7e0db1e6a15012e3cbc4238a
87,IEEE RTS 24-bus,0.98,20,80,344.42722184731065,344.4874840657376,-0.06026221842694213,1,9b9800268edba7716204113e7dbed0c08ac7c06e7e0db1e6a15012e3cbc4238a
87,IEEE RTS 24-bus,0.98,40,160,344.44658083565423,344.4753319877582,-0.028751152103950517,1,9b9800268edba7716204113e7dbed0c08ac7c06e7e0db1e6a15012e3cbc4238a
87,IEEE RTS 24-bus,0.98,80,320,344.467907576013,344.4822831520596,-0.014375576046631977,1,9b9800268edba7716204113e7dbed0c08ac7c06e7e0db1e6a15012e3cbc4238a
88,IEEE RTS 24-bus,0.98,10,40,302.85900338972715,302.85900338972715,0.0,1,9b9800268edba7716204113e7dbed0c08ac7c06e7e0db1e6a15012e3cbc4238a
88,IEEE RTS 24-bus,0.98,20,80,302.851150607843,302.85115060784483,-1.8189894035458565e-12,1,9b9800268edba7716204113e7dbed0c08ac7c06e7e0db1e6a15012e3cbc4238a
88,IEEE RTS 24-bus,0.98,40,160,302.82972224019613,302.8297222401943,1.8189894035458565e-12,1,9b9800268edba7716204113e7dbed0c08ac7c06e7e0db1e6a15012e3cbc4238a
88,IEEE RTS 24-bus,0.98,80,320,302.8324105593729,302.83241055937106,1.8189894035458565e-12,1,9b9800268edba7716204113e7dbed0c08ac7c06e7e0db1e6a15012e3cbc4238a
89,IEEE RTS 24-bus,0.98,10,40,406.5519226271244,407.04143591978936,-0.4895132926649808,1,9b9800268edba7716204113e7dbed0c08ac7c06e7e0db1e6a15012e3cbc4238a
89,IEEE RTS 24-bus,0.98,20,80,406.59756600956456,407.09726570572457,-0.49969969616000753,1,9b9800268edba7716204113e7dbed0c08ac7c06e7e0db1e6a15012e3cbc4238a
89,IEEE RTS 24-bus,0.98,40,160,406.8035898700517,407.068579673798,-0.264989803746289,1,9b9800268edba7716204113e7dbed0c08ac7c06e7e0db1e6a15012e3cbc4238a
89,IEEE RTS 24-bus,0.98,80,320,406.90909830762894,407.05009026646985,-0.14099195884091387,1,9b9800268edba7716204113e7dbed0c08ac7c06e7e0db1e6a15012e3cbc4238a
90,IEEE RTS 24-bus,0.98,10,40,3.638107227008354e-12,3.637978807091713e-12,1.284199166413354e-16,1,9b9800268edba7716204113e7dbed0c08ac7c06e7e0db1e6a15012e3cbc4238a
90,IEEE RTS 24-bus,0.98,20,80,3.639652229827075e-12,3.637978807091713e-12,1.6734227353619331e-15,1,9b9800268edba7716204113e7dbed0c08ac7c06e7e0db1e6a15012e3cbc4238a
90,IEEE RTS 24-bus,0.98,40,160,1.8165899642792593e-12,5.4569682106375694e-12,-3.64037824635831e-12,1,9b9800268edba7716204113e7dbed0c08ac7c06e7e0db1e6a15012e3cbc4238a
90,IEEE RTS 24-bus,0.98,80,320,1.8202533331374757e-12,5.4569682106375694e-12,-3.6367148775000938e-12,1,9b9800268edba7716204113e7dbed0c08ac7c06e7e0db1e6a15012e3cbc4238a
91,IEEE RTS 24-bus,0.98,10,40,36.10935076155142,36.10935076155147,-4.973799150320701e-14,1,9b9800268edba7716204113e7dbed0c08ac7c06e7e0db1e6a15012e3cbc4238a
91,IEEE RTS 24-bus,0.98,20,80,36.05206183313198,36.05206183313203,-4.973799150320701e-14,1,9b9800268edba7716204113e7dbed0c08ac7c06e7e0db1e6a15012e3cbc4238a
91,IEEE RTS 24-bus,0.98,40,160,36.06996568190876,36.0699656819088,-3.552713678800501e-14,1,9b9800268edba7716204113e7dbed0c08ac7c06e7e0db1e6a15012e3cbc4238a
91,IEEE RTS 24-bus,0.98,80,320,36.066255384501304,36.066255384501346,-4.263256414560601e-14,1,9b9800268edba7716204113e7dbed0c08ac7c06e7e0db1e6a15012e3cbc4238a
92,IEEE RTS 24-bus,0.98,10,40,115.76027130619859,115.80023049661577,-0.03995919041717855,1,9b9800268edba7716204113e7dbed0c08ac7c06e7e0db1e6a15012e3cbc4238a
92,IEEE RTS 24-bus,0.98,20,80,115.83084826586293,116.09526419219219,-0.2644159263292636,1,9b9800268edba7716204113e7dbed0c08ac7c06e7e0db1e6a15012e3cbc4238a
92,IEEE RTS 24-bus,0.98,40,160,116.0190169735566,116.15246081811529,-0.13344384455868408,1,9b9800268edba7716204113e7dbed0c08ac7c06e7e0db1e6a15012e3cbc4238a
92,IEEE RTS 24-bus,0.98,80,320,116.01698135962269,116.15970744995866,-0.1427260903359695,1,9b9800268edba7716204113e7dbed0c08ac7c06e7e0db1e6a15012e3cbc4238a
93,IEEE RTS 24-bus,0.98,10,40,204.95236822992916,204.95236822991137,1.779199010343291e-11,1,9b9800268edba7716204113e7dbed0c08ac7c06e7e0db1e6a15012e3cbc4238a
93,IEEE RTS 24-bus,0.98,20,80,205.24284682991325,205.24284682990037,1.2875034371973015e-11,1,9b9800268edba7716204113e7dbed0c08ac7c06e7e0db1e6a15012e3cbc4238a
93,IEEE RTS 24-bus,0.98,40,160,205.14539463077094,205.14539463075744,1.3500311979441904e-11,1,9b9800268edba7716204113e7dbed0c08ac7c06e7e0db1e6a15012e3cbc4238a
93,IEEE RTS 24-bus,0.98,80,320,205.1279334368393,205.13210125622572,-0.0041678193864242985,1,9b9800268edba7716204113e7dbed0c08ac7c06e7e0db1e6a15012e3cbc4238a
94,IEEE RTS 24-bus,0.98,10,40,402.5037322523094,402.5037322522858,2.3646862246096134e-11,1,9b9800268edba7716204113e7dbed0c08ac7c06e7e0db1e6a15012e3cbc4238a
94,IEEE RTS 24-bus,0.98,20,80,402.6675006634705,402.66750066344866,2.1827872842550278e-11,1,9b9800268edba7716204113e7dbed0c08ac7c06e7e0db1e6a15012e3cbc4238a
94,IEEE RTS 24-bus,0.98,40,160,402.6719318022642,402.6719318022406,2.3646862246096134e-11,1,9b9800268edba7716204113e7dbed0c08ac7c06e7e0db1e6a15012e3cbc4238a
94,IEEE RTS 24-bus,0.98,80,320,402.67422112880377,402.67422112878376,2.000888343900442e-11,1,9b9800268edba7716204113e7dbed0c08ac7c06e7e0db1e6a15012e3cbc4238a
95,IEEE RTS 24-bus,0.98,10,40,153.07759478773352,153.07759478772823,5.286437954055145e-12,1,9b9800268edba7716204113e7dbed0c08ac7c06e7e0db1e6a15012e3cbc4238a
95,IEEE RTS 24-bus,0.98,20,80,152.69770823809387,153.04951863216593,-0.3518103940720607,1,9b9800268edba7716204113e7dbed0c08ac7c06e7e0db1e6a15012e3cbc4238a
95,IEEE RTS 24-bus,0.98,40,160,152.90392271158868,153.05717657249988,-0.15325386091120663,1,9b9800268edba7716204113e7dbed0c08ac7c06e7e0db1e6a15012e3cbc4238a
95,IEEE RTS 24-bus,0.98,80,320,152.7984528422175,153.0529246307142,-0.25447178849668717,1,9b9800268edba7716204113e7dbed0c08ac7c06e7e0db1e6a15012e3cbc4238a
96,IEEE RTS 24-bus,0.98,10,40,314.222067786819,314.22206778681357,5.4569682106375694e-12,1,9b9800268edba7716204113e7dbed0c08ac7c06e7e0db1e6a15012e3cbc4238a
96,IEEE RTS 24-bus,0.98,20,80,314.37302601570264,314.3730260156972,5.4569682106375694e-12,1,9b9800268edba7716204113e7dbed0c08ac7c06e7e0db1e6a15012e3cbc4238a
96,IEEE RTS 24-bus,0.98,40,160,314.36172589731905,314.3617258973136,5.4569682106375694e-12,1,9b9800268edba7716204113e7dbed0c08ac7c06e7e0db1e6a15012e3cbc4238a
96,IEEE RTS 24-bus,0.98,80,320,314.36274164493807,314.3627416449326,5.4569682106375694e-12,1,9b9800268edba7716204113e7dbed0c08ac7c06e7e0db1e6a15012e3cbc4238a
97,IEEE RTS 24-bus,0.98,10,40,123.01255202191714,123.0125520219135,3.637978807091713e-12,1,9b9800268edba7716204113e7dbed0c08ac7c06e7e0db1e6a15012e3cbc4238a
97,IEEE RTS 24-bus,0.98,20,80,123.10309063703244,123.10309063703062,1.8189894035458565e-12,1,9b9800268edba7716204113e7dbed0c08ac7c06e7e0db1e6a15012e3cbc4238a
97,IEEE RTS 24-bus,0.98,40,160,123.06682350726442,123.06682350725532,9.094947017729282e-12,1,9b9800268edba7716204113e7dbed0c08ac7c06e7e0db1e6a15012e3cbc4238a
97,IEEE RTS 24-bus,0.98,80,320,123.067093196114,123.06709319611218,1.8189894035458565e-12,1,9b9800268edba7716204113e7dbed0c08ac7c06e7e0db1e6a15012e3cbc4238a
98,IEEE RTS 24-bus,0.98,10,40,134.15946977176645,134.15946977176645,0.0,1,9b9800268edba7716204113e7dbed0c08ac7c06e7e0db1e6a15012e3cbc4238a
98,IEEE RTS 24-bus,0.98,20,80,134.26240216996848,134.26240216996666,1.8189894035458565e-12,1,9b9800268edba7716204113e7dbed0c08ac7c06e7e0db1e6a15012e3cbc4238a
98,IEEE RTS 24-bus,0.98,40,160,134.2315718637965,134.2315718637983,-1.8189894035458565e-12,1,9b9800268edba7716204113e7dbed0c08ac7c06e7e0db1e6a15012e3cbc4238a
98,IEEE RTS 24-bus,0.98,80,320,134.23172021741084,134.23172021740902,1.8189894035458565e-12,1,9b9800268edba7716204113e7dbed0c08ac7c06e7e0db1e6a15012e3cbc4238a
99,IEEE RTS 24-bus,0.98,10,40,129.17149852395414,129.17149852395596,-1.8189894035458565e-12,1,9b9800268edba7716204113e7dbed0c08ac7c06e7e0db1e6a15012e3cbc4238a
99,IEEE RTS 24-bus,0.98,20,80,129.26373074343246,129.26373074342882,3.637978807091713e-12,1,9b9800268edba7716204113e7dbed0c08ac7c06e7e0db1e6a15012e3cbc4238a
99,IEEE RTS 24-bus,0.98,40,160,129.2207804437494,129.2207804437512,-1.8189894035458565e-12,1,9b9800268edba7716204113e7dbed0c08ac7c06e7e0db1e6a15012e3cbc4238a
99,IEEE RTS 24-bus,0.98,80,320,129.21949881169894,129.21949881170076,-1.8189894035458565e-12,1,9b9800268edba7716204113e7dbed0c08ac7c06e7e0db1e6a15012e3cbc4238a
100,IEEE RTS 24-bus,0.98,10,40,287.0104058473353,287.0104058473262,9.094947017729282e-12,1,9b9800268edba7716204113e7dbed0c08ac7c06e7e0db1e6a15012e3cbc4238a
100,IEEE RTS 24-bus,0.98,20,80,287.1950585777158,287.19505857770673,9.094947017729282e-12,1,9b9800268edba7716204113e7dbed0c08ac7c06e7e0db1e6a15012e3cbc4238a
100,IEEE RTS 24-bus,0.98,40,160,287.21107733461577,287.21107733460485,1.0913936421275139e-11,1,9b9800268edba7716204113e7dbed0c08ac7c06e7e0db1e6a15012e3cbc4238a
100,IEEE RTS 24-bus,0.98,80,320,287.21816048054643,287.2181604805337,1.2732925824820995e-11,1,9b9800268edba7716204113e7dbed0c08ac7c06e7e0db1e6a15012e3cbc4238a
101,IEEE RTS 24-bus,0.98,10,40,326.91849332496463,324.69152563699754,2.2269676879670897,1,9b9800268edba7716204113e7dbed0c08ac7c06e7e0db1e6a15012e3cbc4238a
101,IEEE RTS 24-bus,0.98,20,80,328.39064024853667,325.4135714033273,2.9770688452093736,1,9b9800268edba7716204113e7dbed0c08ac7c06e7e0db1e6a15012e3cbc4238a
101,IEEE RTS 24-bus,0.98,40,160,328.2312538234945,325.5176422593195,2.7136115641750393,1,9b9800268edba7716204113e7dbed0c08ac7c06e7e0db1e6a15012e3cbc4238a
101,IEEE RTS 24-bus,0.98,80,320,328.42573239289175,325.4980088385837,2.927723554308045,1,9b9800268edba7716204113e7dbed0c08ac7c06e7e0db1e6a15012e3cbc4238a
102,IEEE RTS 24-bus,0.98,10,40,297.8161766447415,297.81617664474106,4.547473508864641e-13,1,9b9800268edba7716204113e7dbed0c08ac7c06e7e0db1e6a15012e3cbc4238a
102,IEEE RTS 24-bus,0.98,20,80,297.6730982037878,297.67309820378614,1.6484591469634324e-12,1,9b9800268edba7716204113e7dbed0c08ac7c06e7e0db1e6a15012e3cbc4238a
102,IEEE RTS 24-bus,0.98,40,160,297.66020590706586,297.66020590706285,3.0127011996228248e-12,1,9b9800268edba7716204113e7dbed0c08ac7c06e7e0db1e6a15012e3cbc4238a
102,IEEE RTS 24-bus,0.98,80,320,297.6593416153536,297.6593416153519,1.7053025658242404e-12,1,9b9800268edba7716204113e7dbed0c08ac7c06e7e0db1e6a15012e3cbc4238a
103,IEEE RTS 24-bus,0.98,10,40,245.0268805354118,245.02688053540805,3.751665644813329e-12,1,9b9800268edba7716204113e7dbed0c08ac7c06e7e0db1e6a15012e3cbc4238a
103,IEEE RTS 24-bus,0.98,20,80,244.97178847934333,244.99810491721473,-0.02631643787140092,1,9b9800268edba7716204113e7dbed0c08ac7c06e7e0db1e6a15012e3cbc4238a
103,IEEE RTS 24-bus,0.98,40,160,244.99772581281235,244.9977258128074,4.945377440890297e-12,1,9b9800268edba7716204113e7dbed0c08ac7c06e7e0db1e6a15012e3cbc4238a
103,IEEE RTS 24-bus,0.98,80,320,244.98517987275963,244.99668246385772,-0.011502591098093262,1,9b9800268edba7716204113e7dbed0c08ac7c06e7e0db1e6a15012e3cbc4238a
104,IEEE RTS 24-bus,0.98,10,40,229.8035402789028,229.80354027889734,5.4569682106375694e-12,1,9b9800268edba7716204113e7dbed0c08ac7c06e7e0db1e6a15012e3cbc4238a
104,IEEE RTS 24-bus,0.98,20,80,229.89417148288157,229.89417148287612,5.4569682106375694e-12,1,9b9800268edba7716204113e7dbed0c08ac7c06e7e0db1e6a15012e3cbc4238a
104,IEEE RTS 24-bus,0.98,40,160,229.8766255046121,229.87662550460664,5.4569682106375694e-12,1,9b9800268edba7716204113e7dbed0c08ac7c06e7e0db1e6a15012e3cbc4238a
104,IEEE RTS 24-bus,0.98,80,320,229.88477878334197,229.8847787833347,7.275957614183426e-12,1,9b9800268edba7716204113e7dbed0c08ac7c06e7e0db1e6a15012e3cbc4238a
105,IEEE RTS 24-bus,0.98,10,40,66.9348290886956,66.93482908869555,4.263256414560601e-14,1,9b9800268edba7716204113e7dbed0c08ac7c06e7e0db1e6a15012e3cbc4238a
105,IEEE RTS 24-bus,0.98,20,80,66.983875120126,66.64184170036242,0.34203341976358104,1,9b9800268edba7716204113e7dbed0c08ac7c06e7e0db1e6a15012e3cbc4238a
105,IEEE RTS 24-bus,0.98,40,160,66.78934209147164,66.61832538158706,0.17101670988458295,1,9b9800268edba7716204113e7dbed0c08ac7c06e7e0db1e6a15012e3cbc4238a
105,IEEE RTS 24-bus,0.98,80,320,66.78296344356212,66.62772115629014,0.15524228727198874,1,9b9800268edba7716204113e7dbed0c08ac7c06e7e0db1e6a15012e3cbc4238a
106,IEEE RTS 24-bus,0.98,10,40,91.70308871993252,91.70308871992711,5.4143356464919634e-12,1,9b9800268edba7716204113e7dbed0c08ac7c06e7e0db1e6a15012e3cbc4238a
106,IEEE RTS 24-bus,0.98,20,80,91.69464143150977,91.69464143150435,5.4143356464919634e-12,1,9b9800268edba7716204113e7dbed0c08ac7c06e7e0db1e6a15012e3cbc4238a
106,IEEE RTS 24-bus,0.98,40,160,91.69886507572114,91.69886507571755,3.595346242946107e-12,1,9b9800268edba7716204113e7dbed0c08ac7c06e7e0db1e6a15012e3cbc4238a
106,IEEE RTS 24-bus,0.98,80,320,91.70517826465397,91.70517826464675,7.219114195322618e-12,1,9b9800268edba7716204113e7dbed0c08ac7c06e7e0db1e6a15012e3cbc4238a
107,IEEE RTS 24-bus,0.98,10,40,91.79646452304053,91.79646452303132,9.208633855450898e-12,1,9b9800268edba7716204113e7dbed0c08ac7c06e7e0db1e6a15012e3cbc4238a
107,IEEE RTS 24-bus,0.98,20,80,92.26673184599326,92.26673184598621,7.048583938740194e-12,1,9b9800268edba7716204113e7dbed0c08ac7c06e7e0db1e6a15012e3cbc4238a
107,IEEE RTS 24-bus,0.98,40,160,92.12181473200684,92.20553663593273,-0.08372190392589118,1,9b9800268edba7716204113e7dbed0c08ac7c06e7e0db1e6a15012e3cbc4238a
107,IEEE RTS 24-bus,0.98,80,320,92.11429255429235,92.15834936612555,-0.04405681183320098,1,9b9800268edba7716204113e7dbed0c08ac7c06e7e0db1e6a15012e3cbc4238a
108,IEEE RTS 24-bus,0.98,10,40,308.69130409878386,308.6913040987765,7.332801033044234e-12,1,9b9800268edba7716204113e7dbed0c08ac7c06e7e0db1e6a15012e3cbc4238a
108,IEEE RTS 24-bus,0.98,20,80,308.88934886940666,308.8893488693975,9.15179043659009e-12,1,9b9800268edba7716204113e7dbed0c08ac7c06e7e0db1e6a15012e3cbc4238a
108,IEEE RTS 24-bus,0.98,40,160,308.9046989185627,308.90469891855173,1.0970779840135947e-11,1,9b9800268edba7716204113e7dbed0c08ac7c06e7e0db1e6a15012e3cbc4238a
108,IEEE RTS 24-bus,0.98,80,320,308.908701992672,308.9188865559081,-0.010184563236123267,1,9b9800268edba7716204113e7dbed0c08ac7c06e7e0db1e6a15012e3cbc4238a
109,IEEE RTS 24-bus,0.98,10,40,102.49355822427712,102.49355822427242,4.703792910731863e-12,1,9b9800268edba7716204113e7dbed0c08ac7c06e7e0db1e6a15012e3cbc4238a
109,IEEE RTS 24-bus,0.98,20,80,102.75297036201381,102.44209335618143,0.3108770058323813,1,9b9800268edba7716204113e7dbed0c08ac7c06e7e0db1e6a15012e3cbc4238a
109,IEEE RTS 24-bus,0.98,40,160,102.58743624140148,102.44680091342343,0.14063532797804612,1,9b9800268edba7716204113e7dbed0c08ac7c06e7e0db1e6a15012e3cbc4238a
109,IEEE RTS 24-bus,0.98,80,320,102.53662543326807,102.44825370961553,0.08837172365254276,1,9b9800268edba7716204113e7dbed0c08ac7c06e7e0db1e6a15012e3cbc4238a
110,IEEE RTS 24-bus,0.98,10,40,193.25987374228498,193.25987374227225,1.2732925824820995e-11,1,9b9800268edba7716204113e7dbed0c08ac7c06e7e0db1e6a15012e3cbc4238a
110,IEEE RTS 24-bus,0.98,20,80,193.41715584896338,193.41715584895246,1.0913936421275139e-11,1,9b9800268edba7716204113e7dbed0c08ac7c06e7e0db1e6a15012e3cbc4238a
110,IEEE RTS 24-bus,0.98,40,160,193.4180961378006,193.4180961377897,1.0913936421275139e-11,1,9b9800268edba7716204113e7dbed0c08ac7c06e7e0db1e6a15012e3cbc4238a
110,IEEE RTS 24-bus,0.98,80,320,193.41815833514374,193.4181583351292,1.4551915228366852e-11,1,9b9800268edba7716204113e7dbed0c08ac7c06e7e0db1e6a15012e3cbc4238a
111,IEEE RTS 24-bus,0.98,10,40,369.3393032761525,369.33930327615417,-1.6484591469634324e-12,1,9b9800268edba7716204113e7dbed0c08ac7c06e7e0db1e6a15012e3cbc4238a
111,IEEE RTS 24-bus,0.98,20,80,369.5451770329729,369.5451770329746,-1.7053025658242404e-12,1,9b9800268edba7716204113e7dbed0c08ac7c06e7e0db1e6a15012e3cbc4238a
111,IEEE RTS 24-bus,0.98,40,160,369.43555649168695,369.45050824536884,-0.014951753681884838,1,9b9800268edba7716204113e7dbed0c08ac7c06e7e0db1e6a15012e3cbc4238a
111,IEEE RTS 24-bus,0.98,80,320,369.4258763203409,369.43888118455834,-0.013004864217464274,1,9b9800268edba7716204113e7dbed0c08ac7c06e7e0db1e6a15012e3cbc4238a
112,IEEE RTS 24-bus,0.98,10,40,517.4374648050616,517.4374648050543,7.275957614183426e-12,1,9b9800268edba7716204113e7dbed0c08ac7c06e7e0db1e6a15012e3cbc4238a
112,IEEE RTS 24-bus,0.98,20,80,517.4138516967032,517.4138516967014,1.8189894035458565e-12,1,9b9800268edba7716204113e7dbed0c08ac7c06e7e0db1e6a15012e3cbc4238a
112,IEEE RTS 24-bus,0.98,40,160,517.4123460044193,517.4123460044157,3.637978807091713e-12,1,9b9800268edba7716204113e7dbed0c08ac7c06e7e0db1e6a15012e3cbc4238a
112,IEEE RTS 24-bus,0.98,80,320,517.4114534187411,517.4114534187356,5.4569682106375694e-12,1,9b9800268edba7716204113e7dbed0c08ac7c06e7e0db1e6a15012e3cbc4238a
113,IEEE RTS 24-bus,0.98,10,40,43.42571363545931,43.425713635455395,3.915090474038152e-12,1,9b9800268edba7716204113e7dbed0c08ac7c06e7e0db1e6a15012e3cbc4238a
113,IEEE RTS 24-bus,0.98,20,80,43.45782348780132,43.457823487797214,4.106937012693379e-12,1,9b9800268edba7716204113e7dbed0c08ac7c06e7e0db1e6a15012e3cbc4238a
113,IEEE RTS 24-bus,0.98,40,160,43.44052613090083,43.44052613089298,7.851497230149107e-12,1,9b9800268edba7716204113e7dbed0c08ac7c06e7e0db1e6a15012e3cbc4238a
113,IEEE RTS 24-bus,0.98,80,320,43.42556739156,43.42556739155225,7.752021247142693e-12,1,9b9800268edba7716204113e7dbed0c08ac7c06e7e0db1e6a15012e3cbc4238a
114,IEEE RTS 24-bus,0.98,10,40,578.2930293795257,578.2930293794998,2.5920599000528455e-11,1,9b9800268edba7716204113e7dbed0c08ac7c06e7e0db1e6a15012e3cbc4238a
114,IEEE RTS 24-bus,0.98,20,80,578.3416502020864,578.3416502020718,1.4551915228366852e-11,1,9b9800268edba7716204113e7dbed0c08ac7c06e7e0db1e6a15012e3cbc4238a
114,IEEE RTS 24-bus,0.98,40,160,578.2677657408753,578.2677657408585,1.6825651982799172e-11,1,9b9800268edba7716204113e7dbed0c08ac7c06e7e0db1e6a15012e3cbc4238a
114,IEEE RTS 24-bus,0.98,80,320,578.193782448177,578.2412919076123,-0.047509459435332246,1,9b9800268edba7716204113e7dbed0c08ac7c06e7e0db1e6a15012e3cbc4238a
