day,endpoint,conversion_scale_factor,unclipped_conversion_scale_factor,method,certified_cost_usd,reference_cost_usd,margin_usd,payment_cap_violation_usd,independent_segments,schema_version,endpoint_profile_checksum
61,q01,0.5844748596130233,0.5844748596130233,Payment-Certified N-1 Verifier,106636.5218043621,106643.76759938843,7.2457950263342354,0.0,4,9,f0b25c7ca1c1953a17e42b09de8304d17c8871c414f45a758f88ad4ed59cc053
61,q01,0.5844748596130233,0.5844748596130233,Selected Single Feasible Projection,106643.76759938843,106643.76759938843,0.0,0.0,4,9,f0b25c7ca1c1953a17e42b09de8304d17c8871c414f45a758f88ad4ed59cc053
61,q99-cap,1.1498888413904444,2.6930887095833507,Payment-Certified N-1 Verifier,107286.70403236937,107300.63828862632,13.934256256950903,0.0,4,9,f0b25c7ca1c1953a17e42b09de8304d17c8871c414f45a758f88ad4ed59cc053
61,q99-cap,1.1498888413904444,2.6930887095833507,Selected Single Feasible Projection,107300.63828862632,107300.63828862632,0.0,0.0,4,9,f0b25c7ca1c1953a17e42b09de8304d17c8871c414f45a758f88ad4ed59cc053
62,q01,0.5844748596130233,0.5844748596130233,Payment-Certified N-1 Verifier,107133.85674894493,107147.08402841711,13.227279472179362,0.0,4,9,f0b25c7ca1c1953a17e42b09de8304d17c8871c414f45a758f88ad4ed59cc053
62,q01,0.5844748596130233,0.5844748596130233,Selected Single Feasible Projection,107147.08402841711,107147.08402841711,0.0,0.0,4,9,f0b25c7ca1c1953a17e42b09de8304d17c8871c414f45a758f88ad4ed59cc053
62,q99-cap,1.1498888413904444,2.6930887095833507,Payment-Certified N-1 Verifier,108268.60488296559,108294.25671704108,25.651834075484658,0.0,4,9,f0b25c7ca1c1953a17e42b09de8304d17c8871c414f45a758f88ad4ed59cc053
62,q99-cap,1.1498888413904444,2.6930887095833507,Selected Single Feasible Projection,108294.25671704108,108294.25671704108,0.0,0.0,4,9,f0b25c7ca1c1953a17e42b09de8304d17c8871c414f45a758f88ad4ed59cc053
63,q01,0.5844748596130233,0.5844748596130233,Payment-Certified N-1 Verifier,107179.47472014179,107180.01419539838,0.539475256591686,0.0,4,9,f0b25c7ca1c1953a17e42b09de8304d17c8871c414f45a758f88ad4ed59cc053
63,q01,0.5844748596130233,0.5844748596130233,Selected Single Feasible Projection,107180.01419539838,107180.01419539838,0.0,0.0,4,9,f0b25c7ca1c1953a17e42b09de8304d17c8871c414f45a758f88ad4ed59cc053
63,q99-cap,1.1498888413904444,2.6930887095833507,Payment-Certified N-1 Verifier,108358.5598368462,108358.66934561625,0.10950877005234361,0.0,4,9,f0b25c7ca1c1953a17e42b09de8304d17c8871c414f45a758f88ad4ed59cc053
63,q99-cap,1.1498888413904444,2.6930887095833507,Selected Single Feasible Projection,108358.66934561625,108358.66934561625,0.0,0.0,4,9,f0b25c7ca1c1953a17e42b09de8304d17c8871c414f45a758f88ad4ed59cc053
64,q01,0.5844748596130233,0.5844748596130233,Payment-Certified N-1 Verifier,107203.46431700047,107211.1247876373,7.660470636823447,0.0,4,9,f0b25c7ca1c1953a17e42b09de8304d17c8871c414f45a758f88ad4ed59cc053
64,q01,0.5844748596130233,0.5844748596130233,Selected Single Feasible Projection,107211.1247876373,107211.1247876373,0.0,0.0,4,9,f0b25c7ca1c1953a17e42b09de8304d17c8871c414f45a758f88ad4ed59cc053
64,q99-cap,1.1498888413904444,2.6930887095833507,Payment-Certified N-1 Verifier,108405.80713923227,108420.63164924228,14.824510010002996,0.0,4,9,f0b25c7ca1c1953a17e42b09de8304d17c8871c414f45a758f88ad4ed59cc053
64,q99-cap,1.1498888413904444,2.6930887095833507,Selected Single Feasible Projection,108420.63164924228,108420.63164924228,0.0,0.0,4,9,f0b25c7ca1c1953a17e42b09de8304d17c8871c414f45a758f88ad4ed59cc053
65,q01,0.5844748596130233,0.5844748596130233,Payment-Certified N-1 Verifier,106584.1508487657,106584.15084875985,-5.8498699218034744e-09,5.8498699218034744e-09,4,9,f0b25c7ca1c1953a17e42b09de8304d17c8871c414f45a758f88ad4ed59cc053
65,q01,0.5844748596130233,0.5844748596130233,Selected Single Feasible Projection,106584.15084875985,106584.15084875985,0.0,0.0,4,9,f0b25c7ca1c1953a17e42b09de8304d17c8871c414f45a758f88ad4ed59cc053
65,q99-cap,1.1498888413904444,2.6930887095833507,Payment-Certified N-1 Verifier,107183.41820705794,107183.41820704642,-1.1525116860866547e-08,1.1525116860866547e-08,4,9,f0b25c7ca1c1953a17e42b09de8304d17c8871c414f45a758f88ad4ed59cc053
65,q99-cap,1.1498888413904444,2.6930887095833507,Selected Single Feasible Projection,107183.41820704642,107183.41820704642,0.0,0.0,4,9,f0b25c7ca1c1953a17e42b09de8304d17c8871c414f45a758f88ad4ed59cc053
66,q01,0.5844748596130233,0.5844748596130233,Payment-Certified N-1 Verifier,106765.56376636276,106810.4912027415,44.92743637874082,0.0,4,9,f0b25c7ca1c1953a17e42b09de8304d17c8871c414f45a758f88ad4ed59cc053
66,q01,0.5844748596130233,0.5844748596130233,Selected Single Feasible Projection,106810.4912027415,106810.4912027415,0.0,0.0,4,9,f0b25c7ca1c1953a17e42b09de8304d17c8871c414f45a758f88ad4ed59cc053
66,q99-cap,1.1498888413904444,2.6930887095833507,Payment-Certified N-1 Verifier,107542.35811389191,107638.55266723745,96.19455334554368,0.0,4,9,f0b25c7ca1c1953a17e42b09de8304d17c8871c414f45a758f88ad4ed59cc053
66,q99-cap,1.1498888413904444,2.6930887095833507,Selected Single Feasible Projection,107638.55266723745,107638.55266723745,0.0,0.0,4,9,f0b25c7ca1c1953a17e42b09de8304d17c8871c414f45a758f88ad4ed59cc053
67,q01,0.5844748596130233,0.5844748596130233,Payment-Certified N-1 Verifier,106420.39774942302,106420.39774942302,0.0,0.0,4,9,f0b25c7ca1c1953a17e42b09de8304d17c8871c414f45a758f88ad4ed59cc053
67,q01,0.5844748596130233,0.5844748596130233,Selected Single Feasible Projection,106420.39774942302,106420.39774942302,0.0,0.0,4,9,f0b25c7ca1c1953a17e42b09de8304d17c8871c414f45a758f88ad4ed59cc053
67,q99-cap,1.1498888413904444,2.6930887095833507,Payment-Certified N-1 Verifier,106860.85314154252,106860.85314154252,0.0,0.0,4,9,f0b25c7ca1c1953a17e42b09de8304d17c8871c414f45a758f88ad4ed59cc053
67,q99-cap,1.1498888413904444,2.6930887095833507,Selected Single Feasible Projection,106860.85314154252,106860.85314154252,0.0,0.0,4,9,f0b25c7ca1c1953a17e42b09de8304d17c8871c414f45a758f88ad4ed59cc053
68,q01,0.5844748596130233,0.5844748596130233,Payment-Certified N-1 Verifier,106650.19195455975,106683.18500820696,32.99305364720931,0.0,4,9,f0b25c7ca1c1953a17e42b09de8304d17c8871c414f45a758f88ad4ed59cc053
68,q01,0.5844748596130233,0.5844748596130233,Selected Single Feasible Projection,106683.18500820696,106683.18500820696,0.0,0.0,4,9,f0b25c7ca1c1953a17e42b09de8304d17c8871c414f45a758f88ad4ed59cc053
68,q99-cap,1.1498888413904444,2.6930887095833507,Payment-Certified N-1 Verifier,107313.82431678331,107378.56905656586,64.74473978254537,0.0,4,9,f0b25c7ca1c1953a17e42b09de8304d17c8871c414f45a758f88ad4ed59cc053
68,q99-cap,1.1498888413904444,2.6930887095833507,Selected Single Feasible Projection,107378.56905656586,107378.56905656586,0.0,0.0,4,9,f0b25c7ca1c1953a17e42b09de8304d17c8871c414f45a758f88ad4ed59cc053
69,q01,0.5844748596130233,0.5844748596130233,Payment-Certified N-1 Verifier,107223.17453752713,107235.19700889428,12.022471367148682,0.0,4,9,f0b25c7ca1c1953a17e42b09de8304d17c8871c414f45a758f88ad4ed59cc053
69,q01,0.5844748596130233,0.5844748596130233,Selected Single Feasible Projection,107235.19700889428,107235.19700889428,0.0,0.0,4,9,f0b25c7ca1c1953a17e42b09de8304d17c8871c414f45a758f88ad4ed59cc053
69,q99-cap,1.1498888413904444,2.6930887095833507,Payment-Certified N-1 Verifier,108444.77163873285,108468.3897610468,23.618122313942877,0.0,4,9,f0b25c7ca1c1953a17e42b09de8304d17c8871c414f45a758f88ad4ed59cc053
69,q99-cap,1.1498888413904444,2.6930887095833507,Selected Single Feasible Projection,108468.3897610468,108468.3897610468,0.0,0.0,4,9,f0b25c7ca1c1953a17e42b09de8304d17c8871c414f45a758f88ad4ed59cc053
70,q01,0.5844748596130233,0.5844748596130233,Payment-Certified N-1 Verifier,106924.2873683102,106946.72429904666,22.43693073646864,0.0,4,9,f0b25c7ca1c1953a17e42b09de8304d17c8871c414f45a758f88ad4ed59cc053
70,q01,0.5844748596130233,0.5844748596130233,Selected Single Feasible Projection,106946.72429904666,106946.72429904666,0.0,0.0,4,9,f0b25c7ca1c1953a17e42b09de8304d17c8871c414f45a758f88ad4ed59cc053
70,q99-cap,1.1498888413904444,2.6930887095833507,Payment-Certified N-1 Verifier,107854.82526971593,107898.4179715978,43.59270188186201,0.0,4,9,f0b25c7ca1c1953a17e42b09de8304d17c8871c414f45a758f88ad4ed59cc053
70,q99-cap,1.1498888413904444,2.6930887095833507,Selected Single Feasible Projection,107898.4179715978,107898.4179715978,0.0,0.0,4,9,f0b25c7ca1c1953a17e42b09de8304d17c8871c414f45a758f88ad4ed59cc053
71,q01,0.5844748596130233,0.5844748596130233,Payment-Certified N-1 Verifier,107143.70187139598,107159.18654544525,15.484674049264868,0.0,4,9,f0b25c7ca1c1953a17e42b09de8304d17c8871c414f45a758f88ad4ed59cc053
71,q01,0.5844748596130233,0.5844748596130233,Selected Single Feasible Projection,107159.18654544525,107159.18654544525,0.0,0.0,4,9,f0b25c7ca1c1953a17e42b09de8304d17c8871c414f45a758f88ad4ed59cc053
71,q99-cap,1.1498888413904444,2.6930887095833507,Payment-Certified N-1 Verifier,108288.02601358671,108318.05564215999,30.029628573276568,0.0,4,9,f0b25c7ca1c1953a17e42b09de8304d17c8871c414f45a758f88ad4ed59cc053
71,q99-cap,1.1498888413904444,2.6930887095833507,Selected Single Feasible Projection,108318.05564215999,108318.05564215999,0.0,0.0,4,9,f0b25c7ca1c1953a17e42b09de8304d17c8871c414f45a758f88ad4ed59cc053
72,q01,0.5844748596130233,0.5844748596130233,Payment-Certified N-1 Verifier,106864.64413689778,106882.6549841577,18.01084725992405,0.0,4,9,f0b25c7ca1c1953a17e42b09de8304d17c8871c414f45a758f88ad4ed59cc053
72,q01,0.5844748596130233,0.5844748596130233,Selected Single Feasible Projection,106882.6549841577,106882.6549841577,0.0,0.0,4,9,f0b25c7ca1c1953a17e42b09de8304d17c8871c414f45a758f88ad4ed59cc053
72,q99-cap,1.1498888413904444,2.6930887095833507,Payment-Certified N-1 Verifier,107737.06483576896,107771.99350470437,34.92866893540486,0.0,4,9,f0b25c7ca1c1953a17e42b09de8304d17c8871c414f45a758f88ad4ed59cc053
72,q99-cap,1.1498888413904444,2.6930887095833507,Selected Single Feasible Projection,107771.99350470437,107771.99350470437,0.0,0.0,4,9,f0b25c7ca1c1953a17e42b09de8304d17c8871c414f45a758f88ad4ed59cc053
73,q01,0.5844748596130233,0.5844748596130233,Payment-Certified N-1 Verifier,106993.38161752041,107016.82272387255,23.441106352140196,0.0,4,9,f0b25c7ca1c1953a17e42b09de8304d17c8871c414f45a758f88ad4ed59cc053
73,q01,0.5844748596130233,0.5844748596130233,Selected Single Feasible Projection,107016.82272387255,107016.82272387255,0.0,0.0,4,9,f0b25c7ca1c1953a17e42b09de8304d17c8871c414f45a758f88ad4ed59cc053
73,q99-cap,1.1498888413904444,2.6930887095833507,Payment-Certified N-1 Verifier,107991.13690840219,108036.46077798234,45.32386958015559,0.0,4,9,f0b25c7ca1c1953a17e42b09de8304d17c8871c414f45a758f88ad4ed59cc053
73,q99-cap,1.1498888413904444,2.6930887095833507,Selected Single Feasible Projection,108036.46077798234,108036.46077798234,0.0,0.0,4,9,f0b25c7ca1c1953a17e42b09de8304d17c8871c414f45a758f88ad4ed59cc053
74,q01,0.5844748596130233,0.5844748596130233,Payment-Certified N-1 Verifier,106770.3225703652,106780.4751378281,10.152567462908337,0.0,4,9,f0b25c7ca1c1953a17e42b09de8304d17c8871c414f45a758f88ad4ed59cc053
74,q01,0.5844748596130233,0.5844748596130233,Selected Single Feasible Projection,106780.4751378281,106780.4751378281,0.0,0.0,4,9,f0b25c7ca1c1953a17e42b09de8304d17c8871c414f45a758f88ad4ed59cc053
74,q99-cap,1.1498888413904444,2.6930887095833507,Payment-Certified N-1 Verifier,107551.7909888147,107571.13007761189,19.339088797190925,0.0,4,9,f0b25c7ca1c1953a17e42b09de8304d17c8871c414f45a758f88ad4ed59cc053
74,q99-cap,1.1498888413904444,2.6930887095833507,Selected Single Feasible Projection,107571.13007761189,107571.13007761189,0.0,0.0,4,9,f0b25c7ca1c1953a17e42b09de8304d17c8871c414f45a758f88ad4ed59cc053
75,q01,0.5844748596130233,0.5844748596130233,Payment-Certified N-1 Verifier,107202.39477507338,107252.48451535548,50.08974028209923,0.0,4,9,f0b25c7ca1c1953a17e42b09de8304d17c8871c414f45a758f88ad4ed59cc053
75,q01,0.5844748596130233,0.5844748596130233,Selected Single Feasible Projection,107252.48451535548,107252.48451535548,0.0,0.0,4,9,f0b25c7ca1c1953a17e42b09de8304d17c8871c414f45a758f88ad4ed59cc053
75,q99-cap,1.1498888413904444,2.6930887095833507,Payment-Certified N-1 Verifier,108410.5186213801,108508.46964228804,97.9510209079308,0.0,4,9,f0b25c7ca1c1953a17e42b09de8304d17c8871c414f45a758f88ad4ed59cc053
75,q99-cap,1.1498888413904444,2.6930887095833507,Selected Single Feasible Projection,108508.46964228804,108508.46964228804,0.0,0.0,4,9,f0b25c7ca1c1953a17e42b09de8304d17c8871c414f45a758f88ad4ed59cc053
76,q01,0.5844748596130233,0.5844748596130233,Payment-Certified N-1 Verifier,106817.25182575054,106819.98584872062,2.734022970078513,0.0,4,9,f0b25c7ca1c1953a17e42b09de8304d17c8871c414f45a758f88ad4ed59cc053
76,q01,0.5844748596130233,0.5844748596130233,Selected Single Feasible Projection,106819.98584872062,106819.98584872062,0.0,0.0,4,9,f0b25c7ca1c1953a17e42b09de8304d17c8871c414f45a758f88ad4ed59cc053
76,q99-cap,1.1498888413904444,2.6930887095833507,Payment-Certified N-1 Verifier,107645.6967428253,107648.77992636786,3.083183542563347,0.0,4,9,f0b25c7ca1c1953a17e42b09de8304d17c8871c414f45a758f88ad4ed59cc053
76,q99-cap,1.1498888413904444,2.6930887095833507,Selected Single Feasible Projection,107648.77992636786,107648.77992636786,0.0,0.0,4,9,f0b25c7ca1c1953a17e42b09de8304d17c8871c414f45a758f88ad4ed59cc053
77,q01,0.5844748596130233,0.5844748596130233,Payment-Certified N-1 Verifier,106413.75914359569,106413.75914359569,0.0,0.0,4,9,f0b25c7ca1c1953a17e42b09de8304d17c8871c414f45a758f88ad4ed59cc053
77,q01,0.5844748596130233,0.5844748596130233,Selected Single Feasible Projection,106413.75914359569,106413.75914359569,0.0,0.0,4,9,f0b25c7ca1c1953a17e42b09de8304d17c8871c414f45a758f88ad4ed59cc053
77,q99-cap,1.1498888413904444,2.6930887095833507,Payment-Certified N-1 Verifier,106847.9370431517,106847.9370431517,0.0,0.0,4,9,f0b25c7ca1c1953a17e42b09de8304d17c8871c414f45a758f88ad4ed59cc053
77,q99-cap,1.1498888413904444,2.6930887095833507,Selected Single Feasible Projection,106847.9370431517,106847.9370431517,0.0,0.0,4,9,f0b25c7ca1c1953a17e42b09de8304d17c8871c414f45a758f88ad4ed59cc053
78,q01,0.5844748596130233,0.5844748596130233,Payment-Certified N-1 Verifier,106551.50649092422,106558.81755545082,7.311064526598784,0.0,4,9,f0b25c7ca1c1953a17e42b09de8304d17c8871c414f45a758f88ad4ed59cc053
78,q01,0.5844748596130233,0.5844748596130233,Selected Single Feasible Projection,106558.81755545082,106558.81755545082,0.0,0.0,4,9,f0b25c7ca1c1953a17e42b09de8304d17c8871c414f45a758f88ad4ed59cc053
78,q99-cap,1.1498888413904444,2.6930887095833507,Payment-Certified N-1 Verifier,107119.30107764772,107133.47004915788,14.168971510167466,0.0,4,9,f0b25c7ca1c1953a17e42b09de8304d17c8871c414f45a758f88ad4ed59cc053
78,q99-cap,1.1498888413904444,2.6930887095833507,Selected Single Feasible Projection,107133.47004915788,107133.47004915788,0.0,0.0,4,9,f0b25c7ca1c1953a17e42b09de8304d17c8871c414f45a758f88ad4ed59cc053
79,q01,0.5844748596130233,0.5844748596130233,Payment-Certified N-1 Verifier,107231.54795744462,107262.19583599974,30.647878555115312,0.0,4,9,f0b25c7ca1c1953a17e42b09de8304d17c8871c414f45a758f88ad4ed59cc053
79,q01,0.5844748596130233,0.5844748596130233,Selected Single Feasible Projection,107262.19583599974,107262.19583599974,0.0,0.0,4,9,f0b25c7ca1c1953a17e42b09de8304d17c8871c414f45a758f88ad4ed59cc053
79,q99-cap,1.1498888413904444,2.6930887095833507,Payment-Certified N-1 Verifier,108507.86779426565,108569.02028934691,61.152495081259985,0.0,4,9,f0b25c7ca1c1953a17e42b09de8304d17c8871c414f45a758f88ad4ed59cc053
79,q99-cap,1.1498888413904444,2.6930887095833507,Selected Single Feasible Projection,108569.02028934691,108569.02028934691,0.0,0.0,4,9,f0b25c7ca1c1953a17e42b09de8304d17c8871c414f45a758f88ad4ed59cc053
80,q01,0.5844748596130233,0.5844748596130233,Payment-Certified N-1 Verifier,106866.18498116426,106884.43301511052,18.248033946263604,0.0,4,9,f0b25c7ca1c1953a17e42b09de8304d17c8871c414f45a758f88ad4ed59cc053
80,q01,0.5844748596130233,0.5844748596130233,Selected Single Feasible Projection,106884.43301511052,106884.43301511052,0.0,0.0,4,9,f0b25c7ca1c1953a17e42b09de8304d17c8871c414f45a758f88ad4ed59cc053
80,q99-cap,1.1498888413904444,2.6930887095833507,Payment-Certified N-1 Verifier,107740.0860084462,107775.77405143104,35.68804298483883,0.0,4,9,f0b25c7ca1c1953a17e42b09de8304d17c8871c414f45a758f88ad4ed59cc053
80,q99-cap,1.1498888413904444,2.6930887095833507,Selected Single Feasible Projection,107775.77405143104,107775.77405143104,0.0,0.0,4,9,f0b25c7ca1c1953a17e42b09de8304d17c8871c414f45a758f88ad4ed59cc053
81,q01,0.5844748596130233,0.5844748596130233,Payment-Certified N-1 Verifier,107686.19774140396,107686.35361770132,0.15587629735819064,0.0,4,9,f0b25c7ca1c1953a17e42b09de8304d17c8871c414f45a758f88ad4ed59cc053
81,q01,0.5844748596130233,0.5844748596130233,Selected Single Feasible Projection,107686.35361770132,107686.35361770132,0.0,0.0,4,9,f0b25c7ca1c1953a17e42b09de8304d17c8871c414f45a758f88ad4ed59cc053
81,q99-cap,1.1498888413904444,2.6930887095833507,Payment-Certified N-1 Verifier,109390.72398108077,109391.030650271,0.3066691902349703,0.0,4,9,f0b25c7ca1c1953a17e42b09de8304d17c8871c414f45a758f88ad4ed59cc053
81,q99-cap,1.1498888413904444,2.6930887095833507,Selected Single Feasible Projection,109391.030650271,109391.030650271,0.0,0.0,4,9,f0b25c7ca1c1953a17e42b09de8304d17c8871c414f45a758f88ad4ed59cc053
82,q01,0.5844748596130233,0.5844748596130233,Payment-Certified N-1 Verifier,106846.44693437542,106872.24650451602,25.799570140603464,0.0,4,9,f0b25c7ca1c1953a17e42b09de8304d17c8871c414f45a758f88ad4ed59cc053
82,q01,0.5844748596130233,0.5844748596130233,Selected Single Feasible Projection,106872.24650451602,106872.24650451602,0.0,0.0,4,9,f0b25c7ca1c1953a17e42b09de8304d17c8871c414f45a758f88ad4ed59cc053
82,q99-cap,1.1498888413904444,2.6930887095833507,Payment-Certified N-1 Verifier,107701.77287058003,107751.49367709279,49.720806512763374,0.0,4,9,f0b25c7ca1c1953a17e42b09de8304d17c8871c414f45a758f88ad4ed59cc053
82,q99-cap,1.1498888413904444,2.6930887095833507,Selected Single Feasible Projection,107751.49367709279,107751.49367709279,0.0,0.0,4,9,f0b25c7ca1c1953a17e42b09de8304d17c8871c414f45a758f88ad4ed59cc053
83,q01,0.5844748596130233,0.5844748596130233,Payment-Certified N-1 Verifier,106484.87230423382,106485.30615615197,0.4338519181474112,0.0,4,9,f0b25c7ca1c1953a17e42b09de8304d17c8871c414f45a758f88ad4ed59cc053
83,q01,0.5844748596130233,0.5844748596130233,Selected Single Feasible Projection,106485.30615615197,106485.30615615197,0.0,0.0,4,9,f0b25c7ca1c1953a17e42b09de8304d17c8871c414f45a758f88ad4ed59cc053
83,q99-cap,1.1498888413904444,2.6930887095833507,Payment-Certified N-1 Verifier,106988.02775288516,106988.55316384885,0.5254109636880457,0.0,4,9,f0b25c7ca1c1953a17e42b09de8304d17c8871c414f45a758f88ad4ed59cc053
83,q99-cap,1.1498888413904444,2.6930887095833507,Selected Single Feasible Projection,106988.55316384885,106988.55316384885,0.0,0.0,4,9,f0b25c7ca1c1953a17e42b09de8304d17c8871c414f45a758f88ad4ed59cc053
84,q01,0.5844748596130233,0.5844748596130233,Payment-Certified N-1 Verifier,106456.21224806266,106456.2122483461,2.8344220481812954e-07,0.0,4,9,f0b25c7ca1c1953a17e42b09de8304d17c8871c414f45a758f88ad4ed59cc053
84,q01,0.5844748596130233,0.5844748596130233,Selected Single Feasible Projection,106456.2122483461,106456.2122483461,0.0,0.0,4,9,f0b25c7ca1c1953a17e42b09de8304d17c8871c414f45a758f88ad4ed59cc053
84,q99-cap,1.1498888413904444,2.6930887095833507,Payment-Certified N-1 Verifier,106931.31415739006,106931.31415794774,5.576730472967029e-07,0.0,4,9,f0b25c7ca1c1953a17e42b09de8304d17c8871c414f45a758f88ad4ed59cc053
84,q99-cap,1.1498888413904444,2.6930887095833507,Selected Single Feasible Projection,106931.31415794774,106931.31415794774,0.0,0.0,4,9,f0b25c7ca1c1953a17e42b09de8304d17c8871c414f45a758f88ad4ed59cc053
85,q01,0.5844748596130233,0.5844748596130233,Payment-Certified N-1 Verifier,106946.46287247492,106984.7940626334,38.33119015848206,0.0,4,9,f0b25c7ca1c1953a17e42b09de8304d17c8871c414f45a758f88ad4ed59cc053
85,q01,0.5844748596130233,0.5844748596130233,Selected Single Feasible Projection,106984.7940626334,106984.7940626334,0.0,0.0,4,9,f0b25c7ca1c1953a17e42b09de8304d17c8871c414f45a758f88ad4ed59cc053
85,q99-cap,1.1498888413904444,2.6930887095833507,Payment-Certified N-1 Verifier,107898.97994369586,107973.3352825983,74.35533890244551,0.0,4,9,f0b25c7ca1c1953a17e42b09de8304d17c8871c414f45a758f88ad4ed59cc053
85,q99-cap,1.1498888413904444,2.6930887095833507,Selected Single Feasible Projection,107973.3352825983,107973.3352825983,0.0,0.0,4,9,f0b25c7ca1c1953a17e42b09de8304d17c8871c414f45a758f88ad4ed59cc053
86,q01,0.5844748596130233,0.5844748596130233,Payment-Certified N-1 Verifier,106790.22182928963,106822.70969442249,32.48786513286177,0.0,4,9,f0b25c7ca1c1953a17e42b09de8304d17c8871c414f45a758f88ad4ed59cc053
86,q01,0.5844748596130233,0.5844748596130233,Selected Single Feasible Projection,106822.70969442249,106822.70969442249,0.0,0.0,4,9,f0b25c7ca1c1953a17e42b09de8304d17c8871c414f45a758f88ad4ed59cc053
86,q99-cap,1.1498888413904444,2.6930887095833507,Payment-Certified N-1 Verifier,107590.62226793269,107653.85691643675,63.234648504061624,0.0,4,9,f0b25c7ca1c1953a17e42b09de8304d17c8871c414f45a758f88ad4ed59cc053
86,q99-cap,1.1498888413904444,2.6930887095833507,Selected Single Feasible Projection,107653.85691643675,107653.85691643675,0.0,0.0,4,9,f0b25c7ca1c1953a17e42b09de8304d17c8871c414f45a758f88ad4ed59cc053
87,q01,0.5844748596130233,0.5844748596130233,Payment-Certified N-1 Verifier,107205.9143675732,107207.93326014797,2.0188925747643225,0.0,4,9,f0b25c7ca1c1953a17e42b09de8304d17c8871c414f45a758f88ad4ed59cc053
87,q01,0.5844748596130233,0.5844748596130233,Selected Single Feasible Projection,107207.93326014797,107207.93326014797,0.0,0.0,4,9,f0b25c7ca1c1953a17e42b09de8304d17c8871c414f45a758f88ad4ed59cc053
87,q99-cap,1.1498888413904444,2.6930887095833507,Payment-Certified N-1 Verifier,108411.21471462536,108414.88842115433,3.673706528978073,0.0,4,9,f0b25c7ca1c1953a17e42b09de8304d17c8871c414f45a758f88ad4ed59cc053
87,q99-cap,1.1498888413904444,2.6930887095833507,Selected Single Feasible Projection,108414.88842115433,108414.88842115433,0.0,0.0,4,9,f0b25c7ca1c1953a17e42b09de8304d17c8871c414f45a758f88ad4ed59cc053
88,q01,0.5844748596130233,0.5844748596130233,Payment-Certified N-1 Verifier,106812.50763863466,106841.10153384489,28.593895210229675,0.0,4,9,f0b25c7ca1c1953a17e42b09de8304d17c8871c414f45a758f88ad4ed59cc053
88,q01,0.5844748596130233,0.5844748596130233,Selected Single Feasible Projection,106841.10153384489,106841.10153384489,0.0,0.0,4,9,f0b25c7ca1c1953a17e42b09de8304d17c8871c414f45a758f88ad4ed59cc053
88,q99-cap,1.1498888413904444,2.6930887095833507,Payment-Certified N-1 Verifier,107634.23513384446,107689.41933675259,55.18420290813083,0.0,4,9,f0b25c7ca1c1953a17e42b09de8304d17c8871c414f45a758f88ad4ed59cc053
88,q99-cap,1.1498888413904444,2.6930887095833507,Selected Single Feasible Projection,107689.41933675259,107689.41933675259,0.0,0.0,4,9,f0b25c7ca1c1953a17e42b09de8304d17c8871c414f45a758f88ad4ed59cc053
89,q01,0.5844748596130233,0.5844748596130233,Payment-Certified N-1 Verifier,106563.32039009099,106563.32039008956,-1.4260876923799515e-09,1.4260876923799515e-09,4,9,f0b25c7ca1c1953a17e42b09de8304d17c8871c414f45a758f88ad4ed59cc053
89,q01,0.5844748596130233,0.5844748596130233,Selected Single Feasible Projection,106563.32039008956,106563.32039008956,0.0,0.0,4,9,f0b25c7ca1c1953a17e42b09de8304d17c8871c414f45a758f88ad4ed59cc053
89,q99-cap,1.1498888413904444,2.6930887095833507,Payment-Certified N-1 Verifier,107142.08116826016,107142.08116825711,-3.055902197957039e-09,3.055902197957039e-09,4,9,f0b25c7ca1c1953a17e42b09de8304d17c8871c414f45a758f88ad4ed59cc053
89,q99-cap,1.1498888413904444,2.6930887095833507,Selected Single Feasible Projection,107142.08116825711,107142.08116825711,0.0,0.0,4,9,f0b25c7ca1c1953a17e42b09de8304d17c8871c414f45a758f88ad4ed59cc053
90,q01,0.5844748596130233,0.5844748596130233,Payment-Certified N-1 Verifier,106457.55254800899,106457.55254800899,0.0,0.0,4,9,f0b25c7ca1c1953a17e42b09de8304d17c8871c414f45a758f88ad4ed59cc053
90,q01,0.5844748596130233,0.5844748596130233,Selected Single Feasible Projection,106457.55254800899,106457.55254800899,0.0,0.0,4,9,f0b25c7ca1c1953a17e42b09de8304d17c8871c414f45a758f88ad4ed59cc053
90,q99-cap,1.1498888413904444,2.6930887095833507,Payment-Certified N-1 Verifier,106933.95104745831,106933.95104745831,0.0,0.0,4,9,f0b25c7ca1c1953a17e42b09de8304d17c8871c414f45a758f88ad4ed59cc053
90,q99-cap,1.1498888413904444,2.6930887095833507,Selected Single Feasible Projection,106933.95104745831,106933.95104745831,0.0,0.0,4,9,f0b25c7ca1c1953a17e42b09de8304d17c8871c414f45a758f88ad4ed59cc053
91,q01,0.5844748596130233,0.5844748596130233,Payment-Certified N-1 Verifier,107010.4831334284,107016.0738318437,5.5906984153116355,0.0,4,9,f0b25c7ca1c1953a17e42b09de8304d17c8871c414f45a758f88ad4ed59cc053
91,q01,0.5844748596130233,0.5844748596130233,Selected Single Feasible Projection,107016.0738318437,107016.0738318437,0.0,0.0,4,9,f0b25c7ca1c1953a17e42b09de8304d17c8871c414f45a758f88ad4ed59cc053
91,q99-cap,1.1498888413904444,2.6930887095833507,Payment-Certified N-1 Verifier,108042.17300639933,108051.59918518769,9.426178788358811,0.0,4,9,f0b25c7ca1c1953a17e42b09de8304d17c8871c414f45a758f88ad4ed59cc053
91,q99-cap,1.1498888413904444,2.6930887095833507,Selected Single Feasible Projection,108051.59918518769,108051.59918518769,0.0,0.0,4,9,f0b25c7ca1c1953a17e42b09de8304d17c8871c414f45a758f88ad4ed59cc053
92,q01,0.5844748596130233,0.5844748596130233,Payment-Certified N-1 Verifier,106457.56121262794,106457.5612126248,-3.14321368932724e-09,3.14321368932724e-09,4,9,f0b25c7ca1c1953a17e42b09de8304d17c8871c414f45a758f88ad4ed59cc053
92,q01,0.5844748596130233,0.5844748596130233,Selected Single Feasible Projection,106457.5612126248,106457.5612126248,0.0,0.0,4,9,f0b25c7ca1c1953a17e42b09de8304d17c8871c414f45a758f88ad4ed59cc053
92,q99-cap,1.1498888413904444,2.6930887095833507,Payment-Certified N-1 Verifier,106934.10456703248,106934.10456702519,-7.290509529411793e-09,7.290509529411793e-09,4,9,f0b25c7ca1c1953a17e42b09de8304d17c8871c414f45a758f88ad4ed59cc053
92,q99-cap,1.1498888413904444,2.6930887095833507,Selected Single Feasible Projection,106934.10456702519,106934.10456702519,0.0,0.0,4,9,f0b25c7ca1c1953a17e42b09de8304d17c8871c414f45a758f88ad4ed59cc053
93,q01,0.5844748596130233,0.5844748596130233,Payment-Certified N-1 Verifier,106431.3326857992,106431.3326857992,0.0,0.0,4,9,f0b25c7ca1c1953a17e42b09de8304d17c8871c414f45a758f88ad4ed59cc053
93,q01,0.5844748596130233,0.5844748596130233,Selected Single Feasible Projection,106431.3326857992,106431.3326857992,0.0,0.0,4,9,f0b25c7ca1c1953a17e42b09de8304d17c8871c414f45a758f88ad4ed59cc053
93,q99-cap,1.1498888413904444,2.6930887095833507,Payment-Certified N-1 Verifier,106882.36640445449,106882.36640445447,-1.4551915228366852e-11,1.4551915228366852e-11,4,9,f0b25c7ca1c1953a17e42b09de8304d17c8871c414f45a758f88ad4ed59cc053
93,q99-cap,1.1498888413904444,2.6930887095833507,Selected Single Feasible Projection,106882.36640445447,106882.36640445447,0.0,0.0,4,9,f0b25c7ca1c1953a17e42b09de8304d17c8871c414f45a758f88ad4ed59cc053
94,q01,0.5844748596130233,0.5844748596130233,Payment-Certified N-1 Verifier,106375.85967775987,106375.85967775987,0.0,0.0,4,9,f0b25c7ca1c1953a17e42b09de8304d17c8871c414f45a758f88ad4ed59cc053
94,q01,0.5844748596130233,0.5844748596130233,Selected Single Feasible Projection,106375.85967775987,106375.85967775987,0.0,0.0,4,9,f0b25c7ca1c1953a17e42b09de8304d17c8871c414f45a758f88ad4ed59cc053
94,q99-cap,1.1498888413904444,2.6930887095833507,Payment-Certified N-1 Verifier,106773.22947256829,106773.22947256829,0.0,0.0,4,9,f0b25c7ca1c1953a17e42b09de8304d17c8871c414f45a758f88ad4ed59cc053
94,q99-cap,1.1498888413904444,2.6930887095833507,Selected Single Feasible Projection,106773.22947256829,106773.22947256829,0.0,0.0,4,9,f0b25c7ca1c1953a17e42b09de8304d17c8871c414f45a758f88ad4ed59cc053
95,q01,0.5844748596130233,0.5844748596130233,Payment-Certified N-1 Verifier,106521.21660459123,106521.21660459123,0.0,0.0,4,9,f0b25c7ca1c1953a17e42b09de8304d17c8871c414f45a758f88ad4ed59cc053
95,q01,0.5844748596130233,0.5844748596130233,Selected Single Feasible Projection,106521.21660459123,106521.21660459123,0.0,0.0,4,9,f0b25c7ca1c1953a17e42b09de8304d17c8871c414f45a758f88ad4ed59cc053
95,q99-cap,1.1498888413904444,2.6930887095833507,Payment-Certified N-1 Verifier,107060.04163839645,107060.04163839645,0.0,0.0,4,9,f0b25c7ca1c1953a17e42b09de8304d17c8871c414f45a758f88ad4ed59cc053
95,q99-cap,1.1498888413904444,2.6930887095833507,Selected Single Feasible Projection,107060.04163839645,107060.04163839645,0.0,0.0,4,9,f0b25c7ca1c1953a17e42b09de8304d17c8871c414f45a758f88ad4ed59cc053
96,q01,0.5844748596130233,0.5844748596130233,Payment-Certified N-1 Verifier,106393.85518993685,106393.85518993685,0.0,0.0,4,9,f0b25c7ca1c1953a17e42b09de8304d17c8871c414f45a758f88ad4ed59cc053
96,q01,0.5844748596130233,0.5844748596130233,Selected Single Feasible Projection,106393.85518993685,106393.85518993685,0.0,0.0,4,9,f0b25c7ca1c1953a17e42b09de8304d17c8871c414f45a758f88ad4ed59cc053
96,q99-cap,1.1498888413904444,2.6930887095833507,Payment-Certified N-1 Verifier,106808.63362778055,106808.63362778055,0.0,0.0,4,9,f0b25c7ca1c1953a17e42b09de8304d17c8871c414f45a758f88ad4ed59cc053
96,q99-cap,1.1498888413904444,2.6930887095833507,Selected Single Feasible Projection,106808.63362778055,106808.63362778055,0.0,0.0,4,9,f0b25c7ca1c1953a17e42b09de8304d17c8871c414f45a758f88ad4ed59cc053
97,q01,0.5844748596130233,0.5844748596130233,Payment-Certified N-1 Verifier,106386.45445698475,106386.45445698475,0.0,0.0,4,9,f0b25c7ca1c1953a17e42b09de8304d17c8871c414f45a758f88ad4ed59cc053
97,q01,0.5844748596130233,0.5844748596130233,Selected Single Feasible Projection,106386.45445698475,106386.45445698475,0.0,0.0,4,9,f0b25c7ca1c1953a17e42b09de8304d17c8871c414f45a758f88ad4ed59cc053
97,q99-cap,1.1498888413904444,2.6930887095833507,Payment-Certified N-1 Verifier,106794.07351437319,106794.07351437319,0.0,0.0,4,9,f0b25c7ca1c1953a17e42b09de8304d17c8871c414f45a758f88ad4ed59cc053
97,q99-cap,1.1498888413904444,2.6930887095833507,Selected Single Feasible Projection,106794.07351437319,106794.07351437319,0.0,0.0,4,9,f0b25c7ca1c1953a17e42b09de8304d17c8871c414f45a758f88ad4ed59cc053
98,q01,0.5844748596130233,0.5844748596130233,Payment-Certified N-1 Verifier,106389.11969409659,106389.11969409659,0.0,0.0,4,9,f0b25c7ca1c1953a17e42b09de8304d17c8871c414f45a758f88ad4ed59cc053
98,q01,0.5844748596130233,0.5844748596130233,Selected Single Feasible Projection,106389.11969409659,106389.11969409659,0.0,0.0,4,9,f0b25c7ca1c1953a17e42b09de8304d17c8871c414f45a758f88ad4ed59cc053
98,q99-cap,1.1498888413904444,2.6930887095833507,Payment-Certified N-1 Verifier,106799.3170699584,106799.3170699584,0.0,0.0,4,9,f0b25c7ca1c1953a17e42b09de8304d17c8871c414f45a758f88ad4ed59cc053
98,q99-cap,1.1498888413904444,2.6930887095833507,Selected Single Feasible Projection,106799.3170699584,106799.3170699584,0.0,0.0,4,9,f0b25c7ca1c1953a17e42b09de8304d17c8871c414f45a758f88ad4ed59cc053
99,q01,0.5844748596130233,0.5844748596130233,Payment-Certified N-1 Verifier,106382.01235340264,106382.01235340264,0.0,0.0,4,9,f0b25c7ca1c1953a17e42b09de8304d17c8871c414f45a758f88ad4ed59cc053
99,q01,0.5844748596130233,0.5844748596130233,Selected Single Feasible Projection,106382.01235340264,106382.01235340264,0.0,0.0,4,9,f0b25c7ca1c1953a17e42b09de8304d17c8871c414f45a758f88ad4ed59cc053
99,q99-cap,1.1498888413904444,2.6930887095833507,Payment-Certified N-1 Verifier,106785.33417296717,106785.33417296717,0.0,0.0,4,9,f0b25c7ca1c1953a17e42b09de8304d17c8871c414f45a758f88ad4ed59cc053
99,q99-cap,1.1498888413904444,2.6930887095833507,Selected Single Feasible Projection,106785.33417296717,106785.33417296717,0.0,0.0,4,9,f0b25c7ca1c1953a17e42b09de8304d17c8871c414f45a758f88ad4ed59cc053
100,q01,0.5844748596130233,0.5844748596130233,Payment-Certified N-1 Verifier,106378.9647333575,106378.9647333575,0.0,0.0,4,9,f0b25c7ca1c1953a17e42b09de8304d17c8871c414f45a758f88ad4ed59cc053
100,q01,0.5844748596130233,0.5844748596130233,Selected Single Feasible Projection,106378.9647333575,106378.9647333575,0.0,0.0,4,9,f0b25c7ca1c1953a17e42b09de8304d17c8871c414f45a758f88ad4ed59cc053
100,q99-cap,1.1498888413904444,2.6930887095833507,Payment-Certified N-1 Verifier,106779.33832177694,106779.33832177694,0.0,0.0,4,9,f0b25c7ca1c1953a17e42b09de8304d17c8871c414f45a758f88ad4ed59cc053
100,q99-cap,1.1498888413904444,2.6930887095833507,Selected Single Feasible Projection,106779.33832177694,106779.33832177694,0.0,0.0,4,9,f0b25c7ca1c1953a17e42b09de8304d17c8871c414f45a758f88ad4ed59cc053
101,q01,0.5844748596130233,0.5844748596130233,Payment-Certified N-1 Verifier,106783.88224301502,106830.344713549,46.462470533981104,0.0,4,9,f0b25c7ca1c1953a17e42b09de8304d17c8871c414f45a758f88ad4ed59cc053
101,q01,0.5844748596130233,0.5844748596130233,Selected Single Feasible Projection,106830.344713549,106830.344713549,0.0,0.0,4,9,f0b25c7ca1c1953a17e42b09de8304d17c8871c414f45a758f88ad4ed59cc053
101,q99-cap,1.1498888413904444,2.6930887095833507,Payment-Certified N-1 Verifier,107577.0144576932,107672.78392195821,95.76946426500217,0.0,4,9,f0b25c7ca1c1953a17e42b09de8304d17c8871c414f45a758f88ad4ed59cc053
101,q99-cap,1.1498888413904444,2.6930887095833507,Selected Single Feasible Projection,107672.78392195821,107672.78392195821,0.0,0.0,4,9,f0b25c7ca1c1953a17e42b09de8304d17c8871c414f45a758f88ad4ed59cc053
102,q01,0.5844748596130233,0.5844748596130233,Payment-Certified N-1 Verifier,106553.26232364168,106561.22091427271,7.958590631023981,0.0,4,9,f0b25c7ca1c1953a17e42b09de8304d17c8871c414f45a758f88ad4ed59cc053
102,q01,0.5844748596130233,0.5844748596130233,Selected Single Feasible Projection,106561.22091427271,106561.22091427271,0.0,0.0,4,9,f0b25c7ca1c1953a17e42b09de8304d17c8871c414f45a758f88ad4ed59cc053
102,q99-cap,1.1498888413904444,2.6930887095833507,Payment-Certified N-1 Verifier,107123.34458992927,107138.74563832684,15.401048397572595,0.0,4,9,f0b25c7ca1c1953a17e42b09de8304d17c8871c414f45a758f88ad4ed59cc053
102,q99-cap,1.1498888413904444,2.6930887095833507,Selected Single Feasible Projection,107138.74563832684,107138.74563832684,0.0,0.0,4,9,f0b25c7ca1c1953a17e42b09de8304d17c8871c414f45a758f88ad4ed59cc053
103,q01,0.5844748596130233,0.5844748596130233,Payment-Certified N-1 Verifier,106480.72070399504,106502.21510241448,21.494398419439676,0.0,4,9,f0b25c7ca1c1953a17e42b09de8304d17c8871c414f45a758f88ad4ed59cc053
103,q01,0.5844748596130233,0.5844748596130233,Selected Single Feasible Projection,106502.21510241448,106502.21510241448,0.0,0.0,4,9,f0b25c7ca1c1953a17e42b09de8304d17c8871c414f45a758f88ad4ed59cc053
103,q99-cap,1.1498888413904444,2.6930887095833507,Payment-Certified N-1 Verifier,106980.15225825885,107022.65831050255,42.50605224369792,0.0,4,9,f0b25c7ca1c1953a17e42b09de8304d17c8871c414f45a758f88ad4ed59cc053
103,q99-cap,1.1498888413904444,2.6930887095833507,Selected Single Feasible Projection,107022.65831050255,107022.65831050255,0.0,0.0,4,9,f0b25c7ca1c1953a17e42b09de8304d17c8871c414f45a758f88ad4ed59cc053
104,q01,0.5844748596130233,0.5844748596130233,Payment-Certified N-1 Verifier,106367.20781927899,106367.20781927899,0.0,0.0,4,9,f0b25c7ca1c1953a17e42b09de8304d17c8871c414f45a758f88ad4ed59cc053
104,q01,0.5844748596130233,0.5844748596130233,Selected Single Feasible Projection,106367.20781927899,106367.20781927899,0.0,0.0,4,9,f0b25c7ca1c1953a17e42b09de8304d17c8871c414f45a758f88ad4ed59cc053
104,q99-cap,1.1498888413904444,2.6930887095833507,Payment-Certified N-1 Verifier,106756.20790977427,106756.20790977427,0.0,0.0,4,9,f0b25c7ca1c1953a17e42b09de8304d17c8871c414f45a758f88ad4ed59cc053
104,q99-cap,1.1498888413904444,2.6930887095833507,Selected Single Feasible Projection,106756.20790977427,106756.20790977427,0.0,0.0,4,9,f0b25c7ca1c1953a17e42b09de8304d17c8871c414f45a758f88ad4ed59cc053
105,q01,0.5844748596130233,0.5844748596130233,Payment-Certified N-1 Verifier,106409.87490049297,106412.20994214219,2.335041649217601,0.0,4,9,f0b25c7ca1c1953a17e42b09de8304d17c8871c414f45a758f88ad4ed59cc053
105,q01,0.5844748596130233,0.5844748596130233,Selected Single Feasible Projection,106412.20994214219,106412.20994214219,0.0,0.0,4,9,f0b25c7ca1c1953a17e42b09de8304d17c8871c414f45a758f88ad4ed59cc053
105,q99-cap,1.1498888413904444,2.6930887095833507,Payment-Certified N-1 Verifier,106840.15061453852,106844.89040364356,4.739789105035015,0.0,4,9,f0b25c7ca1c1953a17e42b09de8304d17c8871c414f45a758f88ad4ed59cc053
105,q99-cap,1.1498888413904444,2.6930887095833507,Selected Single Feasible Projection,106844.89040364356,106844.89040364356,0.0,0.0,4,9,f0b25c7ca1c1953a17e42b09de8304d17c8871c414f45a758f88ad4ed59cc053
106,q01,0.5844748596130233,0.5844748596130233,Payment-Certified N-1 Verifier,106374.22535739739,106374.22535739739,0.0,0.0,4,9,f0b25c7ca1c1953a17e42b09de8304d17c8871c414f45a758f88ad4ed59cc053
106,q01,0.5844748596130233,0.5844748596130233,Selected Single Feasible Projection,106374.22535739739,106374.22535739739,0.0,0.0,4,9,f0b25c7ca1c1953a17e42b09de8304d17c8871c414f45a758f88ad4ed59cc053
106,q99-cap,1.1498888413904444,2.6930887095833507,Payment-Certified N-1 Verifier,106770.01413025342,106770.01413025342,0.0,0.0,4,9,f0b25c7ca1c1953a17e42b09de8304d17c8871c414f45a758f88ad4ed59cc053
106,q99-cap,1.1498888413904444,2.6930887095833507,Selected Single Feasible Projection,106770.01413025342,106770.01413025342,0.0,0.0,4,9,f0b25c7ca1c1953a17e42b09de8304d17c8871c414f45a758f88ad4ed59cc053
107,q01,0.5844748596130233,0.5844748596130233,Payment-Certified N-1 Verifier,106435.10992434635,106435.10992434635,0.0,0.0,4,9,f0b25c7ca1c1953a17e42b09de8304d17c8871c414f45a758f88ad4ed59cc053
107,q01,0.5844748596130233,0.5844748596130233,Selected Single Feasible Projection,106435.10992434635,106435.10992434635,0.0,0.0,4,9,f0b25c7ca1c1953a17e42b09de8304d17c8871c414f45a758f88ad4ed59cc053
107,q99-cap,1.1498888413904444,2.6930887095833507,Payment-Certified N-1 Verifier,106889.79769835055,106889.79769835054,-1.4551915228366852e-11,1.4551915228366852e-11,4,9,f0b25c7ca1c1953a17e42b09de8304d17c8871c414f45a758f88ad4ed59cc053
107,q99-cap,1.1498888413904444,2.6930887095833507,Selected Single Feasible Projection,106889.79769835054,106889.79769835054,0.0,0.0,4,9,f0b25c7ca1c1953a17e42b09de8304d17c8871c414f45a758f88ad4ed59cc053
108,q01,0.5844748596130233,0.5844748596130233,Payment-Certified N-1 Verifier,106389.71790499553,106389.71790499553,0.0,0.0,4,9,f0b25c7ca1c1953a17e42b09de8304d17c8871c414f45a758f88ad4ed59cc053
108,q01,0.5844748596130233,0.5844748596130233,Selected Single Feasible Projection,106389.71790499553,106389.71790499553,0.0,0.0,4,9,f0b25c7ca1c1953a17e42b09de8304d17c8871c414f45a758f88ad4ed59cc053
108,q99-cap,1.1498888413904444,2.6930887095833507,Payment-Certified N-1 Verifier,106800.49398291914,106800.49398291914,0.0,0.0,4,9,f0b25c7ca1c1953a17e42b09de8304d17c8871c414f45a758f88ad4ed59cc053
108,q99-cap,1.1498888413904444,2.6930887095833507,Selected Single Feasible Projection,106800.49398291914,106800.49398291914,0.0,0.0,4,9,f0b25c7ca1c1953a17e42b09de8304d17c8871c414f45a758f88ad4ed59cc053
109,q01,0.5844748596130233,0.5844748596130233,Payment-Certified N-1 Verifier,106531.95460307716,106563.81943885214,31.86483577497711,0.0,4,9,f0b25c7ca1c1953a17e42b09de8304d17c8871c414f45a758f88ad4ed59cc053
109,q01,0.5844748596130233,0.5844748596130233,Selected Single Feasible Projection,106563.81943885214,106563.81943885214,0.0,0.0,4,9,f0b25c7ca1c1953a17e42b09de8304d17c8871c414f45a758f88ad4ed59cc053
109,q99-cap,1.1498888413904444,2.6930887095833507,Payment-Certified N-1 Verifier,107081.31730434527,107143.85794447448,62.54064012921299,0.0,4,9,f0b25c7ca1c1953a17e42b09de8304d17c8871c414f45a758f88ad4ed59cc053
109,q99-cap,1.1498888413904444,2.6930887095833507,Selected Single Feasible Projection,107143.85794447448,107143.85794447448,0.0,0.0,4,9,f0b25c7ca1c1953a17e42b09de8304d17c8871c414f45a758f88ad4ed59cc053
110,q01,0.5844748596130233,0.5844748596130233,Payment-Certified N-1 Verifier,106404.19931280473,106404.19931280473,0.0,0.0,4,9,f0b25c7ca1c1953a17e42b09de8304d17c8871c414f45a758f88ad4ed59cc053
110,q01,0.5844748596130233,0.5844748596130233,Selected Single Feasible Projection,106404.19931280473,106404.19931280473,0.0,0.0,4,9,f0b25c7ca1c1953a17e42b09de8304d17c8871c414f45a758f88ad4ed59cc053
110,q99-cap,1.1498888413904444,2.6930887095833507,Payment-Certified N-1 Verifier,106828.9845312696,106828.9845312696,0.0,0.0,4,9,f0b25c7ca1c1953a17e42b09de8304d17c8871c414f45a758f88ad4ed59cc053
110,q99-cap,1.1498888413904444,2.6930887095833507,Selected Single Feasible Projection,106828.9845312696,106828.9845312696,0.0,0.0,4,9,f0b25c7ca1c1953a17e42b09de8304d17c8871c414f45a758f88ad4ed59cc053
111,q01,0.5844748596130233,0.5844748596130233,Payment-Certified N-1 Verifier,106433.50956764122,106433.50956764122,0.0,0.0,4,9,f0b25c7ca1c1953a17e42b09de8304d17c8871c414f45a758f88ad4ed59cc053
111,q01,0.5844748596130233,0.5844748596130233,Selected Single Feasible Projection,106433.50956764122,106433.50956764122,0.0,0.0,4,9,f0b25c7ca1c1953a17e42b09de8304d17c8871c414f45a758f88ad4ed59cc053
111,q99-cap,1.1498888413904444,2.6930887095833507,Payment-Certified N-1 Verifier,106886.64917572853,106886.64917572854,1.4551915228366852e-11,0.0,4,9,f0b25c7ca1c1953a17e42b09de8304d17c8871c414f45a758f88ad4ed59cc053
111,q99-cap,1.1498888413904444,2.6930887095833507,Selected Single Feasible Projection,106886.64917572854,106886.64917572854,0.0,0.0,4,9,f0b25c7ca1c1953a17e42b09de8304d17c8871c414f45a758f88ad4ed59cc053
112,q01,0.5844748596130233,0.5844748596130233,Payment-Certified N-1 Verifier,106421.13469377397,106421.13469377397,0.0,0.0,4,9,f0b25c7ca1c1953a17e42b09de8304d17c8871c414f45a758f88ad4ed59cc053
112,q01,0.5844748596130233,0.5844748596130233,Selected Single Feasible Projection,106421.13469377397,106421.13469377397,0.0,0.0,4,9,f0b25c7ca1c1953a17e42b09de8304d17c8871c414f45a758f88ad4ed59cc053
112,q99-cap,1.1498888413904444,2.6930887095833507,Payment-Certified N-1 Verifier,106862.30299703576,106862.30299703576,0.0,0.0,4,9,f0b25c7ca1c1953a17e42b09de8304d17c8871c414f45a758f88ad4ed59cc053
112,q99-cap,1.1498888413904444,2.6930887095833507,Selected Single Feasible Projection,106862.30299703576,106862.30299703576,0.0,0.0,4,9,f0b25c7ca1c1953a17e42b09de8304d17c8871c414f45a758f88ad4ed59cc053
113,q01,0.5844748596130233,0.5844748596130233,Payment-Certified N-1 Verifier,106503.19233491595,106512.45518563321,9.262850717263063,0.0,4,9,f0b25c7ca1c1953a17e42b09de8304d17c8871c414f45a758f88ad4ed59cc053
113,q01,0.5844748596130233,0.5844748596130233,Selected Single Feasible Projection,106512.45518563321,106512.45518563321,0.0,0.0,4,9,f0b25c7ca1c1953a17e42b09de8304d17c8871c414f45a758f88ad4ed59cc053
113,q99-cap,1.1498888413904444,2.6930887095833507,Payment-Certified N-1 Verifier,107024.53218277557,107042.07943599684,17.547253221273422,0.0,4,9,f0b25c7ca1c1953a17e42b09de8304d17c8871c414f45a758f88ad4ed59cc053
113,q99-cap,1.1498888413904444,2.6930887095833507,Selected Single Feasible Projection,107042.07943599684,107042.07943599684,0.0,0.0,4,9,f0b25c7ca1c1953a17e42b09de8304d17c8871c414f45a758f88ad4ed59cc053
114,q01,0.5844748596130233,0.5844748596130233,Payment-Certified N-1 Verifier,106667.06395420352,106703.44351449591,36.37956029239285,0.0,4,9,f0b25c7ca1c1953a17e42b09de8304d17c8871c414f45a758f88ad4ed59cc053
114,q01,0.5844748596130233,0.5844748596130233,Selected Single Feasible Projection,106703.44351449591,106703.44351449591,0.0,0.0,4,9,f0b25c7ca1c1953a17e42b09de8304d17c8871c414f45a758f88ad4ed59cc053
114,q99-cap,1.1498888413904444,2.6930887095833507,Payment-Certified N-1 Verifier,107346.92903873684,107418.55267929772,71.62364056087972,0.0,4,9,f0b25c7ca1c1953a17e42b09de8304d17c8871c414f45a758f88ad4ed59cc053
114,q99-cap,1.1498888413904444,2.6930887095833507,Selected Single Feasible Projection,107418.55267929772,107418.55267929772,0.0,0.0,4,9,f0b25c7ca1c1953a17e42b09de8304d17c8871c414f45a758f88ad4ed59cc053
