day,endpoint,conversion_scale_factor,unclipped_conversion_scale_factor,solver_status,capacity_activation_eligible,hull_baseline_cost_min_usd,hull_baseline_cost_max_usd,continuous_segment_minimum_baseline_cost_usd,counterfactual_cost_usd,payment_interval_lower_usd,payment_interval_upper_usd,payment_interval_width_usd,selected_reference_payment_usd,oracle_payment_usd,oracle_inside_interval,candidate_hull_vertices,candidate_hull_definition,schema_version,endpoint_profile_checksum
61,q01,0.5826705226086141,0.5826705226086141,optimal,True,106161.3109762619,106162.19908346221,106161.31097626741,106179.15873294383,-17.847756681934698,-16.959649481621454,0.8881072003132431,-16.959649481621454,26.957896990163135,0.0,2,continuous affine segment between selected reference and payment-certified profile; exact joint LP minimum and convex endpoint maximum,12,24c22cf48f270dd697fc87c9d0031cf4bbf6ea3f67878370ca068c2999062c4a
61,q99,5.320912625466783,5.320912625466783,optimal,True,106610.83042626185,106619.71897123808,106610.83042626161,106774.59348358896,-163.7630573273491,-154.8745123508852,8.88854497646389,-154.8745123508852,248.2298397118284,0.0,2,continuous affine segment between selected reference and payment-certified profile; exact joint LP minimum and convex endpoint maximum,12,24c22cf48f270dd697fc87c9d0031cf4bbf6ea3f67878370ca068c2999062c4a
62,q01,0.5826705226086141,0.5826705226086141,optimal,True,106242.30217652784,106263.57840270971,106242.3021765278,106314.59572082364,-72.29354429584055,-51.017318113925285,21.276226181915263,-51.017318113925285,-51.017318113925285,1.0,2,continuous affine segment between selected reference and payment-certified profile; exact joint LP minimum and convex endpoint maximum,12,24c22cf48f270dd697fc87c9d0031cf4bbf6ea3f67878370ca068c2999062c4a
62,q99,5.320912625466783,5.320912625466783,optimal,True,107362.71082447642,107553.26807859192,107362.71082447637,108018.44479459067,-655.7339701143064,-465.1767159987503,190.55725411555613,-465.1767159987503,-465.1767159987503,1.0,2,continuous affine segment between selected reference and payment-certified profile; exact joint LP minimum and convex endpoint maximum,12,24c22cf48f270dd697fc87c9d0031cf4bbf6ea3f67878370ca068c2999062c4a
63,q01,0.5826705226086141,0.5826705226086141,optimal,True,106252.29335395207,106270.38776905084,106252.293353952,106323.54724010814,-71.25388615613338,-53.159471057297196,18.09441509883618,-53.159471057297196,-6.616323321679374,0.0,2,continuous affine segment between selected reference and payment-certified profile; exact joint LP minimum and convex endpoint maximum,12,24c22cf48f270dd697fc87c9d0031cf4bbf6ea3f67878370ca068c2999062c4a
63,q99,5.320912625466783,5.320912625466783,optimal,True,107455.7652475872,107614.97648834297,107455.76524758716,108098.69084536217,-642.9255977750145,-483.71435701919836,159.2112407558161,-483.71435701919836,-54.69301153438573,0.0,2,continuous affine segment between selected reference and payment-certified profile; exact joint LP minimum and convex endpoint maximum,12,24c22cf48f270dd697fc87c9d0031cf4bbf6ea3f67878370ca068c2999062c4a
64,q01,0.5826705226086141,0.5826705226086141,optimal,True,106255.50542014833,106276.56538459336,106255.50542014827,106330.57548663177,-75.07006648350216,-54.010102038417244,21.059964445084915,-54.010102038417244,-27.83596049551852,0.0,2,continuous affine segment between selected reference and payment-certified profile; exact joint LP minimum and convex endpoint maximum,12,24c22cf48f270dd697fc87c9d0031cf4bbf6ea3f67878370ca068c2999062c4a
64,q99,5.320912625466783,5.320912625466783,optimal,True,107486.36405396006,107672.39966129193,107486.36405395996,108164.46213582924,-678.0980818692769,-492.0624745373061,186.03560733197082,-492.0624745373061,-250.5871502008522,0.0,2,continuous affine segment between selected reference and payment-certified profile; exact joint LP minimum and convex endpoint maximum,12,24c22cf48f270dd697fc87c9d0031cf4bbf6ea3f67878370ca068c2999062c4a
65,q01,0.5826705226086141,0.5826705226086141,optimal,True,106150.23718836663,106150.29119710172,106150.23718836659,106159.95992204649,-9.722733679896919,-9.668724944771384,0.05400873512553517,-9.668724944771384,9.913644447384286,0.0,2,continuous affine segment between selected reference and payment-certified profile; exact joint LP minimum and convex endpoint maximum,12,24c22cf48f270dd697fc87c9d0031cf4bbf6ea3f67878370ca068c2999062c4a
65,q99,5.320912625466783,5.320912625466783,optimal,True,106509.34905299416,106509.36129757256,106509.29996993692,106597.65551983826,-88.35554990133096,-88.29422226570023,0.0613276356307324,-88.29422226570023,91.96658024539647,0.0,2,continuous affine segment between selected reference and payment-certified profile; exact joint LP minimum and convex endpoint maximum,12,24c22cf48f270dd697fc87c9d0031cf4bbf6ea3f67878370ca068c2999062c4a
66,q01,0.5826705226086141,0.5826705226086141,optimal,True,106181.60783226961,106196.06025798943,106181.60783226955,106226.97178123827,-45.36394896871934,-30.91152324884024,14.452425719879102,-30.91152324884024,-19.847160689896555,0.0,2,continuous affine segment between selected reference and payment-certified profile; exact joint LP minimum and convex endpoint maximum,12,24c22cf48f270dd697fc87c9d0031cf4bbf6ea3f67878370ca068c2999062c4a
66,q99,5.320912625466783,5.320912625466783,optimal,True,106804.8004430054,106931.96214653435,106804.80044300531,107224.50258353484,-419.7021405295236,-292.5404370004835,127.1617035290401,-292.5404370004835,-193.08800491987495,0.0,2,continuous affine segment between selected reference and payment-certified profile; exact joint LP minimum and convex endpoint maximum,12,24c22cf48f270dd697fc87c9d0031cf4bbf6ea3f67878370ca068c2999062c4a
67,q01,0.5826705226086141,0.5826705226086141,optimal,True,106117.34254607552,106117.34254607552,106117.34254607547,106119.16985547818,-1.8273094027099432,-1.8273094026517356,5.820766091346741e-11,-1.8273094026517356,63.76216802370618,0.0,2,continuous affine segment between selected reference and payment-certified profile; exact joint LP minimum and convex endpoint maximum,12,24c22cf48f270dd697fc87c9d0031cf4bbf6ea3f67878370ca068c2999062c4a
67,q99,5.320912625466783,5.320912625466783,optimal,True,106206.32365344351,106206.32365344353,106206.32365344345,106223.01053444055,-16.686880997091066,-16.686880997018307,7.275957614183426e-11,-16.68688099703286,586.8018405366311,0.0,2,continuous affine segment between selected reference and payment-certified profile; exact joint LP minimum and convex endpoint maximum,12,24c22cf48f270dd697fc87c9d0031cf4bbf6ea3f67878370ca068c2999062c4a
68,q01,0.5826705226086141,0.5826705226086141,optimal,True,106165.65269769698,106170.16576932106,106165.65269769692,106185.1798197479,-19.527122050974867,-15.014050426834729,4.513071624140139,-15.014050426834729,-9.812642938544741,0.0,2,continuous affine segment between selected reference and payment-certified profile; exact joint LP minimum and convex endpoint maximum,12,24c22cf48f270dd697fc87c9d0031cf4bbf6ea3f67878370ca068c2999062c4a
68,q99,5.320912625466783,5.320912625466783,optimal,True,106651.28898968201,106692.64672212668,106651.28898968195,106829.754139399,-178.46514971704164,-137.10741727231652,41.357732444725116,-137.10741727231652,-89.11750355678669,0.0,2,continuous affine segment between selected reference and payment-certified profile; exact joint LP minimum and convex endpoint maximum,12,24c22cf48f270dd697fc87c9d0031cf4bbf6ea3f67878370ca068c2999062c4a
69,q01,0.5826705226086141,0.5826705226086141,optimal,True,106249.9261928579,106281.36613539897,106249.92619285783,106338.0154523638,-88.0892595059704,-56.64931696483109,31.439942541139317,-56.64931696483109,-46.95489404509135,0.0,2,continuous affine segment between selected reference and payment-certified profile; exact joint LP minimum and convex endpoint maximum,12,24c22cf48f270dd697fc87c9d0031cf4bbf6ea3f67878370ca068c2999062c4a
69,q99,5.320912625466783,5.320912625466783,optimal,True,107435.9835832506,107717.19348814944,107435.98358325055,108233.21807330253,-797.234490051982,-516.0245851530926,281.20990489888936,-516.0245851530926,-427.0910634958709,0.0,2,continuous affine segment between selected reference and payment-certified profile; exact joint LP minimum and convex endpoint maximum,12,24c22cf48f270dd697fc87c9d0031cf4bbf6ea3f67878370ca068c2999062c4a
70,q01,0.5826705226086141,0.5826705226086141,optimal,True,106206.20144649665,106223.30011073891,106206.20144650232,106259.9428164808,-53.741369984156336,-36.642705741891405,17.09866424226493,-36.642705741891405,-32.09430753048218,0.0,2,continuous affine segment between selected reference and payment-certified profile; exact joint LP minimum and convex endpoint maximum,12,24c22cf48f270dd697fc87c9d0031cf4bbf6ea3f67878370ca068c2999062c4a
70,q99,5.320912625466783,5.320912625466783,optimal,True,107027.9137085831,107181.74990960577,107027.91370858307,107515.74476565627,-487.8310570731992,-333.99485605049995,153.83620102269924,-333.99485605049995,-292.1459981549415,0.0,2,continuous affine segment between selected reference and payment-certified profile; exact joint LP minimum and convex endpoint maximum,12,24c22cf48f270dd697fc87c9d0031cf4bbf6ea3f67878370ca068c2999062c4a
71,q01,0.5826705226086141,0.5826705226086141,optimal,True,106255.31059118143,106266.02695784875,106255.31059118136,106316.9616881706,-61.651096989240614,-50.93473032185284,10.716366667387774,-50.93473032185284,39.38559337709739,0.0,2,continuous affine segment between selected reference and payment-certified profile; exact joint LP minimum and convex endpoint maximum,12,24c22cf48f270dd697fc87c9d0031cf4bbf6ea3f67878370ca068c2999062c4a
71,q99,5.320912625466783,5.320912625466783,optimal,True,107488.14745303657,107575.67979192523,107488.14745303652,108040.126028078,-551.978575041474,-464.4462361527694,87.53233888870454,-464.4462361527694,365.6610178634437,0.0,2,continuous affine segment between selected reference and payment-certified profile; exact joint LP minimum and convex endpoint maximum,12,24c22cf48f270dd697fc87c9d0031cf4bbf6ea3f67878370ca068c2999062c4a
72,q01,0.5826705226086141,0.5826705226086141,optimal,True,106197.00861388704,106210.32119292184,106197.00861389337,106244.26330067855,-47.25468679150799,-33.94210775670945,13.312579034798546,-33.94210775670945,-17.071060520946048,0.0,2,continuous affine segment between selected reference and payment-certified profile; exact joint LP minimum and convex endpoint maximum,12,24c22cf48f270dd697fc87c9d0031cf4bbf6ea3f67878370ca068c2999062c4a
72,q99,5.320912625466783,5.320912625466783,optimal,True,106942.24441652223,107062.44639870344,106942.24441652218,107372.32135768881,-430.07694116662606,-309.8749589853687,120.20198218125734,-309.8749589853687,-154.51367977034533,0.0,2,continuous affine segment between selected reference and payment-certified profile; exact joint LP minimum and convex endpoint maximum,12,24c22cf48f270dd697fc87c9d0031cf4bbf6ea3f67878370ca068c2999062c4a
73,q01,0.5826705226086141,0.5826705226086141,optimal,True,106220.55715407518,106237.48249267288,106220.5571540751,106278.42440794218,-57.86725386707985,-40.94191526930081,16.925338597779046,-40.94191526930081,-28.98433910786116,0.0,2,continuous affine segment between selected reference and payment-certified profile; exact joint LP minimum and convex endpoint maximum,12,24c22cf48f270dd697fc87c9d0031cf4bbf6ea3f67878370ca068c2999062c4a
73,q99,5.320912625466783,5.320912625466783,optimal,True,107161.21094623127,107311.87159424908,107161.21094623121,107684.64372063386,-523.4327744026523,-372.77212638477795,150.66064801787434,-372.77212638477795,-261.84251423466776,0.0,2,continuous affine segment between selected reference and payment-certified profile; exact joint LP minimum and convex endpoint maximum,12,24c22cf48f270dd697fc87c9d0031cf4bbf6ea3f67878370ca068c2999062c4a
74,q01,0.5826705226086141,0.5826705226086141,optimal,True,106178.07587560797,106189.84787744009,106178.07587561425,106217.35936913427,-39.28349352629448,-27.51149169418204,11.772001832112437,-27.51149169418204,-5.598999334310065,0.0,2,continuous affine segment between selected reference and payment-certified profile; exact joint LP minimum and convex endpoint maximum,12,24c22cf48f270dd697fc87c9d0031cf4bbf6ea3f67878370ca068c2999062c4a
74,q99,5.320912625466783,5.320912625466783,optimal,True,106768.99104401108,106874.15103610777,106768.9910440142,107124.61802754196,-355.6269835308776,-250.46699143419391,105.15999209668371,-250.46699143419391,-49.103496581694344,0.0,2,continuous affine segment between selected reference and payment-certified profile; exact joint LP minimum and convex endpoint maximum,12,24c22cf48f270dd697fc87c9d0031cf4bbf6ea3f67878370ca068c2999062c4a
75,q01,0.5826705226086141,0.5826705226086141,optimal,True,106254.5101366402,106284.92255553129,106254.51013664012,106345.14525459346,-90.63511795333761,-60.22269906217116,30.412418891166453,-60.22269906217116,-52.69790053306497,0.0,2,continuous affine segment between selected reference and payment-certified profile; exact joint LP minimum and convex endpoint maximum,12,24c22cf48f270dd697fc87c9d0031cf4bbf6ea3f67878370ca068c2999062c4a
75,q99,5.320912625466783,5.320912625466783,optimal,True,107478.4143382588,107748.88604318297,107478.41433825869,108303.07626199095,-824.6619237322593,-554.1902188079839,270.4717049242754,-554.1902188079839,-485.11729001828644,0.0,2,continuous affine segment between selected reference and payment-certified profile; exact joint LP minimum and convex endpoint maximum,12,24c22cf48f270dd697fc87c9d0031cf4bbf6ea3f67878370ca068c2999062c4a
76,q01,0.5826705226086141,0.5826705226086141,optimal,True,106197.71935659004,106197.71935659004,106197.71935658995,106227.13471316805,-29.415356578101637,-29.415356578014325,8.731149137020111e-11,-29.415356578014325,1.8486462943837978,0.0,2,continuous affine segment between selected reference and payment-certified profile; exact joint LP minimum and convex endpoint maximum,12,24c22cf48f270dd697fc87c9d0031cf4bbf6ea3f67878370ca068c2999062c4a
76,q99,5.320912625466783,5.320912625466783,optimal,True,106946.44186593426,106946.44186593426,106946.4418659342,107214.88547296372,-268.4436070295196,-268.4436070294614,5.820766091346741e-11,-268.4436070294614,18.726351623859955,0.0,2,continuous affine segment between selected reference and payment-certified profile; exact joint LP minimum and convex endpoint maximum,12,24c22cf48f270dd697fc87c9d0031cf4bbf6ea3f67878370ca068c2999062c4a
77,q01,0.5826705226086141,0.5826705226086141,optimal,True,106115.99589724025,106115.99589724025,106115.9958972402,106122.36732969503,-6.371432454834576,-6.371432454776368,5.820766091346741e-11,-6.371432454776368,31.89822769317834,0.0,2,continuous affine segment between selected reference and payment-certified profile; exact joint LP minimum and convex endpoint maximum,12,24c22cf48f270dd697fc87c9d0031cf4bbf6ea3f67878370ca068c2999062c4a
77,q99,5.320912625466783,5.320912625466783,optimal,True,106194.12462743079,106194.12462743079,106194.12462743075,106252.3081704033,-58.183542972547,-58.183542972503346,4.3655745685100555e-11,-58.183542972503346,294.54812343909,0.0,2,continuous affine segment between selected reference and payment-certified profile; exact joint LP minimum and convex endpoint maximum,12,24c22cf48f270dd697fc87c9d0031cf4bbf6ea3f67878370ca068c2999062c4a
78,q01,0.5826705226086141,0.5826705226086141,optimal,True,106144.07658115798,106145.1691327253,106144.076581159,106159.17978916876,-15.103208010783419,-14.010656443453627,1.0925515673297923,-14.010656443453627,-8.52295452497492,0.0,2,continuous affine segment between selected reference and payment-certified profile; exact joint LP minimum and convex endpoint maximum,12,24c22cf48f270dd697fc87c9d0031cf4bbf6ea3f67878370ca068c2999062c4a
78,q99,5.320912625466783,5.320912625466783,optimal,True,106451.93004419246,106462.14477067969,106451.93004419236,106590.08925365646,-138.15920946410915,-127.94448297677445,10.214726487334701,-127.94448297677445,-77.47055554779945,0.0,2,continuous affine segment between selected reference and payment-certified profile; exact joint LP minimum and convex endpoint maximum,12,24c22cf48f270dd697fc87c9d0031cf4bbf6ea3f67878370ca068c2999062c4a
79,q01,0.5826705226086141,0.5826705226086141,optimal,True,106276.87027669592,106287.16067201064,106276.87027669584,106330.08447466722,-53.21419797137787,-42.92380265658721,10.290395314790658,-42.92380265658721,-85.51574865591829,0.0,2,continuous affine segment between selected reference and payment-certified profile; exact joint LP minimum and convex endpoint maximum,12,24c22cf48f270dd697fc87c9d0031cf4bbf6ea3f67878370ca068c2999062c4a
79,q99,5.320912625466783,5.320912625466783,optimal,True,107705.23669748438,107799.72632999237,107705.23669748432,108189.36633221319,-484.1296347288735,-389.6400022208254,94.48963250804809,-389.6400022208254,-811.8257688816229,0.0,2,continuous affine segment between selected reference and payment-certified profile; exact joint LP minimum and convex endpoint maximum,12,24c22cf48f270dd697fc87c9d0031cf4bbf6ea3f67878370ca068c2999062c4a
80,q01,0.5826705226086141,0.5826705226086141,optimal,True,106199.5454074679,106210.70241444124,106199.54540746783,106244.42080310962,-44.87539564179315,-33.718388668377884,11.157006973415264,-33.718388668377884,-5.75048481336853,0.0,2,continuous affine segment between selected reference and payment-certified profile; exact joint LP minimum and convex endpoint maximum,12,24c22cf48f270dd697fc87c9d0031cf4bbf6ea3f67878370ca068c2999062c4a
80,q99,5.320912625466783,5.320912625466783,optimal,True,106966.45188271135,107065.9806273838,106966.45188271129,107373.57610605791,-407.12422334661824,-307.59547867410583,99.5287446725124,-307.59547867410583,-49.9678961384343,0.0,2,continuous affine segment between selected reference and payment-certified profile; exact joint LP minimum and convex endpoint maximum,12,24c22cf48f270dd697fc87c9d0031cf4bbf6ea3f67878370ca068c2999062c4a
81,q01,0.5826705226086141,0.5826705226086141,optimal,True,106312.3002978286,106372.55615144147,106312.30029782196,106444.42123118906,-132.1209333670995,-71.8650797475857,60.2558536195138,-71.8650797475857,-124.9250899565086,1.0,2,continuous affine segment between selected reference and payment-certified profile; exact joint LP minimum and convex endpoint maximum,12,24c22cf48f270dd697fc87c9d0031cf4bbf6ea3f67878370ca068c2999062c4a
81,q99,5.320912625466783,5.320912625466783,optimal,True,108024.95345955028,108575.64807368044,108024.95345955018,109251.94362780039,-1226.9901682502095,-676.2955541199481,550.6946141302615,-676.2955541199481,-1184.767534509243,1.0,2,continuous affine segment between selected reference and payment-certified profile; exact joint LP minimum and convex endpoint maximum,12,24c22cf48f270dd697fc87c9d0031cf4bbf6ea3f67878370ca068c2999062c4a
82,q01,0.5826705226086141,0.5826705226086141,optimal,True,106207.99694679647,106208.22519353079,106207.9969467964,106247.8667460036,-39.8697992071975,-39.641552472807234,0.2282467343902681,-39.641552472807234,-13.07516490999842,0.0,2,continuous affine segment between selected reference and payment-certified profile; exact joint LP minimum and convex endpoint maximum,12,24c22cf48f270dd697fc87c9d0031cf4bbf6ea3f67878370ca068c2999062c4a
82,q99,5.320912625466783,5.320912625466783,optimal,True,107043.4531704394,107043.46394741231,107042.8500160139,107404.59616459944,-361.7461485855456,-361.13221718712884,0.6139313984167529,-361.13221718712884,-117.09675032054656,0.0,2,continuous affine segment between selected reference and payment-certified profile; exact joint LP minimum and convex endpoint maximum,12,24c22cf48f270dd697fc87c9d0031cf4bbf6ea3f67878370ca068c2999062c4a
83,q01,0.5826705226086141,0.5826705226086141,optimal,True,106130.36242176492,106130.36242176492,106130.36242176485,106138.68706436054,-8.324642595689511,-8.324642595616751,7.275957614183426e-11,-8.324642595616751,3.429971385761746,0.0,2,continuous affine segment between selected reference and payment-certified profile; exact joint LP minimum and convex endpoint maximum,12,24c22cf48f270dd697fc87c9d0031cf4bbf6ea3f67878370ca068c2999062c4a
83,q99,5.320912625466783,5.320912625466783,optimal,True,106326.22291397351,106326.22291397351,106326.22291397344,106402.24305601059,-76.02014203714498,-76.02014203707222,7.275957614183426e-11,-76.02014203707222,31.897421838031732,0.0,2,continuous affine segment between selected reference and payment-certified profile; exact joint LP minimum and convex endpoint maximum,12,24c22cf48f270dd697fc87c9d0031cf4bbf6ea3f67878370ca068c2999062c4a
84,q01,0.5826705226086141,0.5826705226086141,optimal,True,106124.53106877346,106124.53106885798,106124.53106878587,106130.91180535986,-6.380736586404964,-6.380736501887441,8.451752364635468e-08,-6.380736501887441,32.37057369280956,0.0,2,continuous affine segment between selected reference and payment-certified profile; exact joint LP minimum and convex endpoint maximum,12,24c22cf48f270dd697fc87c9d0031cf4bbf6ea3f67878370ca068c2999062c4a
84,q99,5.320912625466783,5.320912625466783,optimal,True,106272.02822363884,106272.0282244121,106272.02822364707,106330.29673139052,-58.26850775167986,-58.26850697842019,7.732596714049578e-07,-58.26850697842019,298.94809724639344,0.0,2,continuous affine segment between selected reference and payment-certified profile; exact joint LP minimum and convex endpoint maximum,12,24c22cf48f270dd697fc87c9d0031cf4bbf6ea3f67878370ca068c2999062c4a
85,q01,0.5826705226086141,0.5826705226086141,optimal,True,106211.98087408896,106230.93389117853,106211.98087408794,106274.2569324867,-62.27605839876924,-43.32304130817647,18.953017090592766,-43.32304130817647,-33.51082789104839,0.0,2,continuous affine segment between selected reference and payment-certified profile; exact joint LP minimum and convex endpoint maximum,12,24c22cf48f270dd697fc87c9d0031cf4bbf6ea3f67878370ca068c2999062c4a
85,q99,5.320912625466783,5.320912625466783,optimal,True,107081.43621032327,107252.126428312,107081.43621032324,107646.72378752941,-565.287577206167,-394.5973592174123,170.69021798875474,-394.5973592174123,-304.12235996125673,0.0,2,continuous affine segment between selected reference and payment-certified profile; exact joint LP minimum and convex endpoint maximum,12,24c22cf48f270dd697fc87c9d0031cf4bbf6ea3f67878370ca068c2999062c4a
86,q01,0.5826705226086141,0.5826705226086141,optimal,True,106185.60607264172,106198.31838586726,106185.60607264166,106228.49727287087,-42.891200229205424,-30.178887003610726,12.712313225594698,-30.178887003610726,-23.64820601887186,0.0,2,continuous affine segment between selected reference and payment-certified profile; exact joint LP minimum and convex endpoint maximum,12,24c22cf48f270dd697fc87c9d0031cf4bbf6ea3f67878370ca068c2999062c4a
86,q99,5.320912625466783,5.320912625466783,optimal,True,106836.99678443487,106951.4302687856,106836.99678443483,107227.02207350086,-390.025289066034,-275.59180471526633,114.43348435076769,-275.59180471526633,-214.95340576612216,0.0,2,continuous affine segment between selected reference and payment-certified profile; exact joint LP minimum and convex endpoint maximum,12,24c22cf48f270dd697fc87c9d0031cf4bbf6ea3f67878370ca068c2999062c4a
87,q01,0.5826705226086141,0.5826705226086141,optimal,True,106268.29725141759,106275.89055897466,106268.29725141749,106336.37564284867,-68.07839143117599,-60.48508387400943,7.593307557166554,-60.48508387400943,-36.82569804418017,0.0,2,continuous affine segment between selected reference and payment-certified profile; exact joint LP minimum and convex endpoint maximum,12,24c22cf48f270dd697fc87c9d0031cf4bbf6ea3f67878370ca068c2999062c4a
87,q99,5.320912625466783,5.320912625466783,optimal,True,107607.91219134013,107667.07198174552,107607.91219134003,108217.33591261524,-609.423721275205,-550.2639308697107,59.15979040549428,-550.2639308697107,-332.94649900859804,0.0,2,continuous affine segment between selected reference and payment-certified profile; exact joint LP minimum and convex endpoint maximum,12,24c22cf48f270dd697fc87c9d0031cf4bbf6ea3f67878370ca068c2999062c4a
88,q01,0.5826705226086141,0.5826705226086141,optimal,True,106196.28667148514,106201.89623404246,106196.28667148578,106231.39654420869,-35.109872723551234,-29.50031016622961,5.609562557321624,-29.50031016622961,-6.955022558264318,0.0,2,continuous affine segment between selected reference and payment-certified profile; exact joint LP minimum and convex endpoint maximum,12,24c22cf48f270dd697fc87c9d0031cf4bbf6ea3f67878370ca068c2999062c4a
88,q99,5.320912625466783,5.320912625466783,optimal,True,106933.93386127915,106985.33303340175,106933.93386128542,107254.72811471793,-320.7942534387839,-269.39508131617913,51.399172122604796,-269.39508131617913,-62.548710218135966,0.0,2,continuous affine segment between selected reference and payment-certified profile; exact joint LP minimum and convex endpoint maximum,12,24c22cf48f270dd697fc87c9d0031cf4bbf6ea3f67878370ca068c2999062c4a
89,q01,0.5826705226086141,0.5826705226086141,optimal,True,106146.0992780996,106146.09927810717,106146.09927809951,106158.97529086738,-12.876012767868815,-12.876012760214508,7.654307410120964e-09,-12.876012767781503,13.668142787850229,0.0,2,continuous affine segment between selected reference and payment-certified profile; exact joint LP minimum and convex endpoint maximum,12,24c22cf48f270dd697fc87c9d0031cf4bbf6ea3f67878370ca068c2999062c4a
89,q99,5.320912625466783,5.320912625466783,optimal,True,106470.76579350598,106470.8751988718,106470.76579348794,106588.45818315446,-117.69238966652483,-117.58298428266426,0.10940538386057597,-117.58298428266426,126.34202102759446,0.0,2,continuous affine segment between selected reference and payment-certified profile; exact joint LP minimum and convex endpoint maximum,12,24c22cf48f270dd697fc87c9d0031cf4bbf6ea3f67878370ca068c2999062c4a
90,q01,0.5826705226086141,0.5826705226086141,optimal,True,106124.82071397542,106124.82071397542,106124.82071397535,106130.97070854338,-6.149994568026159,-6.149994567953399,7.275957614183426e-11,-6.149994567953399,-6.149994567953399,1.0,2,continuous affine segment between selected reference and payment-certified profile; exact joint LP minimum and convex endpoint maximum,12,24c22cf48f270dd697fc87c9d0031cf4bbf6ea3f67878370ca068c2999062c4a
90,q99,5.320912625466783,5.320912625466783,optimal,True,106274.64678151107,106274.64678151107,106274.64678151096,106330.80816684551,-56.16138533454796,-56.161385334446095,1.0186340659856796e-10,-56.161385334446095,-56.161385334446095,1.0,2,continuous affine segment between selected reference and payment-certified profile; exact joint LP minimum and convex endpoint maximum,12,24c22cf48f270dd697fc87c9d0031cf4bbf6ea3f67878370ca068c2999062c4a
91,q01,0.5826705226086141,0.5826705226086141,optimal,True,106225.70223537322,106237.23917455072,106225.70223537674,106271.5035142792,-45.80127890598669,-34.26433972848463,11.536939177502063,-34.26433972848463,-20.386197273401194,0.0,2,continuous affine segment between selected reference and payment-certified profile; exact joint LP minimum and convex endpoint maximum,12,24c22cf48f270dd697fc87c9d0031cf4bbf6ea3f67878370ca068c2999062c4a
91,q99,5.320912625466783,5.320912625466783,optimal,True,107210.72513717483,107319.30201828468,107210.72513717476,107631.44575669232,-420.7206195175677,-312.14373840764165,108.57688110992603,-312.14373840764165,-193.30906140909065,0.0,2,continuous affine segment between selected reference and payment-certified profile; exact joint LP minimum and convex endpoint maximum,12,24c22cf48f270dd697fc87c9d0031cf4bbf6ea3f67878370ca068c2999062c4a
92,q01,0.5826705226086141,0.5826705226086141,optimal,True,106124.7896338373,106124.78963383731,106124.78963383724,106131.36972994315,-6.580096105913981,-6.580096105841221,7.275957614183426e-11,-6.580096105841221,-1.4372072711994406,0.0,2,continuous affine segment between selected reference and payment-certified profile; exact joint LP minimum and convex endpoint maximum,12,24c22cf48f270dd697fc87c9d0031cf4bbf6ea3f67878370ca068c2999062c4a
92,q99,5.320912625466783,5.320912625466783,optimal,True,106274.88005876332,106275.0271594428,106274.88005876326,106335.11620649055,-60.23614772729343,-60.089047047746135,0.1471006795472931,-60.089047047746135,-13.120092622149969,0.0,2,continuous affine segment between selected reference and payment-certified profile; exact joint LP minimum and convex endpoint maximum,12,24c22cf48f270dd697fc87c9d0031cf4bbf6ea3f67878370ca068c2999062c4a
93,q01,0.5826705226086141,0.5826705226086141,optimal,True,106119.5209784889,106119.52097848892,106119.52097848886,106124.27649747625,-4.755518987396499,-4.7555189873382915,5.820766091346741e-11,-4.755518987352843,5.932574803693569,0.0,2,continuous affine segment between selected reference and payment-certified profile; exact joint LP minimum and convex endpoint maximum,12,24c22cf48f270dd697fc87c9d0031cf4bbf6ea3f67878370ca068c2999062c4a
93,q99,5.320912625466783,5.320912625466783,optimal,True,106226.49981644118,106226.66144310904,106226.49981644112,106270.08856021654,-43.588743775413604,-43.42711710749427,0.1616266679193359,-43.42711710749427,54.685003321559634,0.0,2,continuous affine segment between selected reference and payment-certified profile; exact joint LP minimum and convex endpoint maximum,12,24c22cf48f270dd697fc87c9d0031cf4bbf6ea3f67878370ca068c2999062c4a
94,q01,0.5826705226086141,0.5826705226086141,optimal,True,106108.36219823593,106108.36219833756,106108.36219823586,106108.9047952155,-0.5425969796342542,-0.5425968779309187,1.0170333553105593e-07,-0.5425968779309187,23.905296286102384,0.0,2,continuous affine segment between selected reference and payment-certified profile; exact joint LP minimum and convex endpoint maximum,12,24c22cf48f270dd697fc87c9d0031cf4bbf6ea3f67878370ca068c2999062c4a
94,q99,5.320912625466783,5.320912625466783,optimal,True,106124.31565004072,106124.31565096881,106124.31565004066,106129.27061344979,-4.954963409123593,-4.954962480973336,9.281502570956945e-07,-4.954962480973336,218.90052961588663,0.0,2,continuous affine segment between selected reference and payment-certified profile; exact joint LP minimum and convex endpoint maximum,12,24c22cf48f270dd697fc87c9d0031cf4bbf6ea3f67878370ca068c2999062c4a
95,q01,0.5826705226086141,0.5826705226086141,optimal,True,106137.55391422201,106137.6072977956,106137.55391422193,106150.38265853799,-12.828744316051598,-12.775360742380144,0.05338357367145363,-12.775360742380144,4.082814266279456,0.0,2,continuous affine segment between selected reference and payment-certified profile; exact joint LP minimum and convex endpoint maximum,12,24c22cf48f270dd697fc87c9d0031cf4bbf6ea3f67878370ca068c2999062c4a
95,q99,5.320912625466783,5.320912625466783,optimal,True,106393.53627493036,106393.54269584671,106393.41440367317,106509.66371138682,-116.24930771364598,-116.12101554010587,0.12829217354010325,-116.12101554010587,37.01700732251629,0.0,2,continuous affine segment between selected reference and payment-certified profile; exact joint LP minimum and convex endpoint maximum,12,24c22cf48f270dd697fc87c9d0031cf4bbf6ea3f67878370ca068c2999062c4a
96,q01,0.5826705226086141,0.5826705226086141,optimal,True,106111.96684924829,106111.96684924829,106111.96684924822,106113.25985654411,-1.2930072958988603,-1.2930072958261007,7.275957614183426e-11,-1.2930072958261007,17.299042210986954,0.0,2,continuous affine segment between selected reference and payment-certified profile; exact joint LP minimum and convex endpoint maximum,12,24c22cf48f270dd697fc87c9d0031cf4bbf6ea3f67878370ca068c2999062c4a
96,q99,5.320912625466783,5.320912625466783,optimal,True,106157.29712359695,106157.29712359695,106157.29712359689,106169.10478947024,-11.807665873348014,-11.807665873289807,5.820766091346741e-11,-11.807665873289807,158.2452013384318,0.0,2,continuous affine segment between selected reference and payment-certified profile; exact joint LP minimum and convex endpoint maximum,12,24c22cf48f270dd697fc87c9d0031cf4bbf6ea3f67878370ca068c2999062c4a
97,q01,0.5826705226086141,0.5826705226086141,optimal,True,106110.47969541044,106110.47969541044,106110.47969541038,106111.78438588745,-1.3046904770744732,-1.3046904770162655,5.820766091346741e-11,-1.3046904770162655,6.4833585767191835,0.0,2,continuous affine segment between selected reference and payment-certified profile; exact joint LP minimum and convex endpoint maximum,12,24c22cf48f270dd697fc87c9d0031cf4bbf6ea3f67878370ca068c2999062c4a
97,q99,5.320912625466783,5.320912625466783,optimal,True,106143.65250854497,106143.65250854497,106143.65250854491,106155.56686453547,-11.914355990564218,-11.91435599050601,5.820766091346741e-11,-11.91435599050601,59.20564567389374,0.0,2,continuous affine segment between selected reference and payment-certified profile; exact joint LP minimum and convex endpoint maximum,12,24c22cf48f270dd697fc87c9d0031cf4bbf6ea3f67878370ca068c2999062c4a
98,q01,0.5826705226086141,0.5826705226086141,optimal,True,106111.03217720841,106111.03217720841,106111.03217720834,106112.76526113215,-1.7330839238129556,-1.733083923740196,7.275957614183426e-11,-1.733083923740196,7.428875617828453,0.0,2,continuous affine segment between selected reference and payment-certified profile; exact joint LP minimum and convex endpoint maximum,12,24c22cf48f270dd697fc87c9d0031cf4bbf6ea3f67878370ca068c2999062c4a
98,q99,5.320912625466783,5.320912625466783,optimal,True,106148.69773952899,106148.69773952899,106148.69773952893,106164.52415904569,-15.826419516757596,-15.826419516699389,5.820766091346741e-11,-15.826419516699389,67.84005116795015,0.0,2,continuous affine segment between selected reference and payment-certified profile; exact joint LP minimum and convex endpoint maximum,12,24c22cf48f270dd697fc87c9d0031cf4bbf6ea3f67878370ca068c2999062c4a
99,q01,0.5826705226086141,0.5826705226086141,optimal,True,106109.59137149822,106109.59137149822,106109.59137149816,106110.56884471873,-0.9774732205696637,-0.977473220511456,5.820766091346741e-11,-0.977473220511456,6.385558539550402,0.0,2,continuous affine segment between selected reference and payment-certified profile; exact joint LP minimum and convex endpoint maximum,12,24c22cf48f270dd697fc87c9d0031cf4bbf6ea3f67878370ca068c2999062c4a
99,q99,5.320912625466783,5.320912625466783,optimal,True,106135.54038730898,106135.54038730898,106135.54038730892,106144.46661473652,-8.926227427597041,-8.926227427538834,5.820766091346741e-11,-8.926227427538834,58.3125415398099,0.0,2,continuous affine segment between selected reference and payment-certified profile; exact joint LP minimum and convex endpoint maximum,12,24c22cf48f270dd697fc87c9d0031cf4bbf6ea3f67878370ca068c2999062c4a
100,q01,0.5826705226086141,0.5826705226086141,optimal,True,106109.00510450416,106109.00510450416,106109.00510450409,106109.82054521887,-0.815440714781289,-0.8154407147085294,7.275957614183426e-11,-0.8154407147085294,15.42088957951637,0.0,2,continuous affine segment between selected reference and payment-certified profile; exact joint LP minimum and convex endpoint maximum,12,24c22cf48f270dd697fc87c9d0031cf4bbf6ea3f67878370ca068c2999062c4a
100,q99,5.320912625466783,5.320912625466783,optimal,True,106130.1866319196,106130.1866319196,106130.18663191953,106137.63318812229,-7.4465562027617125,-7.446556202688953,7.275957614183426e-11,-7.446556202688953,140.82264826491883,0.0,2,continuous affine segment between selected reference and payment-certified profile; exact joint LP minimum and convex endpoint maximum,12,24c22cf48f270dd697fc87c9d0031cf4bbf6ea3f67878370ca068c2999062c4a
101,q01,0.5826705226086141,0.5826705226086141,optimal,True,106187.01806344965,106200.0144716229,106187.01806344958,106230.22936786187,-43.21130441229616,-30.214896238976507,12.99640817331965,-30.214896238976507,-41.752687913074624,1.0,2,continuous affine segment between selected reference and payment-certified profile; exact joint LP minimum and convex endpoint maximum,12,24c22cf48f270dd697fc87c9d0031cf4bbf6ea3f67878370ca068c2999062c4a
101,q99,5.320912625466783,5.320912625466783,optimal,True,106850.80835512755,106966.78079976198,106850.80835512749,107245.81717310993,-395.0088179824379,-279.0363733479462,115.9724446344917,-279.0363733479462,-384.30573108184035,1.0,2,continuous affine segment between selected reference and payment-certified profile; exact joint LP minimum and convex endpoint maximum,12,24c22cf48f270dd697fc87c9d0031cf4bbf6ea3f67878370ca068c2999062c4a
102,q01,0.5826705226086141,0.5826705226086141,optimal,True,106141.54451753231,106145.80170701697,106141.54451753225,106142.15129268423,-0.6067751519731246,3.6504143327474594,4.257189484720584,3.6504143327474594,-17.408897253728355,0.0,2,continuous affine segment between selected reference and payment-certified profile; exact joint LP minimum and convex endpoint maximum,12,24c22cf48f270dd697fc87c9d0031cf4bbf6ea3f67878370ca068c2999062c4a
102,q99,5.320912625466783,5.320912625466783,optimal,True,106429.19237499154,106468.28237738204,106429.19237499149,106434.49536701938,-5.302992027893197,33.78701036266284,39.09000239055604,33.78701036266284,-160.4726054364437,0.0,2,continuous affine segment between selected reference and payment-certified profile; exact joint LP minimum and convex endpoint maximum,12,24c22cf48f270dd697fc87c9d0031cf4bbf6ea3f67878370ca068c2999062c4a
103,q01,0.5826705226086141,0.5826705226086141,optimal,True,106132.97681941329,106133.81693463333,106132.97681941322,106128.27591897221,4.7009004410065245,5.541015661117854,0.8401152201113291,5.541015661117854,18.23462845273025,0.0,2,continuous affine segment between selected reference and payment-certified profile; exact joint LP minimum and convex endpoint maximum,12,24c22cf48f270dd697fc87c9d0031cf4bbf6ea3f67878370ca068c2999062c4a
103,q99,5.320912625466783,5.320912625466783,optimal,True,106349.85215544378,106358.88536465401,106349.85215544372,106307.78627791582,42.06587752790074,51.099086738191545,9.033209210290806,51.099086738191545,166.57969838997815,0.0,2,continuous affine segment between selected reference and payment-certified profile; exact joint LP minimum and convex endpoint maximum,12,24c22cf48f270dd697fc87c9d0031cf4bbf6ea3f67878370ca068c2999062c4a
104,q01,0.5826705226086141,0.5826705226086141,optimal,True,106106.6206376211,106106.6206376211,106106.62063762103,106106.67803122065,-0.05739359962171875,-0.05739359954895917,7.275957614183426e-11,-0.05739359954895917,13.773758184484905,0.0,2,continuous affine segment between selected reference and payment-certified profile; exact joint LP minimum and convex endpoint maximum,12,24c22cf48f270dd697fc87c9d0031cf4bbf6ea3f67878370ca068c2999062c4a
104,q99,5.320912625466783,5.320912625466783,optimal,True,106108.41182188425,106108.41182188425,106108.41182188419,106108.93593682846,-0.5241149442736059,-0.5241149442153983,5.820766091346741e-11,-0.5241149442153983,125.78114213822118,0.0,2,continuous affine segment between selected reference and payment-certified profile; exact joint LP minimum and convex endpoint maximum,12,24c22cf48f270dd697fc87c9d0031cf4bbf6ea3f67878370ca068c2999062c4a
105,q01,0.5826705226086141,0.5826705226086141,optimal,True,106115.66352674694,106115.66352674857,106115.66352674688,106119.81827842024,-4.154751673355349,-4.154751671667327,1.6880221664905548e-09,-4.154751671667327,-7.421501076198183,0.0,2,continuous affine segment between selected reference and payment-certified profile; exact joint LP minimum and convex endpoint maximum,12,24c22cf48f270dd697fc87c9d0031cf4bbf6ea3f67878370ca068c2999062c4a
105,q99,5.320912625466783,5.320912625466783,optimal,True,106191.18852020043,106191.64872027216,106191.18852020038,106229.58966591409,-38.40114571370941,-37.94094564192346,0.46020007178594824,-37.94094564192346,-68.43047894850315,0.0,2,continuous affine segment between selected reference and payment-certified profile; exact joint LP minimum and convex endpoint maximum,12,24c22cf48f270dd697fc87c9d0031cf4bbf6ea3f67878370ca068c2999062c4a
106,q01,0.5826705226086141,0.5826705226086141,optimal,True,106108.00618172555,106108.00618185934,106108.00618173458,106108.13897368868,-0.13279196312942076,-0.13279182933911216,1.3379030860960484e-07,-0.13279182933911216,6.230587167578051,0.0,2,continuous affine segment between selected reference and payment-certified profile; exact joint LP minimum and convex endpoint maximum,12,24c22cf48f270dd697fc87c9d0031cf4bbf6ea3f67878370ca068c2999062c4a
106,q99,5.320912625466783,5.320912625466783,optimal,True,106121.06452840092,106121.07996324563,106121.06452839883,106122.29261034886,-1.2280819500301732,-1.212647103224299,0.015434846805874258,-1.212647103224299,56.88191854710749,0.0,2,continuous affine segment between selected reference and payment-certified profile; exact joint LP minimum and convex endpoint maximum,12,24c22cf48f270dd697fc87c9d0031cf4bbf6ea3f67878370ca068c2999062c4a
107,q01,0.5826705226086141,0.5826705226086141,optimal,True,106120.29161846726,106120.29161909432,106120.29161847156,106125.17133696459,-4.879718497322756,-4.879717870266177,6.27056579105556e-07,-4.879717870266177,-1.7365622643264942,0.0,2,continuous affine segment between selected reference and payment-certified profile; exact joint LP minimum and convex endpoint maximum,12,24c22cf48f270dd697fc87c9d0031cf4bbf6ea3f67878370ca068c2999062c4a
107,q99,5.320912625466783,5.320912625466783,optimal,True,106233.5784989127,106233.80764430194,106233.57849892115,106278.36893823606,-44.79043932336208,-44.56129393412266,0.22914538923942018,-44.56129393412266,-16.267631375332712,0.0,2,continuous affine segment between selected reference and payment-certified profile; exact joint LP minimum and convex endpoint maximum,12,24c22cf48f270dd697fc87c9d0031cf4bbf6ea3f67878370ca068c2999062c4a
108,q01,0.5826705226086141,0.5826705226086141,optimal,True,106111.17679735081,106111.17679767012,106111.17679735801,106111.6944154279,-0.5176180770940846,-0.5176177577814087,3.1931267585605383e-07,-0.5176177577814087,18.877852772857295,0.0,2,continuous affine segment between selected reference and payment-certified profile; exact joint LP minimum and convex endpoint maximum,12,24c22cf48f270dd697fc87c9d0031cf4bbf6ea3f67878370ca068c2999062c4a
108,q99,5.320912625466783,5.320912625466783,optimal,True,106150.01840208488,106150.01840500082,106150.01840208482,106154.74525963937,-4.726857554545859,-4.726854638545774,2.91600008495152e-06,-4.726854638545774,172.42919883981813,0.0,2,continuous affine segment between selected reference and payment-certified profile; exact joint LP minimum and convex endpoint maximum,12,24c22cf48f270dd697fc87c9d0031cf4bbf6ea3f67878370ca068c2999062c4a
109,q01,0.5826705226086141,0.5826705226086141,optimal,True,106137.16880127907,106146.25655511813,106137.168801279,106159.87157691676,-22.702775637764717,-13.615021798628732,9.087753839135985,-13.615021798628732,-21.862997225063737,1.0,2,continuous affine segment between selected reference and payment-certified profile; exact joint LP minimum and convex endpoint maximum,12,24c22cf48f270dd697fc87c9d0031cf4bbf6ea3f67878370ca068c2999062c4a
109,q99,5.320912625466783,5.320912625466783,optimal,True,106391.54281808886,106472.81998237623,106391.54281808875,106596.31595076488,-204.77313267612772,-123.49596838865546,81.27716428747226,-123.49596838865546,-200.1950159000553,1.0,2,continuous affine segment between selected reference and payment-certified profile; exact joint LP minimum and convex endpoint maximum,12,24c22cf48f270dd697fc87c9d0031cf4bbf6ea3f67878370ca068c2999062c4a
110,q01,0.5826705226086141,0.5826705226086141,optimal,True,106114.07021740699,106114.07021740699,106114.07021740693,106117.05146625564,-2.9812488487077644,-2.9812488486495567,5.820766091346741e-11,-2.9812488486495567,6.3698349730693735,0.0,2,continuous affine segment between selected reference and payment-certified profile; exact joint LP minimum and convex endpoint maximum,12,24c22cf48f270dd697fc87c9d0031cf4bbf6ea3f67878370ca068c2999062c4a
110,q99,5.320912625466783,5.320912625466783,optimal,True,106176.44094228616,106176.44094228616,106176.4409422861,106203.6655298067,-27.224587520599016,-27.22458752054081,5.820766091346741e-11,-27.22458752054081,58.311438390635885,0.0,2,continuous affine segment between selected reference and payment-certified profile; exact joint LP minimum and convex endpoint maximum,12,24c22cf48f270dd697fc87c9d0031cf4bbf6ea3f67878370ca068c2999062c4a
111,q01,0.5826705226086141,0.5826705226086141,optimal,True,106119.86238849029,106119.86238850071,106119.8623884911,106123.14848376103,-3.286095270741498,-3.286095260322327,1.0419171303510666e-08,-3.286095260322327,18.864806993631646,0.0,2,continuous affine segment between selected reference and payment-certified profile; exact joint LP minimum and convex endpoint maximum,12,24c22cf48f270dd697fc87c9d0031cf4bbf6ea3f67878370ca068c2999062c4a
111,q99,5.320912625466783,5.320912625466783,optimal,True,106230.32528246849,106230.57411818401,106230.32528246759,106260.58254504026,-30.257262572675245,-30.00842685624957,0.24883571642567404,-30.00842685624957,172.7708570003888,0.0,2,continuous affine segment between selected reference and payment-certified profile; exact joint LP minimum and convex endpoint maximum,12,24c22cf48f270dd697fc87c9d0031cf4bbf6ea3f67878370ca068c2999062c4a
112,q01,0.5826705226086141,0.5826705226086141,optimal,True,106117.49278525796,106117.49278534803,106117.4927852717,106121.6621972971,-4.1694120391475735,-4.169411949071218,9.007635526359081e-08,-4.169411949071218,25.801258892315673,0.0,2,continuous affine segment between selected reference and payment-certified profile; exact joint LP minimum and convex endpoint maximum,12,24c22cf48f270dd697fc87c9d0031cf4bbf6ea3f67878370ca068c2999062c4a
112,q99,5.320912625466783,5.320912625466783,optimal,True,106207.69562873937,106207.6956295619,106207.69562873931,106245.77045198707,-38.07482324776356,-38.0748224251729,8.225906640291214e-07,-38.0748224251729,237.3689683012053,0.0,2,continuous affine segment between selected reference and payment-certified profile; exact joint LP minimum and convex endpoint maximum,12,24c22cf48f270dd697fc87c9d0031cf4bbf6ea3f67878370ca068c2999062c4a
113,q01,0.5826705226086141,0.5826705226086141,optimal,True,106135.29914183407,106135.81714921589,106135.29914184114,106145.24169455719,-9.94255272312148,-9.424545341302291,0.5180073818191886,-9.424545341302291,-7.016100827124319,0.0,2,continuous affine segment between selected reference and payment-certified profile; exact joint LP minimum and convex endpoint maximum,12,24c22cf48f270dd697fc87c9d0031cf4bbf6ea3f67878370ca068c2999062c4a
113,q99,5.320912625466783,5.320912625466783,optimal,True,106371.20992650598,106376.33103647793,106371.20992650592,106462.39542509927,-91.18549859334598,-86.06438862133655,5.121109972009435,-86.06438862133655,-64.02868735016091,0.0,2,continuous affine segment between selected reference and payment-certified profile; exact joint LP minimum and convex endpoint maximum,12,24c22cf48f270dd697fc87c9d0031cf4bbf6ea3f67878370ca068c2999062c4a
114,q01,0.5826705226086141,0.5826705226086141,optimal,True,106157.10628271021,106174.48804643546,106157.10628271014,106194.41507932998,-37.30879661983636,-19.927032894513104,17.381763725323253,-19.927032894513104,11.909927144413814,0.0,2,continuous affine segment between selected reference and payment-certified profile; exact joint LP minimum and convex endpoint maximum,12,24c22cf48f270dd697fc87c9d0031cf4bbf6ea3f67878370ca068c2999062c4a
114,q99,5.320912625466783,5.320912625466783,optimal,True,106573.74253310337,106731.01260233916,106573.74253310333,106912.01553205878,-338.27299895545,-181.00292971961608,157.27006923583394,-181.00292971961608,112.93140936146665,0.0,2,continuous affine segment between selected reference and payment-certified profile; exact joint LP minimum and convex endpoint maximum,12,24c22cf48f270dd697fc87c9d0031cf4bbf6ea3f67878370ca068c2999062c4a
