day,solver_success,global_lp_status,mean_absolute_target_deviation_mw,first_stage_optimal_target_deviation_mw,worst_case_fractional_cost_margin,certified_n1_baseline_cost_usd,reference_n1_baseline_cost_usd,payment_cap_violation_usd,certificate_schema_version,candidate_checksum,conversion_scale_q01,conversion_scale_q10,conversion_scale_q50,conversion_scale_q90,conversion_scale_q99,certified_cost_q01_usd,certified_cost_q10_usd,certified_cost_q50_usd,certified_cost_q90_usd,certified_cost_q99_usd,reference_cost_q01_usd,reference_cost_q10_usd,reference_cost_q50_usd,reference_cost_q90_usd,reference_cost_q99_usd,weight_rho_0.03,weight_rho_0.1,weight_rho_0.3,weight_rho_1,weight_rho_3,weight_rho_10,weight_feasible_quantile
61,1,Vertex-cost Jensen certificate: exact global LP with independent N-1 replay,1e-09,0.0,8.365569081447414e-06,106197.79847141844,106199.34082321204,0.0,10,d15af9651f38fc51549aec50cca5fe8a9c3141f51928081fe6375eb3bf23c7a3,0.5826705226086141,0.6871175459512688,0.9698487058668352,1.3490609178395556,5.320912625466783,106161.3109762619,106171.1540160382,106197.79847141844,106233.53525707925,106610.83042626183,106162.1990834622,106172.20132153308,106199.34082321204,106235.88680720206,106619.71897123808,0.0,-2.2561677696929173e-08,0.0,0.9999999941361726,-1.0530635961284523e-09,0.0,2.9478568974784263e-08
62,1,Vertex-cost Jensen certificate: exact global LP with independent N-1 replay,1e-09,0.0,0.0002002212471257,106332.607437578,106368.6900883239,0.0,10,d15af9651f38fc51549aec50cca5fe8a9c3141f51928081fe6375eb3bf23c7a3,0.5826705226086141,0.6871175459512688,0.9698487058668352,1.3490609178395556,5.320912625466783,106242.30217652784,106266.66335212276,106332.607437578,106421.1185521968,107362.71082447642,106263.57840270973,106291.87021128676,106368.6900883239,106471.86877154197,107553.26807859194,0.0,0.0,0.0,1.0000000000000002,1.5308874379013601e-09,-1.5308873932294467e-09,0.0
63,1,Vertex-cost Jensen certificate: exact global LP with independent N-1 replay,1e-09,0.0,0.0001702689932477,106349.53880795094,106379.81249193502,0.0,10,d15af9651f38fc51549aec50cca5fe8a9c3141f51928081fe6375eb3bf23c7a3,0.5826705226086141,0.6871175459512688,0.9698487058668352,1.3490609178395556,5.320912625466783,106252.29335395207,106278.44550523764,106349.53880795094,106445.06552613496,107455.7652475872,106270.38776905084,106299.89055967,106379.81249193502,106487.23318979848,107614.97648834296,0.0,0.0,0.0,0.999999998644436,0.0,6.602126835753585e-11,0.0
64,1,Vertex-cost Jensen certificate: exact global LP with independent N-1 replay,1e-09,0.0,0.000198161884314,106354.6650464448,106390.32337663363,0.0,10,d15af9651f38fc51549aec50cca5fe8a9c3141f51928081fe6375eb3bf23c7a3,0.5826705226086141,0.6871175459512688,0.9698487058668352,1.3490609178395556,5.320912625466783,106255.50542014831,106282.23335266869,106354.6650464448,106452.41955607593,107486.36405396006,106276.56538459336,106307.18333361766,106390.32337663363,106501.96070609472,107672.39966129194,0.0,0.0,0.0,1.0,0.0,0.0,0.0
65,1,Vertex-cost Jensen certificate: exact global LP with independent N-1 replay,0.3910619966898978,0.3910619956898978,4.158485804359394e-13,106179.49862499682,106179.58852194509,0.0,10,d15af9651f38fc51549aec50cca5fe8a9c3141f51928081fe6375eb3bf23c7a3,0.5826705226086141,0.6871175459512688,0.9698487058668352,1.3490609178395556,5.320912625466783,106150.23718836663,106158.1308923172,106179.49862499682,106208.15802418267,106509.34905299416,106150.2911971017,106158.19458242688,106179.58852194509,106208.28307096446,106509.36129757256,0.0,0.0,0.9960738023344642,0.0039261976655358,0.0,0.0,0.0
66,1,Vertex-cost Jensen certificate: exact global LP with independent N-1 replay,0.0,0.0,0.0001360919199328,106232.0863130016,106255.77062271789,0.0,10,d15af9651f38fc51549aec50cca5fe8a9c3141f51928081fe6375eb3bf23c7a3,0.5826705226086141,0.6871175459512688,0.9698487058668352,1.3490609178395556,5.320912625466783,106181.6078322696,106195.08919955856,106232.0863130016,106281.85643298032,106804.8004430054,106196.06025798943,106212.16800922196,106255.77062271789,106314.38077729494,106931.96214653437,0.0,0.0,0.0,1.0,0.0,0.0,0.0
67,1,Vertex-cost Jensen certificate: exact global LP with independent N-1 replay,0.0929091687579509,0.0929091687484223,9.399265037394029e-14,106124.61350073492,106124.61350073492,1.4551915228366852e-11,10,d15af9651f38fc51549aec50cca5fe8a9c3141f51928081fe6375eb3bf23c7a3,0.5826705226086141,0.6871175459512688,0.9698487058668352,1.3490609178395556,5.320912625466783,106117.34254607552,106119.30399329508,106124.61350073492,106131.73485963052,106206.32365344351,106117.34254607552,106119.3039932951,106124.61350073492,106131.73485963052,106206.32365344351,0.0,-0.0,1.0,0.0,0.0,0.0,0.0
68,1,Vertex-cost Jensen certificate: exact global LP with independent N-1 replay,1.0000000000000003e-09,0.0,4.250790795476709e-05,106205.0252192144,106212.5859767082,0.0,10,d15af9651f38fc51549aec50cca5fe8a9c3141f51928081fe6375eb3bf23c7a3,0.5826705226086141,0.6871175459512688,0.9698487058668352,1.3490609178395556,5.320912625466783,106165.65269769698,106176.27401586989,106205.0252192144,106243.58767345684,106651.288989682,106170.16576932106,106181.59608139182,106212.5859767082,106254.33833565896,106692.6467221267,0.0,0.0,-8.943724357018589e-09,0.9999999977482736,0.0,0.0,1.1195450627354688e-08
69,1,Vertex-cost Jensen certificate: exact global LP with independent N-1 replay,1e-09,0.0,0.0002958193379526,106345.29752929242,106398.46265404084,0.0,10,d15af9651f38fc51549aec50cca5fe8a9c3141f51928081fe6375eb3bf23c7a3,0.5826705226086141,0.6871175459512688,0.9698487058668352,1.3490609178395556,5.320912625466783,106249.9261928579,106275.65401698004,106345.29752929242,106438.9018879749,107435.9835832506,106281.366135399,106312.89924545054,106398.46265404084,106513.28245244862,107717.19348814948,0.0,0.0,0.0,0.9999999976092246,0.0,1.0636566433907616e-09,0.0
70,1,Vertex-cost Jensen certificate: exact global LP with independent N-1 replay,1e-09,0.0,0.0001609708022028,106272.5450627198,106301.29647490132,0.0,10,d15af9651f38fc51549aec50cca5fe8a9c3141f51928081fe6375eb3bf23c7a3,0.5826705226086141,0.6871175459512688,0.9698487058668352,1.3490609178395556,5.320912625466783,106206.20144649663,106224.09135978126,106272.5450627198,106337.60848354116,107027.9137085831,106223.3001107389,106244.32646533858,106301.29647490132,106377.8671760273,107181.74990960576,0.0,0.0,0.0,0.9999999981796206,0.0,7.138803631670449e-11,0.0
71,1,Vertex-cost Jensen certificate: exact global LP with independent N-1 replay,1e-09,0.0,0.0001008459502713,106354.8930364041,106372.77941751934,0.0,10,d15af9651f38fc51549aec50cca5fe8a9c3141f51928081fe6375eb3bf23c7a3,0.5826705226086141,0.6871175459512688,0.9698487058668352,1.3490609178395556,5.320912625466783,106255.31059118142,106282.00359949528,106354.8930364041,106452.66950176057,107488.14745303657,106266.02695784876,106294.73716858336,106372.77941751934,106477.5570342208,107575.67979192524,0.0,0.0,0.0,0.9999999970335476,1.7243706828583243e-09,0.0,0.0
72,1,Vertex-cost Jensen certificate: exact global LP with independent N-1 replay,1e-09,0.0,0.0001253439468605,106257.21679843152,106279.57945999214,0.0,10,d15af9651f38fc51549aec50cca5fe8a9c3141f51928081fe6375eb3bf23c7a3,0.5826705226086141,0.6871175459512688,0.9698487058668352,1.3490609178395556,5.320912625466783,106197.00861388704,106213.25065935464,106257.21679843152,106316.18623376446,106942.24441652224,106210.32119292184,106228.97302508733,106279.57945999214,106347.75907793324,107062.44639870344,0.0,0.0,0.0,0.999999997721053,0.0,0.0,0.0
73,1,Vertex-cost Jensen certificate: exact global LP with independent N-1 replay,1e-09,0.0,0.0001593160738616,106296.53196358882,106324.90994699084,0.0,10,d15af9651f38fc51549aec50cca5fe8a9c3141f51928081fe6375eb3bf23c7a3,0.5826705226086141,0.6871175459512688,0.9698487058668352,1.3490609178395556,5.320912625466783,106220.55715407518,106241.02041004042,106296.53196358882,106371.40715617628,107161.21094623128,106237.48249267286,106261.05112034013,106324.90994699084,106410.65979838592,107311.8715942491,0.0,0.0,0.0,0.9999999978234486,2.9920141800609404e-09,-8.154627620199233e-10,0.0
74,1,Vertex-cost Jensen certificate: exact global LP with independent N-1 replay,1.0000000000000003e-09,0.0,0.000110862953553,106225.70346283958,106245.57666422529,0.0,10,d15af9651f38fc51549aec50cca5fe8a9c3141f51928081fe6375eb3bf23c7a3,0.5826705226086141,0.6871175459512688,0.9698487058668352,1.3490609178395556,5.320912625466783,106178.07587560796,106190.92411946684,106225.70346283958,106272.6312085282,106768.99104401108,106189.8478774401,106204.87772791498,106245.57666422529,106300.26639495316,106874.15103610777,-8.894528524871099e-09,0.0,0.0,0.9999999992331068,4.253967444555803e-09,-3.8289996748906617e-10,9.053512224936275e-10
75,1,Vertex-cost Jensen certificate: exact global LP with independent N-1 replay,1e-09,0.0,0.0002861404813572,106353.24663890812,106404.01032236005,0.0,10,d15af9651f38fc51549aec50cca5fe8a9c3141f51928081fe6375eb3bf23c7a3,0.5826705226086141,0.6871175459512688,0.9698487058668352,1.3490609178395556,5.320912625466783,106254.5101366402,106281.05965889987,106353.24663890812,106450.37936052142,107478.4143382588,106284.92255553127,106317.00251484316,106404.01032236005,106520.9534581177,107748.88604318297,0.0,0.0,0.0,1.0000000000000002,0.0,0.0,0.0
76,1,Vertex-cost Jensen certificate: exact global LP with independent N-1 replay,0.6585722449750433,0.6585722446535951,9.347824562896872e-14,106258.75430388824,106258.75430388824,2.9103830456733704e-11,10,d15af9651f38fc51549aec50cca5fe8a9c3141f51928081fe6375eb3bf23c7a3,0.5826705226086141,0.6871175459512688,0.9698487058668352,1.3490609178395556,5.320912625466783,106197.71935659004,106214.12950711654,106258.75430388824,106318.63642317503,106946.44186593426,106197.71935659,106214.12950711654,106258.75430388824,106318.63642317503,106946.44186593426,0.0,-0.0,1.0,0.0,0.0,0.0,0.0
77,1,Vertex-cost Jensen certificate: exact global LP with independent N-1 replay,0.0022700089908347,0.0022700089744413,9.427751028826961e-14,106122.3720184916,106122.37201849156,2.9103830456733704e-11,10,d15af9651f38fc51549aec50cca5fe8a9c3141f51928081fe6375eb3bf23c7a3,0.5826705226086141,0.6871175459512688,0.9698487058668352,1.3490609178395556,5.320912625466783,106115.99589724024,106117.71594995492,106122.3720184916,106128.6169546684,106194.1246274308,106115.99589724028,106117.71594995492,106122.37201849156,106128.6169546684,106194.1246274308,0.0,-0.0,1.0,0.0,0.0,0.0,0.0
78,1,Vertex-cost Jensen certificate: exact global LP with independent N-1 replay,1e-09,0.0,1.0292993887762908e-05,106169.11200944828,106170.93054957094,0.0,10,d15af9651f38fc51549aec50cca5fe8a9c3141f51928081fe6375eb3bf23c7a3,0.5826705226086141,0.6871175459512688,0.9698487058668352,1.3490609178395556,5.320912625466783,106144.07658115798,106150.83025705218,106169.11200944828,106193.63234801628,106451.93004419249,106145.1691327253,106152.118654736,106170.93054957094,106196.21499656196,106462.1447706797,0.0,0.0,0.0,0.9999999729379212,0.0,0.0,2.7062081179080047e-08
79,1,Vertex-cost Jensen certificate: exact global LP with independent N-1 replay,9.999999999999999e-10,0.0,9.681759769896094e-05,106390.40140010272,106407.77981250896,0.0,10,d15af9651f38fc51549aec50cca5fe8a9c3141f51928081fe6375eb3bf23c7a3,0.5826705226086141,0.6871175459512688,0.9698487058668352,1.3490609178395556,5.320912625466783,106276.87027669592,106307.46803539782,106390.40140010272,106501.90970272436,107705.23669748438,106287.16067201062,106319.68914984156,106407.77981250896,106526.0673821472,107799.72632999237,0.0,0.0,0.0,1.0000000010709325,-8.39176454408275e-10,0.0,-9.125576989658507e-10
80,1,Vertex-cost Jensen certificate: exact global LP with independent N-1 replay,1e-09,0.0,0.0001050459768163,106261.43926357428,106280.3518564468,0.0,10,d15af9651f38fc51549aec50cca5fe8a9c3141f51928081fe6375eb3bf23c7a3,0.5826705226086141,0.6871175459512688,0.9698487058668352,1.3490609178395556,5.320912625466783,106199.5454074679,106216.2421876922,106261.43926357428,106322.17185840012,106966.45188271136,106210.70241444124,106229.46717005952,106280.3518564468,106348.64838364458,107065.98062738382,0.0,5.0681819973196995e-09,-8.879973083217831e-09,1.0000000064502634,-2.63847275936977e-09,0.0,-0.0
81,1,Vertex-cost Jensen certificate: exact global LP with independent N-1 replay,1e-09,0.0,0.0005664605214252,106449.6695326438,106550.36286278816,0.0,10,d15af9651f38fc51549aec50cca5fe8a9c3141f51928081fe6375eb3bf23c7a3,0.5826705226086141,0.6871175459512688,0.9698487058668352,1.3490609178395556,5.320912625466783,106312.3002978286,106349.24474095364,106449.6695326438,106585.04819275372,108024.95345955028,106372.55615144147,106420.48032083188,106550.36286278816,106724.84012535072,108575.6480736804,0.0,0.0,0.0,0.9999999947197974,0.0,5.28020265932158e-09,0.0
82,1,Vertex-cost Jensen certificate: exact global LP with independent N-1 replay,0.2573900619199306,0.2573900609199306,2.6931183465175082e-12,106275.50675826012,106275.955541807,0.0,10,d15af9651f38fc51549aec50cca5fe8a9c3141f51928081fe6375eb3bf23c7a3,0.5826705226086141,0.6871175459512688,0.9698487058668352,1.3490609178395556,5.320912625466783,106207.99694679648,106226.20871377796,106275.50675826012,106341.77852616142,107043.4531704394,106208.2251935308,106226.47787504466,106275.955541807,106342.64444456674,107043.4639474123,0.0,0.0,0.0,0.5992645682764649,0.0,0.0,0.4007354317235351
83,1,Vertex-cost Jensen certificate: exact global LP with independent N-1 replay,0.0347900494747759,0.0347900484747759,9.388665912393409e-14,106146.28494127968,106146.28494127968,1.4551915228366852e-11,10,d15af9651f38fc51549aec50cca5fe8a9c3141f51928081fe6375eb3bf23c7a3,0.5826705226086141,0.6871175459512688,0.9698487058668352,1.3490609178395556,5.320912625466783,106130.36242176492,106134.65775615964,106146.28494127968,106161.87986399604,106326.22291397351,106130.3624217649,106134.65775615964,106146.28494127968,106161.87986399604,106326.2229139735,-0.0,1.0,0.0,0.0,0.0,0.0,0.0
84,1,Vertex-cost Jensen certificate: exact global LP with independent N-1 replay,1e-09,0.0,8.902263798082273e-13,106136.57871806642,106136.5787182071,0.0,10,d15af9651f38fc51549aec50cca5fe8a9c3141f51928081fe6375eb3bf23c7a3,0.5826705226086141,0.6871175459512688,0.9698487058668352,1.3490609178395556,5.320912625466783,106124.53106877346,106127.7810997962,106136.57871806642,106148.37849381568,106272.02822363884,106124.531068858,106127.7810998959,106136.5787182071,106148.3784940114,106272.02822441208,0.0,0.0,0.0,1.3081368261764316e-09,0.0,-1.3081364616339379e-09,1.0
85,1,Vertex-cost Jensen certificate: exact global LP with independent N-1 replay,1e-09,0.0,0.0001784154736309,106282.21313683764,106313.91935508174,0.0,10,d15af9651f38fc51549aec50cca5fe8a9c3141f51928081fe6375eb3bf23c7a3,0.5826705226086141,0.6871175459512688,0.9698487058668352,1.3490609178395556,5.320912625466783,106211.98087408896,106230.9067828208,106282.21313683764,106351.2639173465,107081.43621032329,106230.93389117856,106253.2958913084,106313.91935508174,106395.4813086466,107252.126428312,0.0,0.0,0.0,0.0,0.9999999977153566,1.6144568005393268e-10,0.0
86,1,Vertex-cost Jensen certificate: exact global LP with independent N-1 replay,1.0000000102690795e-09,0.0,0.0001197035266571,106238.23739336248,106259.59961479192,0.0,10,d15af9651f38fc51549aec50cca5fe8a9c3141f51928081fe6375eb3bf23c7a3,0.5826705226086141,0.6871175459512688,0.9698487058668352,1.3490609178395556,5.320912625466783,106185.60607264172,106199.80414738244,106238.23739336248,106289.78585454282,106836.99678443489,106198.31838586726,106214.79521545256,106259.59961479192,106319.77017294182,106951.4302687856,0.0,0.0,0.0,1.00000001980189,-1.9801892958328765e-08,0.0,0.0
87,1,Vertex-cost Jensen certificate: exact global LP with independent N-1 replay,1e-09,0.0,7.145040757338859e-05,106376.16210185034,106389.2100412066,0.0,10,d15af9651f38fc51549aec50cca5fe8a9c3141f51928081fe6375eb3bf23c7a3,0.5826705226086141,0.6871175459512688,0.9698487058668352,1.3490609178395556,5.320912625466783,106268.2972514176,106297.31819284664,106376.16210185034,106482.36263655328,107607.91219134012,106275.89055897464,106306.451164123,106389.2100412066,106500.37472267136,107667.07198174552,0.0,0.0,0.0,0.9999999980815808,0.0,5.223806028354162e-10,0.0
88,1,Vertex-cost Jensen certificate: exact global LP with independent N-1 replay,1.0000000032632294e-09,0.0,5.28197966910187e-05,106256.0151332073,106265.51992938618,0.0,10,d15af9651f38fc51549aec50cca5fe8a9c3141f51928081fe6375eb3bf23c7a3,0.5826705226086141,0.6871175459512688,0.9698487058668352,1.3490609178395556,5.320912625466783,106196.28667148516,106212.39930464854,106256.0151332073,106314.5147157426,106933.93386127916,106201.89623404246,106219.03317841068,106265.51992938618,106328.12537880724,106985.33303340177,0.0,0.0,0.0,1.000000001132881,-1.1328804989751334e-09,-1.1109928613414799e-16,0.0
89,1,Vertex-cost Jensen certificate: exact global LP with independent N-1 replay,0.1337281392017058,0.1337281382017057,1.0155882271007936e-14,106172.47876637588,106172.49276078444,8.934875950217247e-09,10,d15af9651f38fc51549aec50cca5fe8a9c3141f51928081fe6375eb3bf23c7a3,0.5826705226086141,0.6871175459512688,0.9698487058668352,1.3490609178395556,5.320912625466783,106146.09927810715,106153.21553399684,106172.47876637588,106198.32494586472,106470.76579350598,106146.0992780996,106153.21553398792,106172.49276078444,106198.4128571814,106470.87519887178,0.0,0.0,0.9999999353693528,0.0,0.0,0.0,6.463064714853965e-08
90,1,Vertex-cost Jensen certificate: exact global LP with independent N-1 replay,0.0,0.0,9.420607812227669e-14,106137.06082933408,106137.06082933408,0.0,10,d15af9651f38fc51549aec50cca5fe8a9c3141f51928081fe6375eb3bf23c7a3,0.5826705226086141,0.6871175459512688,0.9698487058668352,1.3490609178395556,5.320912625466783,106124.82071397542,106128.12266555704,106137.06082933408,106149.04911126904,106274.64678151108,106124.82071397542,106128.12266555704,106137.06082933408,106149.04911126904,106274.64678151108,0.0,0.0,0.0,0.0,0.0,0.0,1.0
91,1,Vertex-cost Jensen certificate: exact global LP with independent N-1 replay,1e-09,0.0,0.0001085973695528,106305.11830375208,106324.53219004784,0.0,10,d15af9651f38fc51549aec50cca5fe8a9c3141f51928081fe6375eb3bf23c7a3,0.5826705226086141,0.6871175459512688,0.9698487058668352,1.3490609178395556,5.320912625466783,106225.70223537322,106247.08777658473,106305.11830375208,106383.43277843394,107210.72513717484,106237.23917455072,106260.76418605311,106324.53219004784,106410.30465331693,107319.30201828468,0.0,0.0,0.0,0.9999999985026444,-4.125522334841098e-10,5.383089595908786e-10,0.0
92,1,Vertex-cost Jensen certificate: exact global LP with independent N-1 replay,1e-09,0.0,9.56568719780172e-14,106137.00909678446,106137.00909678446,1.4551915228366852e-11,10,d15af9651f38fc51549aec50cca5fe8a9c3141f51928081fe6375eb3bf23c7a3,0.5826705226086141,0.6871175459512688,0.9698487058668352,1.3490609178395556,5.320912625466783,106124.7896338373,106128.08601412646,106137.00909678446,106148.97715121954,106274.88005876332,106124.7896338373,106128.08601412644,106137.00909678446,106149.00522501644,106275.0271594428,0.0,1.8672378332813275e-08,0.0,0.0,0.99999998132762,0.0,0.0
93,1,Vertex-cost Jensen certificate: exact global LP with independent N-1 replay,9.999999976775112e-10,0.0,9.364292220099548e-14,106128.23947763776,106128.23947763776,0.0,10,d15af9651f38fc51549aec50cca5fe8a9c3141f51928081fe6375eb3bf23c7a3,0.5826705226086141,0.6871175459512688,0.9698487058668352,1.3490609178395556,5.320912625466783,106119.52097848892,106121.87292217655,106128.23947763776,106136.77859861685,106226.49981644118,106119.52097848892,106121.87292217658,106128.23947763776,106136.77859861686,106226.66144310904,0.0,0.0,0.0,0.0,1.0000000000000009,0.0,-0.0
94,1,Vertex-cost Jensen certificate: exact global LP with independent N-1 replay,0.0231632218626476,0.0231632208626476,1.0518828123429732e-12,106109.6658100718,106109.66581024096,0.0,10,d15af9651f38fc51549aec50cca5fe8a9c3141f51928081fe6375eb3bf23c7a3,0.5826705226086141,0.6871175459512688,0.9698487058668352,1.3490609178395556,5.320912625466783,106108.36219823592,106108.71386674864,106109.6658100718,106110.94260083431,106124.31565004072,106108.36219833756,106108.71386686846,106109.66581024096,106110.9426010696,106124.3156509688,0.0,5.783428777023783e-09,1.0,0.0,-5.783428777023783e-09,0.0,0.0
95,1,Vertex-cost Jensen certificate: exact global LP with independent N-1 replay,0.2702589139317041,0.2702589129317041,6.011214443514673e-13,106158.38745403824,106158.47631041206,0.0,10,d15af9651f38fc51549aec50cca5fe8a9c3141f51928081fe6375eb3bf23c7a3,0.5826705226086141,0.6871175459512688,0.9698487058668352,1.3490609178395556,5.320912625466783,106137.553914222,106143.17406874926,106158.38745403824,106178.7923556018,106393.53627493036,106137.6072977956,106143.23702163371,106158.47631041206,106178.91595494312,106393.5426958467,0.0,0.0,0.99001961326676,0.0099803867332397,0.0,0.0,0.0
96,1,Vertex-cost Jensen certificate: exact global LP with independent N-1 replay,0.0,0.0,9.417313771891269e-14,106115.6657122185,106115.6657122185,2.9103830456733704e-11,10,d15af9651f38fc51549aec50cca5fe8a9c3141f51928081fe6375eb3bf23c7a3,0.5826705226086141,0.6871175459512688,0.9698487058668352,1.3490609178395556,5.320912625466783,106111.96684924827,106112.96467206914,106115.6657122185,106119.28847318332,106157.29712359696,106111.96684924827,106112.96467206912,106115.6657122185,106119.28847318327,106157.29712359696,0.0,0.0,0.0,0.0,0.0,0.0,1.0
97,1,Vertex-cost Jensen certificate: exact global LP with independent N-1 replay,0.0,0.0,9.41852435413716e-14,106113.19036093664,106113.19036093664,0.0,10,d15af9651f38fc51549aec50cca5fe8a9c3141f51928081fe6375eb3bf23c7a3,0.5826705226086141,0.6871175459512688,0.9698487058668352,1.3490609178395556,5.320912625466783,106110.47969541044,106111.21093740116,106113.19036093664,106115.8452560587,106143.65250854495,106110.47969541044,106111.21093740116,106113.19036093664,106115.84525605872,106143.65250854495,0.0,0.0,0.0,0.0,0.0,0.0,1.0
98,1,Vertex-cost Jensen certificate: exact global LP with independent N-1 replay,0.0,0.0,9.418076693149253e-14,106114.10996084084,106114.10996084084,1.4551915228366852e-11,10,d15af9651f38fc51549aec50cca5fe8a9c3141f51928081fe6375eb3bf23c7a3,0.5826705226086141,0.6871175459512688,0.9698487058668352,1.3490609178395556,5.320912625466783,106111.0321772084,106111.86245472096,106114.10996084084,106117.12442082255,106148.697739529,106111.0321772084,106111.86245472092,106114.10996084084,106117.12442082255,106148.697739529,0.0,0.0,0.0,0.0,0.0,0.0,1.0
99,1,Vertex-cost Jensen certificate: exact global LP with independent N-1 replay,0.0,0.0,9.419244228094048e-14,106111.71175551004,106111.71175551,1.4551915228366852e-11,10,d15af9651f38fc51549aec50cca5fe8a9c3141f51928081fe6375eb3bf23c7a3,0.5826705226086141,0.6871175459512688,0.9698487058668352,1.3490609178395556,5.320912625466783,106109.59137149822,106110.16337634754,106111.71175551004,106113.78851382474,106135.54038730898,106109.59137149822,106110.16337634754,106111.71175551,106113.78851382472,106135.54038730898,0.0,0.0,0.0,0.0,0.0,0.0,1.0
100,1,Vertex-cost Jensen certificate: exact global LP with independent N-1 replay,0.0,0.0,9.406008001551277e-14,106110.7359205168,106110.73592051676,1.4551915228366852e-11,10,d15af9651f38fc51549aec50cca5fe8a9c3141f51928081fe6375eb3bf23c7a3,0.5826705226086141,0.6871175459512688,0.9698487058668352,1.3490609178395556,5.320912625466783,106109.00510450416,106109.47201764208,106110.7359205168,106112.43112597268,106130.1866319196,106109.00510450416,106109.47201764204,106110.73592051676,106112.43112597268,106130.1866319196,0.0,0.0,0.0,0.0,0.0,0.0,1.0
101,1,Vertex-cost Jensen certificate: exact global LP with independent N-1 replay,1.0000000000000003e-09,0.0,0.0001223849603068,106240.64676432262,106262.40570541855,0.0,10,d15af9651f38fc51549aec50cca5fe8a9c3141f51928081fe6375eb3bf23c7a3,0.5826705226086141,0.6871175459512688,0.9698487058668352,1.3490609178395556,5.320912625466783,106187.01806344106,106201.46924560744,106240.64676432262,106293.2151722347,106850.80835504932,106200.01447162288,106216.8310382625,106262.40570541855,106323.63764856616,106966.78079976195,0.0,0.0,0.0,1.000000011738033,0.0,-1.1010994455436098e-08,-8.986319795305592e-09
102,1,Vertex-cost Jensen certificate: exact global LP with independent N-1 replay,1e-09,0.0,4.011669710025975e-05,106165.02976933766,106172.1158148495,0.0,10,d15af9651f38fc51549aec50cca5fe8a9c3141f51928081fe6375eb3bf23c7a3,0.5826705226086141,0.6871175459512688,0.9698487058668352,1.3490609178395556,5.320912625466783,106141.54451739902,106147.88001036714,106165.02976933766,106188.03182555232,106429.1923737742,106145.80170701696,106152.90032557004,106172.1158148495,106197.8885248542,106468.28237738204,-9.730171351944845e-09,0.0,0.0,1.0000000000290648,0.0,0.0,-0.0
103,1,Vertex-cost Jensen certificate: exact global LP with independent N-1 replay,1e-09,0.0,7.915622506704956e-06,106150.63657754324,106152.16729242496,0.0,10,d15af9651f38fc51549aec50cca5fe8a9c3141f51928081fe6375eb3bf23c7a3,0.5826705226086141,0.6871175459512688,0.9698487058668352,1.3490609178395556,5.320912625466783,106132.97681941328,106137.74079953764,106150.63657754324,106167.93299617668,106349.85215544378,106133.81693463332,106138.76721419836,106152.16729242496,106170.14010202412,106358.885364654,0.0,0.0,1.0880644537079394e-08,0.0,0.0,0.9999999736425434,1.5476812067823903e-08
104,1,Vertex-cost Jensen certificate: exact global LP with independent N-1 replay,0.0,0.0,9.421652430977361e-14,106106.76700149484,106106.76700149484,0.0,10,d15af9651f38fc51549aec50cca5fe8a9c3141f51928081fe6375eb3bf23c7a3,0.5826705226086141,0.6871175459512688,0.9698487058668352,1.3490609178395556,5.320912625466783,106106.6206376211,106106.66012143398,106106.76700149484,106106.91035401498,106108.41182188423,106106.62063762112,106106.66012143398,106106.76700149484,106106.91035401498,106108.41182188423,0.0,0.0,0.0,0.0,0.0,0.0,1.0
105,1,Vertex-cost Jensen certificate: exact global LP with independent N-1 replay,0.0064713594687551,0.0064713584687551,1.1952125637661548e-13,106121.81879144422,106121.81879144692,0.0,10,d15af9651f38fc51549aec50cca5fe8a9c3141f51928081fe6375eb3bf23c7a3,0.5826705226086141,0.6871175459512688,0.9698487058668352,1.3490609178395556,5.320912625466783,106115.66352674694,106117.32400014994,106121.81879144422,106127.84741506523,106191.18852020043,106115.66352674855,106117.32400015184,106121.81879144692,106127.86550677766,106191.64872027216,0.0,0.0,0.0,0.8877995178091875,0.0,0.0,0.1122004821908124
106,1,Vertex-cost Jensen certificate: exact global LP with independent N-1 replay,1e-09,0.0,8.330879988840899e-08,106109.0732244879,106109.07322471056,0.0,10,d15af9651f38fc51549aec50cca5fe8a9c3141f51928081fe6375eb3bf23c7a3,0.5826705226086141,0.6871175459512688,0.9698487058668352,1.3490609178395556,5.320912625466783,106108.00618172556,106108.29403224276,106109.0732244879,106110.11831345128,106121.06452840092,106108.00618185932,106108.29403240052,106109.07322471056,106110.11831376102,106121.07996324563,0.6304062233770406,0.0,0.0,0.0,0.0,0.0,0.3695936933142537
107,1,Vertex-cost Jensen certificate: exact global LP with independent N-1 replay,1e-09,0.0,4.5138268968434715e-08,106129.52219944488,106129.52220048854,0.0,10,d15af9651f38fc51549aec50cca5fe8a9c3141f51928081fe6375eb3bf23c7a3,0.5826705226086141,0.6871175459512688,0.9698487058668352,1.3490609178395556,5.320912625466783,106120.2916184673,106122.7817037782,106129.52219944488,106138.56286645982,106233.5784989127,106120.2916190943,106122.7817045176,106129.52220048854,106138.5628679116,106233.80764430192,0.0,0.0,0.0,0.0,0.0,0.9999998625911896,9.227063559579963e-08
108,1,Vertex-cost Jensen certificate: exact global LP with independent N-1 replay,1e-09,0.0,6.685164973946355e-08,106114.3506794846,106114.35068001608,0.0,10,d15af9651f38fc51549aec50cca5fe8a9c3141f51928081fe6375eb3bf23c7a3,0.5826705226086141,0.6871175459512688,0.9698487058668352,1.3490609178395556,5.320912625466783,106111.17679735082,106112.03299885092,106114.3506794846,106117.45926079556,106150.01840208488,106111.17679767012,106112.03299922746,106114.35068001608,106117.45926153488,106150.0184050008,0.3301897284666131,0.0,0.0,0.0,0.0,0.0,0.6698102046818312
109,1,Vertex-cost Jensen certificate: exact global LP with independent N-1 replay,0.0,0.0,8.561539656691925e-05,106157.61536005232,106172.87290453428,0.0,10,d15af9651f38fc51549aec50cca5fe8a9c3141f51928081fe6375eb3bf23c7a3,0.5826705226086141,0.6871175459512688,0.9698487058668352,1.3490609178395556,5.320912625466783,106137.16880127908,106142.68421812588,106157.61536005232,106177.948234092,106391.54281808886,106146.25655511812,106153.43670779454,106172.87290453428,106198.9416376736,106472.81998237624,0.0,0.0,0.0,0.0,0.0,1.0,0.0
110,1,Vertex-cost Jensen certificate: exact global LP with independent N-1 replay,0.0052931351459554,0.0052931351409882,9.415615811912685e-14,106119.16674549124,106119.16674549128,0.0,10,d15af9651f38fc51549aec50cca5fe8a9c3141f51928081fe6375eb3bf23c7a3,0.5826705226086141,0.6871175459512688,0.9698487058668352,1.3490609178395556,5.320912625466783,106114.070217407,106115.445080999,106119.16674549124,106124.15841540392,106176.44094228616,106114.070217407,106115.445080999,106119.16674549128,106124.15841540392,106176.44094228616,0.0,0.0,1.0,0.0,0.0,0.0,0.0
111,1,Vertex-cost Jensen certificate: exact global LP with independent N-1 replay,0.0935720665477453,0.0935720655477453,2.577496420357982e-13,106128.80775084737,106128.80775086468,0.0,10,d15af9651f38fc51549aec50cca5fe8a9c3141f51928081fe6375eb3bf23c7a3,0.5826705226086141,0.6871175459512688,0.9698487058668352,1.3490609178395556,5.320912625466783,106119.86238849028,106122.27553187314,106128.80775084737,106137.57397778404,106230.32528246848,106119.86238850073,106122.27553188545,106128.80775086468,106137.62852643376,106230.57411818404,0.0,5.162455386050321e-09,1.0,-5.162455386050322e-09,0.0,0.0,0.0
112,1,Vertex-cost Jensen certificate: exact global LP with independent N-1 replay,1.0000000000000003e-09,0.0,9.427887931240026e-13,106124.86357220926,106124.8635723592,0.0,10,d15af9651f38fc51549aec50cca5fe8a9c3141f51928081fe6375eb3bf23c7a3,0.5826705226086141,0.6871175459512688,0.9698487058668352,1.3490609178395556,5.320912625466783,106117.49278525796,106119.48116371017,106124.86357220926,106132.08270940409,106207.69562873936,106117.49278534803,106119.48116381638,106124.8635723592,106132.08270961264,106207.6956295619,0.0,0.0,1.9153450489181033e-09,1.0,0.0,-1.9153446617714013e-09,0.0
113,1,Vertex-cost Jensen certificate: exact global LP with independent N-1 replay,9.999999999999999e-10,0.0,4.885412751686029e-06,106154.5020577881,106155.36427540402,0.0,10,d15af9651f38fc51549aec50cca5fe8a9c3141f51928081fe6375eb3bf23c7a3,0.5826705226086141,0.6871175459512688,0.9698487058668352,1.3490609178395556,5.320912625466783,106135.29914183408,106140.47941153322,106154.5020577881,106173.30988464956,106371.20992650598,106135.81714921589,106141.09027470056,106155.36427540402,106174.57066147497,106376.33103647792,0.0,2.2848082259216107e-09,0.0,0.0,0.0,0.999999992909801,0.0
114,1,Vertex-cost Jensen certificate: exact global LP with independent N-1 replay,1e-09,0.0,0.0001637094188545,106190.79980503416,106219.86391275658,0.0,10,d15af9651f38fc51549aec50cca5fe8a9c3141f51928081fe6375eb3bf23c7a3,0.5826705226086141,0.6871175459512688,0.9698487058668352,1.3490609178395556,5.320912625466783,106157.1062827102,106166.19560712166,106190.79980503416,106223.80010226708,106573.74253310336,106174.48804643546,106186.7288553802,106219.86391275658,106264.306196392,106731.01260233918,0.0,0.0,0.0,0.9999999750290752,2.497092488340513e-08,0.0,0.0
