day,region,trace_available,realtime_inference_mwh,elastic_inference_mwh,batch_gpu_mwh,total_mwh,observed_execution_mwh,initial_batch_backlog_mwh
0,0,1,14.966944613584015,0.03491448162059599,49.320925712267396,64.322784807472,44.93094542175719,0.0
0,1,1,14.505207525859955,0.004585591660615845,70.81945327026062,85.3292463877812,65.18605260602499,0.0
0,2,1,14.90816372699491,0.03606621161907625,58.9894093972878,73.93363933590179,47.75846949254496,0.0
0,3,1,15.716870140927798,0.0491404799351577,80.06593329920545,95.83194392006841,68.17890907465855,0.0
1,0,1,15.39649724635054,0.021648258304767826,31.544656908276735,46.96280241293204,48.836404365165635,19.391839385714814
1,1,1,15.392956743021879,0.0,98.31914851147995,113.71210525450184,113.37245110173282,20.143193781756217
1,2,1,15.08486896842841,0.029710368294129638,173.09848352872666,188.2130628654492,195.51322832115554,26.175169843356805
1,3,1,15.314724416458441,0.0,20.50129602393271,35.81602044039115,48.78445598221276,27.65303484540989
2,0,1,11.391057579969168,0.0,45.35116485464524,56.742222434614405,65.03864888292989,17.51823743348119
2,1,1,11.123301683655813,0.021776228304598966,56.16828136450626,67.31335927646667,75.37687573545868,20.4828479345252
2,2,1,11.612125754677463,0.0,71.27145198397682,82.88357773865428,72.78963360311076,18.875004387650463
2,3,1,11.823446881065284,0.0,84.74754386245854,96.57099074352382,75.16090032097861,14.684599303588264
3,0,1,7.219726137140027,0.021968183304345676,111.65881457641562,118.90050889685999,114.86571701261343,9.221810985165709
3,1,1,6.919721800869226,0.021968183304345676,78.22407700857904,85.16576699275262,80.37355450757377,12.419331475533182
3,2,1,6.999041872431227,0.0,139.5289372636684,146.52797913609965,121.63209418695794,28.968948523193976
3,3,1,6.969608772470065,0.0,146.3628953521776,153.33250412464764,111.45550313504408,36.094689726133474
4,0,1,11.180952168579742,0.0,294.4888248250502,305.6697769936299,205.8937576211152,13.256602869412285
4,1,1,11.30883685507766,0.01623086164524957,221.01412045406747,232.33918817079038,141.97101405891397,17.211543960712053
4,2,1,11.698569489563397,0.0,75.47703740521573,87.17560689477912,90.13674800794027,53.864833472335654
4,3,1,11.42394586992577,0.0,88.37436335120886,99.79830922113463,84.42332195678723,77.97169071573705
5,0,1,14.48097853922526,0.068933173242374,120.21277679033439,134.76268850280204,182.3800178885724,113.03262224192709
5,1,1,14.71226298558674,0.04154759327851007,94.45501475195351,109.20882533081877,85.59909721948324,107.57971807258852
5,2,1,14.397563427668665,0.06552063991354361,270.85770796307315,285.32079203065535,265.539560297683,50.9036923591745
5,3,1,14.634371912356187,0.10546860819416444,95.79568259048818,110.53552311103853,119.05308529268439,93.34667798008434
6,0,1,15.207314929933506,0.7594592923312047,57.59474457457699,73.56151879684171,101.6951127500181,65.41529285615673
6,1,1,14.859001918726449,0.7020860757402436,73.8949978040365,89.4560857985032,112.7730104360997,131.18944618392393
6,2,1,13.907758253314974,0.7812355206358037,81.07007923064074,95.75907300459153,124.53342498686266,70.68492409214676
6,3,1,14.748691778872004,0.7844134422982769,84.03031847013726,99.56342369130755,122.88078094357886,84.82911579843841
7,0,1,15.813850072466497,0.15198570313278376,181.75674974556668,197.72258552116597,169.0365988870298,37.281698902980345
7,1,1,14.886408827023615,0.31243875458772796,179.69515184822217,194.8939994298335,147.78519895047828,107.87252154632725
7,2,1,14.763557627185723,0.3545195561988678,196.6499157587328,211.7679929421174,161.52537809715426,41.91057210987559
7,3,1,15.191489306621055,0.4021883811359674,179.88003234726904,195.47371003502604,176.1832901381128,61.51175854616705
8,0,1,22.193218549048737,1.684255824444242,126.90144432762854,150.7789187011215,178.36718560635757,65.96768553711652
8,1,1,22.447964162045924,1.5316089429789974,90.07443774300884,114.05401084803377,155.40535525593955,154.9813220256825
8,2,1,21.55029726989709,1.8122898092752975,59.62186849209761,82.98445557127,133.50112508962886,92.15318695483869
8,3,1,21.181082492050944,1.6224463145258015,70.28672614949136,93.09025495606811,123.82279911468427,80.8021784430803
9,0,1,16.200980650289004,367.02060422903895,94.48731297526822,477.70889785459616,465.8062057850674,38.379418631880505
9,1,1,16.408356035015363,367.17480807883544,75.44308776310913,459.0262518769599,452.21059025128346,113.62997761777669
9,2,1,16.94715239097107,364.6138084572148,66.49779809975267,448.05875894793854,456.8500272795886,41.63651743647987
9,3,1,16.01395249553579,366.4581120947812,68.28643656225013,450.75850115256713,444.8920948991565,50.069634284464094
10,0,1,8.272322042417763,156.92186860793703,182.39443751649193,347.5886281668467,295.7166420912165,50.28211070140932
10,1,1,7.745149628113381,158.24081273952999,108.07747035884731,274.06343272649065,284.7711289108707,120.4456392434532
10,2,1,7.99174781778799,156.73469115485068,179.53499362752805,344.2614326001667,350.53337369559165,32.84524910482981
10,3,1,7.7476876997767,156.44692928189704,94.55481533092903,258.7494323126028,277.15619028288586,55.9360405378747
11,0,1,9.195326994533165,6.337436973304234,213.86807361601427,229.40083758385168,236.06710847508805,102.15409677703951
11,1,1,9.591116875677574,6.28588639170559,249.3919490622344,265.26895232961755,178.48639886348258,109.73794305907315
11,2,1,9.301264826060043,6.289234940034505,272.2875328149575,287.878032581052,252.80124073828586,26.573308009404883
11,3,1,9.14134498293773,6.239625236766633,321.85849411308595,337.2394643327903,307.5317012240866,37.52928256759161
12,0,1,15.008790803528797,46.32492665553958,148.38489840133775,209.71861586040612,260.72800207475905,95.4878258858031
12,1,1,15.076806858439047,46.37086788547896,188.75425709869864,250.20193184261666,332.08221616696477,196.52049652520816
12,2,1,15.887795404035591,46.580696028535414,179.20827242542478,241.67676385799578,254.92198807326054,61.65009985217111
12,3,1,15.216230173255074,47.5981215121929,202.93937117941985,265.7537228648678,278.0262265067189,67.23704567629537
13,0,1,15.643287391024895,23.898994661797914,217.87736071688576,257.41964276970856,217.9935963230023,44.47843967145017
13,1,1,15.735255164236873,24.526900794302705,175.10852481743905,215.37068077597863,236.5347152271185,114.64021220085995
13,2,1,16.9337155409888,22.767419938291063,160.39421186974715,200.095347349027,211.41142580884988,48.40487563690634
13,3,1,16.77829597619388,23.31114313924027,199.19292918583938,239.28236830127352,240.1982970095362,54.96454203444424
14,0,1,15.125136861708608,147.06760275594002,262.9190683112784,425.111807928927,399.5019068891788,83.90448611815644
14,1,1,15.24391434988521,147.81411574995496,313.51679066762074,476.5748207674609,462.72287124412094,93.47617774972004
14,2,1,13.82295680009354,147.55932748029116,311.16556233623083,472.5478466166155,432.785061219349,37.08879717708341
14,3,1,14.905625655331594,144.20538308305012,265.00336954174645,424.11437828012816,408.89600609492027,54.048613326181666
15,0,1,16.874998639399614,10.896176262288844,95.29775777316013,123.06893267484858,151.53374281237643,109.51438715790455
15,1,1,17.927274619677775,10.943141252226873,96.96231931040668,125.83273518231132,159.9426602301967,107.32812727305999
15,2,1,17.550744223507948,11.001559557149788,99.7066490188386,128.25895279949634,149.9228065547305,76.85158257434996
15,3,1,17.659454738364502,10.984240950505974,105.77167319546693,134.4153688843374,172.76819843246457,69.26698551138962
16,0,1,12.544579158447062,47.60388016218529,156.5449163775848,216.69337569821715,259.11521542986975,81.04957702037673
16,1,1,13.440838380597754,47.90915259678248,97.45415788993213,158.80414886731236,171.37130898355684,73.21820222517461
16,2,1,13.348998577385608,47.27602102261791,70.70190361453713,131.32692321454064,140.01297089457228,55.18772881911579
16,3,1,12.20475482389547,47.52289648062549,56.37007788037644,116.0977291848974,121.28477885201067,30.91415596326246
17,0,1,6.744210946100818,180.9276968912606,68.88242233341687,256.5543301707783,268.64498360437153,38.62773728872429
17,1,1,7.072304697334555,179.89630134928825,93.1384615480618,280.1070675946846,229.00816581024645,60.651042108930014
17,2,1,6.603251991286816,181.21417906421595,89.70550980483979,277.52294086034254,261.31209963903467,46.50168113908417
17,3,1,6.478182644785182,181.37885512566532,101.36136574791654,289.21840351836704,242.39322921484586,25.727106296149188
18,0,1,8.459307540504364,287.01862319460395,116.41331788307735,411.89124861818567,377.77677645908534,26.537083855131044
18,1,1,7.218425108808411,289.57004639457057,86.43367185104904,383.222143354428,400.1655188833797,111.74994389336813
18,2,1,8.736810485138191,288.4615702560332,55.517284236196275,352.7156649773677,377.97973467216366,62.71252236039203
18,3,1,7.275926295399204,287.9604610650278,95.73409005994004,390.97047742036705,375.81796633791606,72.55228059967038
19,0,1,15.28196409650167,184.42944663830664,93.58006171377713,293.29147244858547,305.60877125880614,60.6515560142314
19,1,1,16.30182101015594,185.24815604055968,45.834844347261395,247.38482139797702,276.21790269219775,94.80656836441645
19,2,1,15.373121393048052,184.17644994864048,60.71709727541436,260.2666686171029,259.8608664019773,37.448452665596065
19,3,1,16.8420676927764,186.01081458288664,40.361170208336645,243.2140524839997,263.3277304695491,87.70479168212141
20,0,1,15.118141168384504,550.5736909801687,147.29282054467723,712.9846526932305,715.1363187184074,48.334257204010704
20,1,1,15.114472695056012,553.4540610647012,161.94509993009615,730.5136336898535,702.9659074962524,65.9734870701958
20,2,1,15.892956860695447,556.5698106355899,137.1594306174607,709.622198113746,698.6739476895515,37.85425488072163
20,3,1,13.518174917162375,554.4092718001075,169.59808823407377,737.5255349513436,711.9990580112208,67.59111369657194
21,0,1,17.30352751216749,340.68708696212013,73.20532219345935,431.195936667747,464.7501604539718,46.18259117883372
21,1,1,15.990470000566777,344.1139529309316,49.842886758598425,409.9473096900968,447.3504767985715,93.52121326379681
21,2,1,17.94250304965768,339.5825565652442,84.91139694893621,442.4364565638381,450.2240622743516,48.80250530491626
21,3,1,17.45035175864042,340.5461066789728,60.08897009221283,418.08542852982606,453.6099701071976,93.1175906366948
22,0,1,15.221135689915268,156.42216708692973,17.79194503163196,189.43524780847696,195.34787400524465,12.6283673926089
22,1,1,14.636867327352894,156.00315065081597,52.20379818652451,222.84381616469338,214.54111448639244,56.11804615532211
22,2,1,14.86586964205072,156.20171743388727,36.43869775232078,207.50628482825877,228.2894558342941,41.01489959440274
22,3,1,15.333536006433619,155.01091392879192,34.553066612829184,204.89751654805474,215.02955970959064,57.59304905932329
23,0,1,14.78405415549201,383.9773330416641,22.895627855895572,421.6570150530517,421.8217719287328,6.715741195841226
23,1,1,14.685559912288642,380.8455872207965,28.269486714787313,423.80063384787246,427.85034194957507,64.4207478336231
23,2,1,15.248052046546418,382.435166573699,22.94048078231033,420.62369940255576,424.1794519273522,20.231728588367407
23,3,1,16.420641154999153,383.08834678117046,32.94961247123348,432.4586004074031,434.1466676392707,47.46100589778737
24,0,1,7.709168729827528,98.59753632156435,104.17283028557188,210.47953533696375,194.44172714588785,6.550984320160061
24,1,1,7.8757430129410615,99.0362388093188,78.81959724625847,185.73157906851833,183.99852239315294,60.37103973192047
24,2,1,7.0764423939957615,99.25174028903444,131.07272728138096,237.40090996441117,208.373613824506,16.67597606357093
24,3,1,7.711984069823813,99.40381130550045,83.01321110634458,190.12900648166885,195.61719693442484,45.77293866591981
25,0,1,11.64158018297193,2.3385664335808602,48.84269541162908,62.82284202818187,78.11405679709416,22.58879251123595
25,1,1,11.295250706762253,2.0591865956161763,52.942624332657246,66.29706163503567,67.16422934055834,62.10409640728577
25,2,1,11.366252728335233,2.1239607438640387,55.84378002208463,69.3339934942839,80.1198364452086,45.70327220347611
25,3,1,11.60796672968295,2.165572322142464,49.94150145226942,63.71504050409484,82.07044669275554,40.28474821316383
26,0,1,14.512800412516604,2.71014865642388,51.756660622486386,68.97960969142687,51.21756636160636,7.297577742323665
26,1,1,15.302162028141684,2.5329528633243616,55.291539697668085,73.12665458913413,63.341494108477725,61.236928701763134
26,2,1,14.998446561875777,2.6579155681594697,87.15731670514279,104.81367883517804,65.95742206153504,34.91742925255137
26,3,1,14.90709731032965,2.4907440917133905,31.132375551557327,48.530216953600366,47.98462498046741,21.92934202450308
27,0,1,14.335391336084035,33.400255269260725,24.867858024732907,72.60350463007767,84.69768026198923,25.059621072144186
27,1,1,13.440625097264704,33.32251349436331,24.918591374145343,71.68172996577336,87.35704645871236,71.02208918241962
27,2,1,14.32144260610244,33.63326731061992,32.866169268896485,80.82087918561885,113.00452667345202,73.77368602619443
27,3,1,14.148576464663876,33.51745446077274,43.04081036344165,90.70684128887827,103.72120639701099,22.474933997636057
28,0,1,12.924948654611821,52.15125144951824,28.423789014246275,93.49998911837633,98.23647087279099,12.96544544023261
28,1,1,12.382227885327955,51.99704759972172,12.633187145642633,77.01246263069231,85.94555057710673,55.346772689480545
28,2,1,13.346289879055849,52.47298935742703,21.865274839300657,87.68455407578354,103.77952843811042,41.59003853836128
28,3,1,12.587363795057275,51.95848597310593,19.993384288213626,84.53923405637683,84.09133041100354,9.46056888950336
29,0,1,16.57011011480192,58.26175495645525,96.58792257884978,171.41978765010697,158.58261531817644,8.228963685817956
29,1,1,16.4163115033382,57.64393712560381,100.71216704897333,174.77241567791535,158.28486824350824,46.41368474306613
29,2,1,15.66188569766702,58.39736049960965,67.145374782019,141.20462097929567,121.06988377913227,25.49506417603443
29,3,1,16.237985308573506,57.53273119575056,41.71970473207925,115.49042123640331,112.85889293787223,9.908472534876639
30,0,1,13.247155785853327,2.8691513812140714,77.28223905915662,93.39854622622403,98.55620394609414,21.066136017748452
30,1,1,12.996825137850312,3.02333390267729,53.3497603192537,69.36991935978129,105.2959264190491,62.90123217747322
30,2,1,13.331274732408996,2.9943060410489264,78.88610973071465,95.21169050417258,119.41013822095557,45.629801376197825
30,3,1,14.14810724133116,2.9996594527085287,110.8683485156583,128.016115209698,123.03439739963406,12.540000833407705
31,0,1,9.875572856968894,4.3143165893071345,55.54094313805692,69.73083258433294,82.84182211630775,15.90847829787835
31,1,1,9.205713892852792,4.357250524250481,62.57581567898661,76.13878009608987,85.061606352895,26.975225118205373
31,2,1,9.021629048095697,4.424541415828355,52.56681629958091,66.01298676350495,73.53496040222075,21.4313536594148
31,3,1,9.770701442107276,4.626478075561894,58.701273570754275,73.09845308842344,83.11290154984694,17.521718643471655
32,0,1,10.534511714432739,24.77236858231214,15.334040926711744,50.64092122345662,49.32886657149028,2.797488765903524
32,1,1,9.193961981201632,24.69919107074203,35.065163249581616,68.95831630152529,74.12269045549033,18.052398861400242
32,2,1,10.00019430847112,25.043622325287544,21.071231521219758,56.115048154978425,61.82967162436175,13.909380020699015
32,3,1,9.855737506995068,24.647917757476357,22.582230712234548,57.085885976705974,57.64952054679772,7.5072701820481615
33,0,1,15.824151657452905,108.90601035962868,0.0,124.73016201708158,128.8397054349512,4.109543417869853
33,1,1,14.76251253885377,110.86424995371138,0.0,125.62676249256515,138.51478720000063,12.888024707435182
33,2,1,14.657470497325708,110.19121306793281,0.0,124.84868356525851,133.04344011657443,8.19475655131571
33,3,1,15.734700627570938,109.78138914347359,0.0,125.51608977104453,132.459725383001,6.943635611956399
34,0,1,14.526535859165147,72.10503765818864,79.51333034870402,166.1449038660578,145.81186107127115,2.3195161069633485e-13
34,1,1,14.419851535972585,71.64609458212756,86.67587667361812,172.74182279171828,157.20701866367483,0.0
34,2,1,14.576465487432596,72.46710744437755,72.87456310089769,159.91813603270782,150.26981559953822,0.0
34,3,1,14.441009242611335,71.91523682010575,88.74778001226622,175.1040260749833,146.58663776832756,0.0
35,0,1,15.620892641054445,70.44891390537393,70.85823956028278,156.92804610671115,162.2035964682742,20.333042794786902
35,1,1,15.853499444080846,70.04580840590586,79.62229458685096,165.52160243683767,149.53975033570765,15.53480412804319
35,2,1,16.163229500338815,70.15219413243213,91.3029365128629,177.61836014563386,165.46617472050926,9.648320433169413
35,3,1,14.474793322566756,70.67089919841436,76.63647060696206,161.7821631279432,164.41758694704305,28.517388306655665
36,0,1,15.640130797695726,34.00017862846911,71.33983640308728,120.98014582925211,116.09156869342108,15.057492433223864
36,1,1,15.81858496246025,32.97631198815346,105.83653426113128,154.631431211745,153.4756048871605,31.516656229173147
36,2,1,15.478014136242976,33.4519338208592,35.76108680959383,84.691034766696,78.57934147456761,21.80050585829397
36,3,1,15.75233915921433,33.034389039743495,32.17300460734068,80.9597328062985,79.69602624798715,25.881964487555816
37,0,1,11.692277631238365,10.730433784174213,81.72190941887538,104.14462083428796,108.87075274344845,19.946069569054913
37,1,1,10.414305227924688,10.614855545993388,50.38918785578733,71.4183486297054,85.37185333863599,32.67248255375772
37,2,1,10.664443920927955,10.72947400917548,34.108849658879905,55.50276758898334,64.56337447602482,27.912199150422364
37,3,1,10.823318675718316,10.509429594465836,68.84751712257318,90.18026539275733,101.62755769572115,27.14567104586716
38,0,1,9.053344279720514,1.2920491032951036,87.46680826786286,97.81220165087848,97.02044401750157,15.219937659894462
38,1,1,8.532186455408198,1.3171098949287017,173.08424310436732,182.9335394547042,146.3557968088808,18.71897784482712
38,2,1,8.787891843404122,1.3217594715892331,97.96598990764963,108.07564122264299,107.53477545903499,18.85159226338089
38,3,1,9.251975047791749,1.2885725849663578,107.07918034864721,117.61972798140532,119.1192755523293,15.698378742903394
39,0,1,11.036111457104196,0.2687156713120885,29.085336601484578,40.39016372990086,45.2870973258113,16.011695293271373
39,1,1,11.245534361827858,0.4273558144360915,62.38593682039171,74.05882699665567,77.28135472809632,55.296720490650564
39,2,1,10.334665231363108,0.470737644378848,30.758042524582898,41.56344540032485,45.82037817007342,19.392458026988926
39,3,1,10.57635790437752,0.5764621925726747,39.510890444988,50.663710541938194,54.93593740991968,14.198831171979407
40,0,1,15.092120601752173,72.12199368316627,63.11357546177138,150.32768974668983,143.37499722695406,11.114761697360935
40,1,1,15.657811986005727,72.82026198724488,60.825997808978784,149.30407178222939,147.729195635847,52.07419275920989
40,2,1,15.306385038136114,72.23942748634464,78.6178203317983,166.16363285627904,164.1830901938821,15.13552525724036
40,3,1,15.787680207501028,72.12035140150176,52.739602728662554,140.64763433766535,135.6614172177495,9.926604303997896
41,0,1,14.690038862282734,161.8043506681611,140.82453656027837,317.31892609072224,305.8224703709193,18.06745421709666
41,1,1,14.468501464241726,162.83220570680484,93.8030816563164,271.10378882736296,269.4729373461147,53.64906890559228
41,2,1,14.531548017491865,161.64590248003685,104.66857444603828,280.846024943567,284.47287097324244,17.116067919637317
41,3,1,15.311247898129695,160.68787640463432,98.5912650856973,274.59038938846135,271.00029777312335,14.912821423913734
42,0,1,17.71019484329755,106.66920140424688,137.19709472676084,261.5764909743053,273.0468521972272,29.563909936899616
42,1,1,18.091588099460957,107.06479933039155,120.94073885497892,246.09712628483143,251.24914962165082,55.279920386840516
42,2,1,17.038203045850928,108.46848093020603,138.28513959331542,263.79182356937235,243.4980140505013,13.489221889961874
42,3,1,16.605003268089217,107.1048539403387,97.6526270664561,221.36248427488403,210.1881130219657,18.502913039251695
43,0,1,13.2269151975467,76.88454652521527,106.13859198911177,196.25005371187373,195.64655819670267,18.09354871397766
43,1,1,13.197268814252485,75.61751555688716,127.59436887191193,216.40915324305158,216.57475017309403,50.12789705002106
43,2,1,13.551276490452029,74.43249203011749,149.23725101379307,237.2210195343626,262.7445108000325,33.78303140883296
43,3,1,13.055606024439413,75.74932465671323,76.17829254874582,164.98322322989844,173.48083926091596,29.677284292169986
44,0,1,13.121318619352705,57.71423531217772,90.10035080701859,160.935904738549,171.51632403801204,18.697044229148723
44,1,1,13.65725697864552,56.30611741903577,89.95968128820924,159.92305568589052,177.52188204838993,49.96230011997855
44,2,1,13.535429538806273,54.715215709468346,146.64817427320472,214.89881952147934,160.5961978348229,8.25954014316303
44,3,1,13.80508365678379,56.850181873317865,80.50683271451356,151.1620982446152,158.5289790486113,21.17966826115248
45,0,1,8.007061561101114,198.11547553858088,117.4057323706323,323.5282694703143,310.4079568698355,8.116624929685683
45,1,1,8.55093406038346,196.85390462357884,124.67578262864895,330.08062131261124,340.1626461192218,32.36347375747918
45,2,1,8.076933181008918,198.3693253615792,98.24342826467992,304.68968680726806,296.8825933681496,62.56216182981946
45,3,1,8.748157158456554,198.31803071998027,70.17513532240551,277.2413232008423,265.74630497219283,13.812787457156439
46,0,1,13.14283890765764,61.25800187583496,89.87082809671439,164.271668880207,185.50860641037116,21.23693753016437
46,1,1,13.01949715615373,63.767450915857,86.48926144978705,163.27620952179777,185.5576584726668,22.28144895086863
46,2,1,13.13383835100285,61.959810683242225,96.26593511725966,171.35958415150475,241.7288394204428,70.36925526893792
46,3,1,12.459649735225796,63.76314259252935,89.30083869554986,165.523631023305,190.83143670911096,25.307805685806017
47,0,1,10.438128976226585,12.515252700152427,91.99095580429574,114.94433748067475,65.24204549286377,1.7974510768681284e-13
47,1,1,10.514292454459419,12.63522457499412,61.328832779509874,84.47834980896342,57.89143869779224,0.0
47,2,1,10.72384332918291,12.43586864359051,134.88040407977724,158.04011605255064,70.75003449409556,0.0
47,3,1,10.971337308856334,12.60711383169788,92.62768800648385,116.20613914703807,82.76516015936649,6.017408793468348e-14
48,0,1,13.794760743464078,65.87931849473699,98.69884252408724,178.3729217622883,190.17309501057724,49.70229198781117
48,1,1,13.919296881633084,66.0548293495054,129.4517004757272,209.42582670686568,209.95372809613696,26.58691111117082
48,2,1,13.85089691672334,66.24298790592378,112.59062640462702,192.68451122727413,207.0242218609847,87.29008155845493
48,3,1,13.805446238449978,66.28374635086999,110.00490640549987,190.09409899481983,191.2818431074795,33.4409789876716
49,0,1,16.409486436680538,14.598113745737363,73.48410814742655,104.49170832984446,92.6684071622452,37.902118739522166
49,1,1,16.43781046330983,13.667089340299212,120.58455673365734,150.68945653726638,128.7433631702471,26.059009721899535
49,2,1,16.7800022428583,14.528476737495918,135.60322077429882,166.91169975465303,151.43290502716476,72.95037092474432
49,3,1,15.935229617306334,14.24295433953934,105.40659693436133,135.584780891207,118.35938876865865,32.253234875012
50,0,1,12.96990878121916,41.180809930660715,61.09033262342923,115.2410513353091,113.81279805287781,49.725419907121406
50,1,1,13.302801407446566,41.91569898302435,44.70822880619456,99.92672919666548,116.45129288976989,48.005103088918794
50,2,1,13.788660840138792,42.50911720057465,63.619257537103856,119.9170355778173,132.80202374692803,88.4291656522326
50,3,1,14.007148286517161,42.347021867455204,37.06959363468371,93.42376378865607,112.58359910587288,49.478626997560326
51,0,1,18.54500713719599,48.90955807046241,65.16582838690206,132.62039359456045,149.80993556993147,51.15367318955276
51,1,1,15.067059810118575,49.69448339276002,39.587595662640155,104.34913886551875,106.98729355900288,31.48053939581435
51,2,1,16.700063649630444,49.47021596805594,43.689817948637426,109.86009756632382,129.32792135469074,75.54417748312197
51,3,1,17.11184978075375,48.438265889417636,53.33729382249862,118.88740949267,120.77670191388145,30.31879168034351
52,0,1,6.547883638026543,46.45780217203091,60.9864794529378,113.99216526299526,122.85212750347745,33.96413121418173
52,1,1,5.157809514860787,46.439673088721506,95.02466112844317,146.62214373202545,135.1840270114705,28.842384702330232
52,2,1,6.198909448487025,45.76625229294343,99.2377195872416,151.20288132867205,158.2561739394431,56.07635369475516
52,3,1,5.7954626956860515,45.34395129350067,91.9713053907785,143.11071937996522,116.92980045399484,28.429499259132022
53,0,1,8.195113475852978,9.803483090397352,128.353830402414,146.35242696866433,139.29300354153474,25.104168973699508
53,1,1,9.352836735991993,9.855310940328962,128.4194804248305,147.62762810115146,151.45862799487145,40.280501422885195
53,2,1,9.241161582806019,10.025425726771159,132.63743433577451,151.9040216453517,148.21678374687116,49.02306108398415
53,3,1,8.987823639806972,9.814744450382491,108.78121978179892,127.58378787198839,122.00706563023904,54.610418185102475
54,0,1,13.259931457503136,22.618932081820326,118.28121954723096,154.16008308655444,141.40132419798647,32.16359240082911
54,1,1,14.060639746446576,22.193943712381113,106.88193135989525,143.13651481872293,142.0344477581911,36.449501529165225
54,2,1,13.845180923397548,22.865828868161206,167.96917676125065,204.6801865528094,196.21075345606891,52.71029898246469
54,3,1,12.837246548060879,22.4207278804152,123.02736285253101,158.2853372810071,161.37766422722075,60.18714042685184
55,0,1,15.915756848998697,16.287531026841464,150.82398025231288,183.02726812815303,142.11976501232016,44.92235128939705
55,1,1,15.13723002669265,16.31444738347261,94.2641509225065,125.71582833267176,125.90278236680088,37.55156858969707
55,2,1,14.028732559822013,16.956984752624763,93.59209697951235,124.57781429195913,130.35193747266288,61.17973207920521
55,3,1,14.939409735287015,16.701663274628334,111.18293644497636,142.82400945489172,126.96866673984835,57.09481348063816
56,0,1,17.829804136473054,62.673733983966855,108.33291103351377,188.83644915395368,206.63323788069317,85.82985440522991
56,1,1,17.42663465200505,62.91431758364939,151.44491371804725,231.7858659537017,203.0482462116978,37.36461455556794
56,2,1,16.3324698251155,63.39970779300891,130.7502938877135,210.4824715058379,198.75671083904393,55.405608898501434
56,3,1,18.445297178994224,62.415746464307276,160.27824012752802,241.13928377082954,214.09982113554878,72.95015619568153
57,0,1,14.7071655139268,78.82346264932349,160.0195554195078,253.5501835827581,276.2959904172043,68.03306567849042
57,1,1,13.63782686700449,79.7350356147873,168.4361166497335,261.8089791315253,277.6712004841908,66.10223429757187
57,2,1,12.548994123441236,77.89427248054957,158.32678255292996,248.77004915692078,260.2341975093705,67.13136956529542
57,3,1,13.93185926994984,78.5576902880075,154.1239168273275,246.61346638528482,286.18532717238475,99.98961883096226
58,0,1,10.670842420919513,86.10721644304569,154.30959608383154,251.08765494779675,257.00319460079163,45.28725884404421
58,1,1,9.648468763935231,86.44475864593363,198.19362970302464,294.28685711289353,282.2820092494219,50.24001294490633
58,2,1,11.03024616544527,87.20225573160076,191.06255344185303,289.29505533889903,278.2340877290935,55.66722121284563
58,3,1,10.499767859478585,86.27852561615296,231.30483129788172,328.08312477351325,299.71172211453813,60.41775804386237
59,0,1,6.195667541824636,68.13442716009465,137.6957104937911,212.02580519571038,209.50671417928632,39.37171919104932
59,1,1,6.098239715286528,68.16162078505876,122.85656106621109,197.11642156655637,217.72080519490095,62.24486080837789
59,2,1,6.064050396998309,68.1638815883891,152.47123864488879,226.6991706302762,234.46878055427163,66.72818882265116
59,3,1,6.866464952606166,68.15496634506754,117.41254386060459,192.4339751582783,227.6277415332893,88.78916070283738
60,0,1,6.7230958961286795,15.12703508337277,277.05645295866856,298.90658393817,260.0751396335114,41.89081020747333
60,1,1,7.822763433010969,15.121873626712915,240.63290709627177,263.57754415599567,215.23625934155018,41.640477180033365
60,2,1,7.9121718062263255,15.140642560021481,226.76217513006364,249.81498949631145,221.84452283454647,58.95857889865572
60,3,1,7.133154432254262,15.134969223362301,217.31998972340378,239.58811337902034,200.86006554552358,53.595394327826405
61,0,1,16.795209344504897,88.71661005293585,168.61802263481403,274.12984203225477,324.5440729631815,80.72225451213188
61,1,1,16.32536749012487,88.79968391115956,154.274416453248,259.3994678545324,325.09789470973897,89.98176199447883
61,2,1,15.316153414789891,88.67418799799184,170.39535598409844,274.3856973968802,334.24182534713145,86.9290455604207
61,3,1,15.925717180652219,88.7521643845556,157.956311003724,262.63419256893184,317.03477322742606,92.32344216132309
62,0,1,12.240394468848443,252.10132623401162,44.522206525015655,308.8639272278757,339.17195080908084,30.308023581205198
62,1,1,11.169370883595022,252.35880187367187,59.471143449962234,322.9993162072291,347.2826513465017,24.283335139272243
62,2,1,12.713478229890862,252.464825018532,34.272256813280265,299.45056006170313,326.52347767187246,27.072917610169373
62,3,1,12.874997698011065,252.1965572422193,33.0486583959243,298.1202133361547,336.04307483898367,37.92286150282879
63,0,1,12.460865450224192,197.20548086978164,181.4305234790657,391.09686979907156,342.14441491352756,8.212874824664596e-14
63,1,1,14.083972943082454,198.2122421867865,179.82260511634422,392.1188202462132,338.5725900557064,0.0
63,2,1,13.877941243354318,196.8860890785364,159.86879117455248,370.6328214964432,314.5241780840799,0.0
63,3,1,12.242612615512183,197.62445464922877,189.17064495081138,399.03771221555235,342.83153805110305,0.0
64,0,1,15.681166510974911,309.1063518071252,96.42717141550338,421.21468973360345,428.07397580637615,48.95245488554409
64,1,1,15.053580303469694,310.5543750118811,60.977889135008695,386.5858444503595,417.0059508195533,53.5462301905064
64,2,1,13.367703525694258,309.9900273126258,96.71192599881321,420.06965683713327,424.73308071427437,56.108643412363364
64,3,1,14.685837180621611,310.729288673317,85.77120789789359,411.1863337518322,435.6599323850987,56.20617416444899
65,0,1,11.25696634847944,11.092204973696845,112.3722372951984,134.7214086173747,129.187547489743,42.093168812771445
65,1,1,10.023015625107671,11.217210335198565,88.49442688776385,109.73465284807008,90.996891212467,23.12612382131263
65,2,1,11.3299519050498,11.082095343710186,122.39931407496945,144.81136132372944,138.73153389093378,51.44521953522233
65,3,1,10.438256946226415,11.18592167023985,103.3176158672577,124.94179448372397,102.6323791357228,31.732575531182363
66,0,1,5.074692999970462,16.144076657030755,123.42696209698545,144.64573175398667,124.63705225217694,47.62702994040309
66,1,1,5.163034956520558,16.233165105246535,130.8645848090258,152.26078487079292,139.43399835459928,41.863885456915696
66,2,1,5.061853343320737,16.680420254656365,127.74096291689145,149.48323651486854,127.16555803887985,57.52504696801808
66,3,1,5.2906210463522045,16.237729368573845,159.25739869513183,180.78574911005788,140.4154502674823,54.04199087918345
67,0,1,8.100351690978016,8.517619203760754,129.31467191882393,145.9326428135627,157.45731493367435,67.63570944221284
67,1,1,8.444761617190226,8.510090302104022,162.75721574818988,179.71206766748412,184.6818209388867,54.690671973109275
67,2,1,7.8880707895914615,8.508298722106385,168.11403608144587,184.51040559314373,215.12460890551245,79.84272544400673
67,3,1,8.210384562499492,8.531781217075398,151.12556264610106,167.86772842567595,185.78987164224782,94.41228972175892
68,0,1,15.8952389923591,88.82721878945657,75.12873505071099,179.85119283252666,206.93091553959803,56.11103732210118
68,1,1,15.79708600248862,88.56383520147077,68.93704166236026,173.29796286631964,201.96735845598607,49.72091870170679
68,2,1,16.40225613169008,88.73151855791617,68.96012722297863,174.0939019125849,186.90109683242844,49.228522131637995
68,3,1,16.267866303534074,88.90643221935204,77.85923596439338,183.0335344872795,212.12428104728252,76.49014650518708
69,0,1,12.222478668872084,252.4656354951976,44.65192375599183,309.3400379200615,317.82540815015113,29.031314615029817
69,1,1,12.07222056073702,252.37394499031856,44.82523452279078,309.27140007384634,309.32003984783734,21.05152311204037
69,2,1,12.35573809536291,252.38945068863143,32.65392520150044,297.39911398549475,304.7609154909461,36.42132721179448
69,3,1,12.347803955373381,252.10426954400774,51.83317472639112,316.28524822577225,333.57894128582814,47.39939994518409
70,0,1,13.977203306556673,197.71143159244735,36.3418471855491,248.0304820845531,250.73502731214248,20.545944384940263
70,1,1,13.163591375963591,197.3295051279513,48.93339603601569,259.42649253993056,270.06840167644475,21.00288333804943
70,2,1,12.763983723157551,197.26707709636702,35.866635502049576,245.89769632157413,250.13372696029796,29.059525706343138
70,3,1,12.760613846495332,197.82039804730357,68.38685948599291,278.9678713797918,283.3118067601996,30.105706885128168
71,0,1,13.091842862724931,310.5369284352374,142.11199637138913,465.7407676693515,446.6344037470259,17.841399157350892
71,1,1,13.995993568198546,309.649349844742,108.31970458353149,431.96504799647204,409.6861864413198,10.36097420153522
71,2,1,15.39671052968359,309.10677837379126,161.06659903671115,485.570087940186,456.39078378099305,24.823495067619326
71,3,1,16.303740560153408,311.7615800052881,152.21851276550623,480.28383333094774,465.3903255567357,25.76177150472037
72,0,1,11.145227210293548,140.4940184762807,84.41507454687506,236.05432023344932,255.75662785828598,36.947763079676484
72,1,1,10.921898232254904,140.29184720488084,67.25805838771193,218.47180382484765,236.77401032620065,32.63983575668748
72,2,1,11.353413071685509,140.41693787971576,67.72877154761824,219.4991224990195,257.45262215745834,54.0027992268123
72,3,1,12.036218334117859,140.6620217577257,109.48450857161572,262.1827486634593,282.3806847989153,40.65527927893247
73,0,1,4.765176227045544,183.43396800962023,101.37826706368234,289.5774113003481,274.0941089130556,17.245455454839817
73,1,1,4.866912376911301,183.43509841128537,81.30712398202948,269.60913477022615,259.57148206606394,14.337629255334509
73,2,1,4.889349783548361,183.27063563316904,88.22996466414847,276.38995008086584,266.290258046139,16.04929956837343
73,3,1,4.382012719217807,183.5518070511314,101.72473178600028,289.6585515563495,267.9554272968302,20.45734314347641
74,0,1,5.925266932181438,131.64212030462772,76.86286689237251,214.43025412918166,215.6280505946915,32.72875784213227
74,1,1,6.286312958371694,131.80538869607895,73.59748270282172,211.68918435727235,194.39933668084007,24.37528195949672
74,2,1,6.087554220300628,131.448906933216,94.1630468497665,231.6995080032831,221.70676505506685,26.14899160310032
74,3,1,5.637462402561204,131.82936174271398,45.30190651133472,182.7687306566099,175.78736111183662,42.16046740299566
75,0,1,13.910530936644648,115.26168305790884,222.299482914309,351.4716969088625,279.8865298797168,31.530961376622457
75,1,1,15.110292341728197,113.70543988996235,78.51181100620772,207.32754323789828,222.3859874037303,41.66512963592901
75,2,1,14.471466102571146,113.90923211469345,129.5768799802902,257.95757819755477,204.87105710421554,36.141734551316546
75,3,1,14.04421692980158,114.958180874976,72.96999256544494,201.9723903702225,209.16856716038967,49.14183694776896
76,0,1,11.668773807936045,140.28881858155148,59.38998381188934,211.34757620137685,247.0838319862803,103.1161284057681
76,1,1,9.457068300854456,140.53859469288858,36.11599973961843,186.11166273336147,191.99729153916016,26.606685470097034
76,2,1,12.25415124383029,141.13834742543048,71.65280721608099,225.04530588534175,252.3618629296921,89.22825564465586
76,3,1,12.560660721759175,139.81362331551185,41.877765601904215,194.25204963917523,213.66904686512856,41.94566015760176
77,0,1,3.9272286681512405,1.8854033358454885,197.54390666636414,203.35653867036086,168.33141106193187,67.37987262086472
77,1,1,4.47449237242911,2.0327394623177413,148.06140653153068,154.56863836627753,119.8649080899709,20.721056664298324
77,2,1,4.294139986000424,1.8621341242095264,180.73775574606225,186.8940298562722,158.97112447888915,61.911698600305485
77,3,1,4.403788947522406,1.9930474340367825,176.7301053629251,183.12694174448427,146.18289499606368,22.52866293164845
78,0,1,10.30002801807548,131.62047204632296,34.87494136631186,176.7954414307103,221.9227305455843,102.40500022929378
78,1,1,10.774711404115788,131.27096464845079,42.81829025685718,184.86396630942374,225.79948550504082,55.4247869406049
78,2,1,10.605599049338936,130.84126271735113,42.341172336235914,183.788034102926,214.66465907609268,89.83460397768857
78,3,1,10.176856893238007,131.12744629364016,40.76542968801673,182.0697328748949,222.38330095015402,59.472709680069016
79,0,1,5.33214731129741,216.22442490135225,15.763351008361923,237.31992322101158,240.60115725533606,57.27771111441981
79,1,1,6.465428301468679,216.44009700773432,65.59386927725524,288.49939458645827,250.88016631327557,14.489267744987849
79,2,1,6.638230457907328,215.98742446166497,13.266136275702255,235.89179119527455,248.07249539536946,58.95797900452203
79,3,1,5.67964984583887,216.50467920098245,9.358575592337987,231.5429046391593,242.52624980263317,19.159141604809935
80,0,1,4.351363904258248,264.83835094387143,93.79912707185045,362.98884191998013,360.21128607289734,53.99647708009534
80,1,1,4.9803364534283014,264.4282710794125,87.35312008990783,356.76172762274865,370.56390330848507,52.10849601817056
80,2,1,4.4129388025103315,264.4988038776528,72.31375205996201,341.22549474012516,343.3749635919942,46.777274804427115
80,3,1,4.085570214608971,263.61687729548316,125.81153242677217,393.5139799368643,376.25270042332147,8.175796441336033
81,0,1,3.227083470741769,307.10494366643275,75.32253419130433,385.65456132847885,387.4717714402262,56.77403292717807
81,1,1,4.901187008532741,304.7694271845145,74.85143880390319,384.52205299695044,409.9284983846203,38.306320332434225
81,2,1,4.785288845352339,303.4357238462744,120.4382567098277,428.6592694014544,431.824463308098,44.627805952558084
81,3,1,3.6907401084632943,304.8247742094415,109.27819393074233,417.79370824864714,419.62698235003916,25.43707595487891
82,0,1,9.876575288634237,296.6638287235435,69.73832770143329,376.278731713611,360.25790261459315,54.95682281543073
82,1,1,7.787848951390373,297.4600793908261,93.59219988691481,398.84012822913127,386.47654331576086,12.899874944764337
82,2,1,9.343388284337795,296.5514497353584,148.85058379958102,454.7454218192772,454.59786837126717,41.4626120459145
82,3,1,9.547713717401514,297.71636064382125,94.17665512865361,401.4407294898764,397.36414940724603,23.603801853486928
83,0,1,10.093249826681662,141.80600957121618,74.12623563771506,226.0254950356129,195.5202830943628,70.97765191444878
83,1,1,9.403918094257921,141.2295260503102,57.358165356675556,207.9916095012437,203.13434367140417,25.263459858134734
83,2,1,9.63326166228863,141.94664860103057,51.7884688105513,203.3683790738705,194.89343658863476,41.610165493924555
83,3,1,9.533210450753984,142.9330200313957,34.03654005741851,186.5027705395682,190.8408639097769,27.680381936117275
84,0,1,11.949817255898534,65.31680503214591,67.67694051924623,144.94356280729068,160.45069026889456,101.48286385569887
84,1,1,11.689675574575134,65.60751021509563,92.57702326200638,169.87420905167716,186.95490523793666,30.120725687974232
84,2,1,12.441819248582657,65.35683831375974,66.13183487484493,143.93049243718733,167.58527260261275,50.08510797916037
84,3,1,11.93298920092074,65.67729652167023,71.20968304073877,148.81996876332974,162.63705951265507,23.34228856590857
85,0,1,10.787487075765595,149.60328564592743,121.05090367948785,281.44167640118087,291.7234974697168,85.97573639409494
85,1,1,11.169093615262057,149.7749574007009,101.42356592217442,262.3676169381374,267.2327759803795,13.040029501714708
85,2,1,11.534618591446403,149.41751586283925,84.13369140608387,245.08582586036954,257.4391923733483,26.43032781373496
85,3,1,11.463339301540458,149.74755049240375,83.54571771125146,244.75660750519566,243.91966011590097,9.525197816583209
86,0,1,4.9263331134995605,263.5739007038732,108.87532125081921,377.375555068192,361.91803649374765,75.69391532555899
86,1,1,4.075481912955617,263.93518134172984,122.73813424739043,390.7487975020759,355.0980516705189,8.174870459472647
86,2,1,3.8593619115741262,265.2072244683847,102.71805773911986,371.7846441190787,353.7343417235991,14.076961300756151
86,3,1,4.944803450141855,264.26645301462605,114.0298305311927,383.2410869959606,351.8732873677342,10.362145205877907
87,0,1,4.01537866970159,303.8829789956842,62.41793122185156,370.31628888723736,409.01477981358977,91.15143390000327
87,1,1,3.8208855982915635,306.3636987707441,73.66694519948175,383.85152956851744,411.81274896257145,43.82561629102961
87,2,1,4.050207837988966,305.1434408373543,54.46336542443818,363.65701409978146,383.9051847875292,32.127263696235744
87,3,1,4.717827327108023,304.7447503028804,73.0888898181054,382.55146744809383,393.53513810361926,41.729944834104344
88,0,1,9.415755319242303,298.7401206424704,220.74307705704717,528.8989530187599,510.47891215485913,52.45294297365098
88,1,1,9.150878747925148,296.13467277424166,151.73794989707886,457.0235014192457,462.5900997480292,15.864396896975656
88,2,1,9.704818220527542,296.6004622452937,178.9103799970677,485.215660462889,476.32238610321355,11.879093008488004
88,3,1,8.284073954068923,296.9164628315434,180.35425905991627,485.5547958455286,488.97756962939314,30.746274178579
89,0,1,9.58377992902059,141.3052203052103,42.99645237262919,193.88545260686007,238.70371228232887,70.87298383755173
89,1,1,9.75383073046287,141.78327356791283,41.3189000009103,192.85600429928598,193.75247081391774,10.297798568192116
89,2,1,10.078469291701165,142.73509309832355,50.64605453303071,203.45961692305542,214.204210454195,20.772367368163447
89,3,1,9.247560082797575,142.09161728250598,47.61941061683297,198.95858798213652,207.35680890603317,27.323500394714554
90,0,1,12.324598728737334,65.5481534635073,55.95715947783228,133.8299116700769,159.88463583215938,26.05472416208294
90,1,1,12.093164984042716,65.31452290048225,49.2339787578943,126.64166664241927,136.04299869597995,9.40133205356034
90,2,1,11.735254222848324,65.51204459522162,36.614689011936164,113.86198783000611,123.88976166702945,10.027773837023892
90,3,1,11.861283344348692,65.58372912346036,56.62608699593267,134.07109946374172,152.99637893456017,18.925279470817888
91,0,1,11.119654538660626,149.4094750811832,86.40609266718995,246.93522228703375,219.22714645228285,4.813927034774679e-13
91,1,1,10.839997432362974,149.65366316919432,134.71402731176306,295.20768791332034,211.41987092413692,0.0
91,2,1,12.252039738833078,149.48380432275178,144.7626215393531,306.49846560093795,255.53418785128608,5.60440582830779e-13
91,3,1,10.742846874157834,149.9963668287421,76.3949959369151,237.13420963981503,214.06780421643208,0.0
92,0,1,8.324576459015478,0.0,85.98729384164812,94.3118703006636,76.03780026867021,27.70807583475137
92,1,1,8.343878600656677,0.0,79.75243324814198,88.09631184879866,87.94068582751066,83.78781698918306
92,2,1,7.890139637922064,0.0,58.35646026722817,66.24659990515023,76.0331724022506,50.96427774965244
92,3,1,9.025574789757158,0.0,41.505275107469075,50.53084989722623,59.82302737027548,23.066405423382363
93,0,1,7.220920523805118,0.0,76.69901380589482,83.91993432969994,88.78123755951037,45.9821458667447
93,1,1,8.003265117772791,0.0,75.97977926904935,83.98304438682214,80.15765971463293,83.94344301047106
93,2,1,7.368064695277624,0.0,60.98781234881727,68.3558770440949,79.1891127012665,41.177705252552066
93,3,1,7.51587004508259,0.0,52.45190793385386,59.967777978936454,48.421878149235425,13.774227950333138
94,0,1,2.5440649249763654,0.0,37.73800171541931,40.282066640395676,54.48899216886325,41.12084263693429
94,1,1,2.146888702167118,0.0,50.731996915141714,52.87888561730883,74.35370935509542,87.76882768266033
94,2,1,3.234121820732482,0.0,56.03963731072715,59.273759131459634,68.59574250806044,30.344469595380424
94,3,1,2.100755517227992,0.0,47.612682432853134,49.71343795008113,53.38737736225467,25.320127780034174
95,0,1,6.532889819712994,0.0,135.56674745065578,142.0996372703688,123.19499300839118,26.913917108466727
95,1,1,6.770231512733149,0.0,115.0741789545221,121.84441046725524,106.31460603308685,66.29400394487378
95,2,1,6.937978854178469,0.0,137.70786826833879,144.64584712251727,124.31301299157485,21.022486218779616
95,3,1,6.650174324558234,0.0,100.40861471348092,107.05878903803915,92.3423854302807,21.64618836786063
96,0,1,4.259673399379237,0.0,89.96703671730884,94.22671011668808,120.42618681609036,45.81856137044433
96,1,1,3.9622497914383628,0.0,122.00532083377279,125.96757062521115,139.12046680652242,81.82380837904216
96,2,1,4.331720509284169,0.0,99.04671364757215,103.37843415685631,112.48718809186977,41.35532034972202
96,3,1,3.9334565414763567,0.0,83.3084818461153,87.24193838759166,96.6149490180937,36.36259197561912
97,0,1,3.902509129850526,0.0,67.54955585605911,71.45206498590964,77.85255953942925,19.619084671042003
97,1,1,4.091862072934003,0.0,84.82055421432716,88.91241628726117,94.71078951660354,68.67091219773089
97,2,1,4.315553632638835,0.0,91.67387849590864,95.98943212854748,100.78245533557624,32.24656641470857
97,3,1,4.835517070286061,0.0,92.19212507504616,97.02764214533222,103.89698186394577,26.98958134511709
98,0,1,3.8539018582479976,0.0,10.668768138687208,14.522669996935205,14.092052887588661,13.218590117522373
98,1,1,3.484900363734906,0.0,99.94258139021026,103.42748175394517,31.462304212376537,62.87253896838844
98,2,1,4.172611142827451,0.0,6.279404797713528,10.452015940540978,22.94354838791364,27.453543207679832
98,3,1,3.556990130306448,0.0,18.47826390074797,22.035254031054418,27.533764722335448,20.1202416265035
99,0,1,2.8177074412819527,0.0,33.86863437942494,36.68634182070689,12.425114667895325,13.649207226868889
99,1,1,2.727083353068201,0.0,45.25220223594689,47.97928558901509,26.160642765085093,134.8377165099571
99,2,1,3.160069847496863,0.0,46.159002665008174,49.31907251250504,15.247339122495891,14.962010760307166
99,3,1,2.3815003685242075,0.0,40.27482599732081,42.65632636584502,15.413954063911213,14.621730935222477
100,0,1,0.9143029921268838,0.0,29.861870960089906,30.77617395221679,29.300079350983932,37.910434379680545
100,1,1,0.9062408821375221,0.0,26.454195235052893,27.360436117190414,37.82893736371366,156.6563593338874
100,2,1,0.7353796040296452,0.0,23.790427321689112,24.525806925718758,28.348958066606386,49.03374415031636
100,3,1,0.9326880154359576,0.0,60.80188317433582,61.73457118977178,38.293106903951085,41.864103237156236
101,0,1,0.24843242633885287,0.0,67.40836199953247,67.65679442587133,67.6935980995656,39.386528980913496
101,1,1,0.2878045296202335,0.0,36.57908795103775,36.86689248065798,50.85107263778837,146.1878580873637
101,2,1,0.35748419452828917,0.0,34.155290299504045,34.512774494032335,45.536193735687704,45.21059300942876
101,3,1,0.3572495828619321,0.0,41.36907471013795,41.726324292999884,55.49961331452647,65.30556752297684
102,0,1,0.25276207799980643,0.0,41.91976652316511,42.17252860116491,46.79158795193889,39.34972530721919
102,1,1,0.31280133625391615,0.0,67.06451406544849,67.3773154017024,64.94375416997471,132.2036779302331
102,2,1,0.2605895763228111,0.0,65.86217827758159,66.1227678539044,61.79826539212278,34.187173767773324
102,3,1,0.23529417302285582,0.0,44.682408848882275,44.91770302190513,49.81125684898886,51.5322785014503
103,0,1,0.5206032876463821,0.0,74.82035096765547,75.34095425530185,77.21203483559657,34.73066595644525
103,1,1,0.6561448458008644,0.0,76.78058507357757,77.43672991937844,91.1621991264274,134.6372391619607
103,2,1,0.49249254435014184,0.0,71.12845479773088,71.62094734208102,71.40131368509381,38.511676229554936
103,3,1,0.5543447109351927,0.0,90.44128303136623,90.99562774230142,90.59706615316779,46.63872467436651
104,0,1,0.31480619958460404,0.0,23.993831153178647,24.308637352763252,27.3113916914916,32.859585376150534
104,1,1,0.2816619696283388,0.0,15.182972859901502,15.46463482952984,32.9409658970999,120.91176995491155
104,2,1,0.31352649958629264,0.0,22.808107560280195,23.121634059866487,38.81074885595175,38.731309886542135
104,3,1,0.3363691445561511,0.0,29.38618884275057,29.722557987306722,42.249718023455245,47.03728626350018
105,0,1,0.7934779839529826,0.0,6.154646723465378,6.94812470741836,14.555512547418658,29.856831037422168
105,1,1,0.7271895240404522,0.0,15.467379518183998,16.19456904222445,20.561473489082587,103.43543888734155
105,2,1,0.5274710109706533,0.0,4.306890408431304,4.834361419401957,9.127837525175554,23.04219509045684
105,3,1,0.7330761440326847,0.0,14.104728698343028,14.837804842375713,20.381805049075254,34.510126227351634
106,0,1,0.9060489271377754,0.0,15.20555858456507,16.111607511702847,26.1354915521584,22.249443197421883
106,1,1,0.9525660220763947,0.0,12.437800290839924,13.390366312916319,26.21885849656983,99.06853444048332
106,2,1,0.9471486254168765,0.0,18.52730662854857,19.474455253965445,24.15521729521372,18.74871898468321
106,3,1,0.7919636722883142,0.0,11.479222737284113,12.271186409572428,21.954869147024844,28.966126020652137
107,0,1,1.038369906963174,0.0,60.8509896067189,61.889359513682074,42.99295804064863,12.225559156966355
107,1,1,0.8271767505751828,0.0,53.51569605554305,54.34287280611824,44.10442137182706,86.2400422568296
107,2,1,0.8315277305694416,0.0,55.46821700663318,56.29974473720262,43.31582092705146,14.067956943434943
107,3,1,1.0426142452909068,0.0,54.308538787261924,55.35115303255283,47.953975019973065,19.282443283199672
108,0,1,2.3702603368723727,0.0,56.60178614789478,58.97204648476715,74.90285219214961,31.12196062999973
108,1,1,2.68318964312612,0.0,62.61230860403967,65.2954982471658,77.39355072888978,96.4784936911207
108,2,1,2.5646254382825684,0.0,66.76003066298142,69.32465610126398,84.8405700214576,27.05188075358613
108,3,1,2.8803914128659063,0.0,73.31128251552492,76.19167392839083,77.2083553368389,26.67962129577946
109,0,1,5.468008794451469,0.0,56.76409562333557,62.23210441778704,66.59047634656592,15.19115492261725
109,1,1,5.238814524753899,0.0,91.33231412608876,96.57112865084267,110.47464965319837,84.38044120939674
109,2,1,5.419657462848605,0.0,60.21329203508866,65.63294949793726,66.97524568416958,11.535966833392546
109,3,1,4.981637481759917,0.0,66.5657120850233,71.54734956678323,76.4381735323331,25.662939887331405
110,0,1,9.591884695676562,0.0,62.89150618761673,72.48339088329328,57.1997598455638,10.832782993838329
110,1,1,8.401401115580773,0.0,29.576440128135317,37.97784124371609,52.508708626573444,70.47692020704096
110,2,1,8.437318028866713,0.0,62.83465229793421,71.27197032680093,52.37128134358544,10.193670647160246
110,3,1,8.876105829954387,0.0,62.33345404513747,71.20955987509186,65.78102957857129,20.772115921781534
111,0,1,9.46090740084939,0.0,90.42224516191126,99.88315256276066,104.9402326223448,26.116414031567825
111,1,1,9.108136767981549,0.0,66.11632035883608,75.22445712681763,75.20840483084305,55.946052824183624
111,2,1,10.075909891704542,0.0,90.53014602356608,100.60605591527062,115.45660532419933,29.0943596303757
111,3,1,9.341362092673801,0.0,79.15663369037014,88.49799578304395,89.64787347614444,26.20064621830209
112,0,1,12.679160941602813,0.06076442158648624,111.85635268596499,124.5962780491543,92.7548239610548,21.059333971983694
112,1,1,11.883251527653037,0.0,94.01746717775409,105.90071870540712,88.3673497317103,55.96210512015819
112,2,1,11.016766658796389,0.04775413827032036,89.93379762631449,100.99831842338119,106.24227243958353,14.243810221446997
112,3,1,12.1592614889555,0.012263791650484237,77.95534167758535,90.12686695819134,87.06072255688119,25.050768525201615
113,0,1,13.183917277603436,14.179929114622503,24.045779790010602,51.40962618223654,65.15936455124914,52.90078806008316
113,1,1,12.904089544639346,14.164359431309716,10.087561830654618,37.15601080660368,59.51540001258474,73.49547409385508
113,2,1,12.096705487371377,14.275032152830347,29.12365245766693,55.49539009786865,59.39470586779499,8.999856205244647
113,3,1,12.691040823253802,14.221242096234654,22.437096972299454,49.34937989178791,65.47939397378506,28.116912926511766
114,0,1,9.674595972234089,30.670100636196572,83.34340175801643,123.6880983664471,128.44153502935035,39.151049691070554
114,1,1,9.127054999623251,30.57627729798704,76.72909216952786,116.43242446713815,123.41186138462191,51.13608488787406
114,2,1,9.166576401237768,30.56179535967282,86.16531874755017,125.89369050846076,120.85825073865517,5.100540435318311
114,3,1,9.235381604480311,30.268765388392815,73.64697626305207,113.1511232559252,115.5479449855031,11.98689884451464
115,0,1,5.195496679811058,11.245790301827519,68.87580195719197,85.31708893883055,93.39647614008571,34.39761302816728
115,1,1,4.168921341165653,11.315725906735237,101.14535330944948,116.63000055735037,112.66787556908983,44.15664797039029
115,2,1,4.72879009042689,11.301307953420928,90.79660269064816,106.82670073449597,101.78746215862157,10.13598020512389
115,3,1,4.3856811925463,11.337374165040004,56.570752215524564,72.29380757311087,75.36289757498461,9.590077114936738
116,0,1,7.929725024536497,47.3943079591285,80.21782462523538,135.5418576089004,123.3241882737513,26.318225826912098
116,1,1,8.21469288582714,47.47187910735947,79.0755965611097,134.76216855429632,140.51953322583535,48.11877295865082
116,2,1,6.478139988118572,47.48209537901266,73.29655695626826,127.2567923233995,112.05422366854094,15.175218780998305
116,3,1,8.199912350846644,47.33733998087034,88.46108978971955,143.99834212143654,113.81355227615424,6.52098711306299
117,0,1,9.948451771872728,28.52741361569058,63.42301312061397,101.89887850817728,125.57588812803009,38.5358951620612
117,1,1,9.778038388764259,27.8457174265901,71.41516952203997,109.03892533739433,121.25820177240928,42.36140828711181
117,2,1,11.182253196911358,28.16696478283287,54.56302879354375,93.91224677328798,113.06824936738516,30.37778743585684
117,3,1,11.044472163759831,28.18217188447947,73.5034694401464,112.73011348838571,136.970509034566,36.705776958345275
118,0,1,13.024509314480447,36.25368766882887,49.94309406683128,99.2212910501406,98.56658333379917,14.858885542208398
118,1,1,12.69916691824308,35.98827788917909,52.66369626846759,101.35114107588976,119.54448980692797,30.14213185209687
118,2,1,13.171610829286344,36.29576847044001,47.22968068230965,96.697059982036,95.3438592123791,11.221784841759622
118,3,1,12.156168880626248,36.26484238714748,65.86070817183219,114.28171943960592,111.25067224715745,12.46538141216498
119,0,1,16.76082807121693,80.87876748827813,61.515972341058344,159.1555679005534,161.6165821424043,15.513593258549815
119,1,1,14.475347859232691,79.5982143566345,45.66346921969919,139.7370314355664,145.09601649408273,11.948783121058641
119,2,1,15.342643204754935,79.54879660836637,66.62345783886045,161.51489765198176,165.39776738284016,12.574985611416505
119,3,1,14.985905501892328,80.18472219419392,47.035028880381645,142.2056565764679,150.2969627106184,15.49642860461345
120,0,1,10.774988672448757,43.62143243910692,68.91438243240924,123.31080354396491,119.74721871174017,13.052579016698893
120,1,1,12.038521794114821,43.12981435642229,65.58351483242683,120.75185098296393,112.98262062347864,6.589798062542301
120,2,1,10.89348889229239,43.51937636424158,81.2456245581788,135.65848981471277,131.40589109912844,8.692115880558116
120,3,1,9.941221466882268,43.756334147262244,86.04943521167604,139.74699082582055,132.1405761386889,7.405122470462947
