method,metric,mean,ci_2.5,ci_97.5
High-5-of-10,nrmse,4.2157449040553745,3.7016841991808955,4.849429744263831
High-5-of-10,bias_mw,17.774521317838516,14.922287855104482,20.63272354471746
High-5-of-10,false_response_ratio,0.9177154325915423,0.9064905526234972,0.9323294239396716
High-5-of-10,false_response_mwh,172.82625357918948,146.19723368373562,197.76813742266322
High-5-of-10,credit_precision,0.08228456740845774,0.06767057606032853,0.09350944737650274
High-5-of-10,credit_recall,0.7321777698915269,0.6979058837907323,0.7676044231337308
High-5-of-10,credit_f1,0.14283457554889198,0.11990777226825694,0.16157866216211367
Ridge,nrmse,2.7731783606941396,2.422364224620028,3.187317057792203
Ridge,bias_mw,11.604751641154554,9.539778491778915,13.759572483918415
Ridge,false_response_ratio,0.8533259737282712,0.8355049713618447,0.8759996741752943
Ridge,false_response_mwh,110.62888172779145,90.75238559627422,129.5656400724988
Ridge,credit_precision,0.14667402627172865,0.12400032582470545,0.16449502863815535
Ridge,credit_recall,0.8427711860973187,0.809280141421404,0.8851300120788012
Ridge,credit_f1,0.23538349568824074,0.20570546265701012,0.2614982925293244
Gradient Boosting,nrmse,2.3535299606914393,2.096136586842272,2.6316589984304355
Gradient Boosting,bias_mw,9.46884738306198,8.041098628063896,10.794886044759156
Gradient Boosting,false_response_ratio,0.8488690816546944,0.8277344091133506,0.8691711615150841
Gradient Boosting,false_response_mwh,97.17835202341547,84.63710081737479,107.11403494576501
Gradient Boosting,credit_precision,0.1511309183453054,0.13082883848491586,0.17226559088664942
Gradient Boosting,credit_recall,0.8490368095482952,0.8070839209639759,0.8984385744712059
Gradient Boosting,credit_f1,0.24470102095372656,0.21655929401737006,0.2726108499698809
Extra Trees,nrmse,3.3379758460936237,2.981896090951067,3.7250977270927392
Extra Trees,bias_mw,13.034011580574262,11.405227904595444,14.52644564512675
Extra Trees,false_response_ratio,0.8948248639239887,0.8769911339410791,0.9121518418552238
Extra Trees,false_response_mwh,133.12914527809068,116.39894598702253,146.35209123271966
Extra Trees,credit_precision,0.10517513607601124,0.08784815814477619,0.12300886605892088
Extra Trees,credit_recall,0.7299411265770344,0.6954786439599504,0.7673378981122364
Extra Trees,credit_f1,0.17477906274313218,0.1495018007883128,0.20079110737619033
Metadata Gradient Boosting,nrmse,2.1356859037657774,1.915285390682089,2.395514362170991
Metadata Gradient Boosting,bias_mw,9.061851563471565,7.894359297289251,10.206617644635608
Metadata Gradient Boosting,false_response_ratio,0.8362310576915118,0.814586677656685,0.8591776378944457
Metadata Gradient Boosting,false_response_mwh,90.61853457483684,78.59923379015575,100.85366495710042
Metadata Gradient Boosting,credit_precision,0.16376894230848824,0.14082236210555438,0.1854133223433153
Metadata Gradient Boosting,credit_recall,0.878235051405582,0.8410409831145875,0.9216035951131772
Metadata Gradient Boosting,credit_f1,0.26518236477362306,0.2341147231377881,0.29531888671015644
Ex-post Metadata Gradient Boosting,nrmse,2.1268035562456102,1.8669609044652171,2.4300911036267796
Ex-post Metadata Gradient Boosting,bias_mw,9.249445110574463,7.895613260985289,10.721893665983153
Ex-post Metadata Gradient Boosting,false_response_ratio,0.8351008536416951,0.8163205388654127,0.857213600888151
Ex-post Metadata Gradient Boosting,false_response_mwh,91.64068641462688,76.84342446154284,105.76286296546857
Ex-post Metadata Gradient Boosting,credit_precision,0.16489914635830494,0.14278639911184887,0.18367946113458733
Ex-post Metadata Gradient Boosting,credit_recall,0.8792116357142311,0.8417544774273981,0.924722089828267
Ex-post Metadata Gradient Boosting,credit_f1,0.26779467503143756,0.23766441446646586,0.2947858817390528
Ex-post Quantile Gradient Boosting,nrmse,0.9455695836187661,0.6901958047655824,1.2924365213174414
Ex-post Quantile Gradient Boosting,bias_mw,0.3077695266428321,-1.741790866082597,2.485334720187464
Ex-post Quantile Gradient Boosting,false_response_ratio,0.4893970540387798,0.3893396930209446,0.5935093013454332
Ex-post Quantile Gradient Boosting,false_response_mwh,24.155859775333845,16.017587704801326,34.72629465527417
Ex-post Quantile Gradient Boosting,credit_precision,0.5106029459612202,0.4064906986545667,0.6106603069790552
Ex-post Quantile Gradient Boosting,credit_recall,0.8189978676573237,0.7638404060938563,0.8824194493419258
Ex-post Quantile Gradient Boosting,credit_f1,0.5366468860221418,0.4613210856511545,0.6029854235240404
Synthetic Control,nrmse,2.5525450995659527,2.1475192833854164,3.002935028455651
Synthetic Control,bias_mw,8.860624130977742,6.854042367840285,10.803472704518526
Synthetic Control,false_response_ratio,0.8688838839317762,0.8495366016247262,0.890294127273954
Synthetic Control,false_response_mwh,101.89766434219936,79.48033567106536,122.23016420430122
Synthetic Control,credit_precision,0.13111611606822368,0.10970587272604619,0.15046339837527367
Synthetic Control,credit_recall,0.6638201948193537,0.6078429804067834,0.7187990594982325
Synthetic Control,credit_f1,0.20621493315856118,0.18007170532115713,0.2284268064588042
Feasible Quantile Projection,nrmse,0.3021617923561771,0.2365433969427648,0.3767309275906903
Feasible Quantile Projection,bias_mw,-0.9804619563821937,-1.3648190646033707,-0.5039330137496283
Feasible Quantile Projection,false_response_ratio,0.1908081807567077,0.14217670799602514,0.2459840097353241
Feasible Quantile Projection,false_response_mwh,2.7953726360184583,2.010390561773915,3.734745738759125
Feasible Quantile Projection,credit_precision,0.8091918192432923,0.7540159902646755,0.8578232920039748
Feasible Quantile Projection,credit_recall,0.4510406823651007,0.35155720838560045,0.5453287331161175
Feasible Quantile Projection,credit_f1,0.5189001665034118,0.41645089969163274,0.6128085845339027
Tail-Risk Feasible Counterfactual,nrmse,0.33679690411090807,0.2523272436891701,0.42817952265584525
Tail-Risk Feasible Counterfactual,bias_mw,-0.9953281009083843,-1.401565962789379,-0.4996548211804504
Tail-Risk Feasible Counterfactual,false_response_ratio,0.19248509979920583,0.12419545712283019,0.2742840702132396
Tail-Risk Feasible Counterfactual,false_response_mwh,1.831972148979776,1.169108031858149,2.6215050390553976
Tail-Risk Feasible Counterfactual,credit_precision,0.8075149002007942,0.7257159297867602,0.8758045428771699
Tail-Risk Feasible Counterfactual,credit_recall,0.3391130388394184,0.23372430075683617,0.44307098315093935
Tail-Risk Feasible Counterfactual,credit_f1,0.4232197271392082,0.3075901104807682,0.5342951845785883
Single Feasible Projection,nrmse,0.3392691716572267,0.25385517404100894,0.4313357254430148
Single Feasible Projection,bias_mw,-0.996727176246666,-1.403715071722282,-0.5027017353689603
Single Feasible Projection,false_response_ratio,0.19713838605993417,0.1267421243185331,0.2812066830161835
Single Feasible Projection,false_response_mwh,1.8234111693639643,1.160355998187897,2.6107631199906915
Single Feasible Projection,credit_precision,0.8028616139400656,0.7187933169838163,0.8732578756814671
Single Feasible Projection,credit_recall,0.3351688126525848,0.228370583240071,0.4401999217109491
Single Feasible Projection,credit_f1,0.4184427343483336,0.30167843661947097,0.5312635132633576
Risk-Constrained Convex Verifier,nrmse,0.3392691716572267,0.25385517404100894,0.4313357254430148
Risk-Constrained Convex Verifier,bias_mw,-0.996727176246666,-1.4037150717222817,-0.5027017353689601
Risk-Constrained Convex Verifier,false_response_ratio,0.19713838605993417,0.1267421243185331,0.2812066830161835
Risk-Constrained Convex Verifier,false_response_mwh,1.8234111693639643,1.160355998187897,2.6107631199906915
Risk-Constrained Convex Verifier,credit_precision,0.8028616139400656,0.7187933169838163,0.8732578756814671
Risk-Constrained Convex Verifier,credit_recall,0.3351688126525848,0.228370583240071,0.4401999217109491
Risk-Constrained Convex Verifier,credit_f1,0.4184427343483336,0.30167843661947097,0.5312635132633576
