day,baseline,citation_key,implementation,implementation_description,mae_mw,rmse_mw,nrmse,nmae,normalization_mean_truth_mw,bias_mw,max_abs_error_mw,paid_response_mwh,oracle_response_mwh,false_response_mwh,false_response_ratio,underestimation_mwh,credit_precision,credit_recall,credit_f1,net_system_response_mwh
61,Incentive-compatible spatial DR LP,chen2021incentive,strategic_reference,exact workload LP with event reward in the objective,23.15235853861355,32.87427363031108,2.092566994684951,1.4737317658129068,15.710022051294231,8.28997794870577,68.2697319278184,144.0,39.50600234462871,125.7693459492773,0.8733982357588701,21.275348293906,0.12660176424112995,0.46146542218289965,0.19869272740719512,96.75839875601463
62,Incentive-compatible spatial DR LP,chen2021incentive,strategic_reference,exact workload LP with event reward in the objective,26.28840468317836,31.160745647276258,1.3178353070126085,1.1117766002353748,23.645402032758046,0.960644146702105,59.31928209006591,144.0,35.00380468047819,108.99619531952186,0.7569180230522351,6.217248937900877e-14,0.24308197694776476,0.9999999999999982,0.39109565009481134,7.6851531736168965
63,Incentive-compatible spatial DR LP,chen2021incentive,strategic_reference,exact workload LP with event reward in the objective,27.52571349481893,31.399498425497416,1.1549023880723635,1.0124210208003814,27.18801064902638,-1.9123353145642161,60.253145790659254,144.0,72.0122613638636,102.45351272101885,0.7114827272292976,30.465774084882437,0.2885172727707025,0.5769362951824973,0.384667861135881,20.333529366728065
64,Incentive-compatible spatial DR LP,chen2021incentive,strategic_reference,exact workload LP with event reward in the objective,26.89421999789652,30.6338835301942,1.1354024849975752,0.9967970331801289,26.980638086466424,-1.4943188001988803,55.65056431782342,144.0,53.97195639583359,101.59960479079056,0.7055528110471567,11.571561186624155,0.2944471889528433,0.785600486634992,0.42834748901942726,5.455463530184364
65,Incentive-compatible spatial DR LP,chen2021incentive,strategic_reference,exact workload LP with event reward in the objective,12.170619133500988,22.972473862156164,1.9378208002976163,1.0266407985014794,11.854797852633217,3.7650783914894004,65.83993358582742,76.95900995298094,28.753428194463122,63.74279009996155,0.8282693623385489,15.537208341443746,0.1717306376614511,0.4596397954232236,0.25004096177567775,38.97613457828454
66,Incentive-compatible spatial DR LP,chen2021incentive,strategic_reference,exact workload LP with event reward in the objective,21.865036128263554,32.12390589818386,2.1961332524197137,1.4947912330098294,14.627484859030996,9.372515140969007,63.67022540488327,144.0,54.974581023964205,124.95020507693025,0.8677097574786823,35.92478610089445,0.1322902425213178,0.3465200565105841,0.1914796837368431,82.42357986823656
67,Incentive-compatible spatial DR LP,chen2021incentive,strategic_reference,exact workload LP with event reward in the objective,21.52466134849753,33.49594089143828,2.6691797538922066,1.7152284352006675,12.549151417245088,11.450848582754913,66.6130965364496,144.0,44.816158783619265,131.9020397250098,0.9159863869792346,32.71819850862906,0.08401361302076535,0.2699463899483534,0.12814539129412442,136.263980165431
68,Incentive-compatible spatial DR LP,chen2021incentive,strategic_reference,exact workload LP with event reward in the objective,20.922680855974654,32.04252974456528,2.4037164734360483,1.569545009175855,13.330411510123463,9.899812362031486,70.41824066328897,137.8417909772396,19.368929145714922,123.28997287202456,0.894431013975886,4.81711104049989,0.10556898602411385,0.7512969868256448,0.18512501048063454,82.34997096857532
69,Incentive-compatible spatial DR LP,chen2021incentive,strategic_reference,exact workload LP with event reward in the objective,26.880896445403064,30.898265421808016,1.1957151776677906,1.0402491994388408,25.840823967856817,-0.6901342552202299,57.36326482514121,144.0,44.565959108807945,104.76304876073134,0.7275211719495231,5.329007869539273,0.27247882805047685,0.8804242525886522,0.41616155349256684,0.6346925195820674
70,Incentive-compatible spatial DR LP,chen2021incentive,strategic_reference,exact workload LP with event reward in the objective,22.116503961499745,29.777549200876273,1.540914928503823,1.144474680931298,19.32458998874732,4.839496561194311,67.19609149657904,134.69503286887883,28.975956204206163,107.82400209077622,0.8005046644573697,2.104925426103567,0.1994953355426303,0.9273561358503843,0.32835422979088513,41.90253840695965
71,Incentive-compatible spatial DR LP,chen2021incentive,strategic_reference,exact workload LP with event reward in the objective,28.156426588996844,30.867821491933906,0.9713836898713455,0.8860584333999225,31.777166750681374,-5.248368743729799,52.95309093797236,146.91575733762954,86.9495791009182,91.63223138106818,0.6237059457855608,31.666053144356848,0.37629405421443907,0.6358113118914172,0.47278084728976555,20.80297868092709
72,Incentive-compatible spatial DR LP,chen2021incentive,strategic_reference,exact workload LP with event reward in the objective,24.213086832754573,31.520372373964133,1.653973872432116,1.2705374326537366,19.05735809938426,4.942641900615736,64.99801127611961,144.0,33.083618393204134,116.62291493348124,0.8098813537047308,5.706533326685385,0.19011864629526912,0.8275118138873955,0.3091995218409134,50.51535572335572
73,Incentive-compatible spatial DR LP,chen2021incentive,strategic_reference,exact workload LP with event reward in the objective,25.67962047178522,31.932687323012498,1.5191211355286798,1.2216464532545233,21.020500983221055,2.9794990167789486,62.5272027973667,144.0,42.05457130574932,114.63647795425668,0.7960866524601158,12.691049260005997,0.2039133475398842,0.6982242627623458,0.31564418804297284,33.281784158823484
74,Incentive-compatible spatial DR LP,chen2021incentive,strategic_reference,exact workload LP with event reward in the objective,22.129112687728167,31.081424563204227,1.8123786641049071,1.2903633682959192,17.14952022929195,5.322548170293573,69.00988461163058,131.77654719668416,34.24243692796264,109.80664343208696,0.8332791059413186,12.27253316336543,0.16672089405868143,0.6415987218087396,0.2646673677764736,58.472383698597135
75,Incentive-compatible spatial DR LP,chen2021incentive,strategic_reference,exact workload LP with event reward in the objective,24.65969785669263,29.244788338054043,1.1785210951010203,0.993748827551387,24.814819573125455,0.1736268017289473,59.442777913009564,144.0,51.31719530784004,99.33329863368631,0.6898145738450439,6.650493941526358,0.31018542615495615,0.8704041812567586,0.45737602668228333,0.926494945750985
76,Incentive-compatible spatial DR LP,chen2021incentive,strategic_reference,exact workload LP with event reward in the objective,24.4854140294654,32.878279774373866,1.7902655952951054,1.3332630120653204,18.365029111199696,5.6349708888003,69.0404835566612,144.0,35.38702492035839,120.4815396730628,0.8366773588407139,11.868564593421203,0.16332264115928602,0.6646068828862428,0.2622091574056548,62.387816101694405
77,Incentive-compatible spatial DR LP,chen2021incentive,strategic_reference,exact workload LP with event reward in the objective,11.956171550834663,22.867984045192163,2.1333939994397917,1.1154120359895099,10.719062700653076,3.7905907629215263,69.376950417808,68.07722770859684,30.242237127870993,62.98704925502476,0.9252293516510325,25.152058674298914,0.07477064834896746,0.16831355537785303,0.10354365663072794,59.934995297525035
78,Incentive-compatible spatial DR LP,chen2021incentive,strategic_reference,exact workload LP with event reward in the objective,11.422649370038622,21.83680604742116,2.0683273695473168,1.0819246309871131,10.557712656580307,4.649154160730921,67.16160159132515,73.65493453848981,13.42057356476695,64.28721412307817,0.87281611919,4.0528531493553075,0.12718388081000004,0.698011927001744,0.21516315252052545,41.234705150958575
79,Incentive-compatible spatial DR LP,chen2021incentive,strategic_reference,exact workload LP with event reward in the objective,23.75382715822127,31.80894370099767,1.544051174991125,1.1530444103693167,20.600964667625412,9.292354377282523,66.32298636717273,144.0,33.79052353225004,114.90371208126003,0.7979424450087502,4.694235613510076,0.20205755499124978,0.8610783402325849,0.3273097726545824,24.520821147656857
80,Incentive-compatible spatial DR LP,chen2021incentive,strategic_reference,exact workload LP with event reward in the objective,24.540951743750835,31.840038792436946,1.6396831591153878,1.2637982492800803,19.41840935270367,4.581590647296329,67.80740012155712,144.0,36.00549500360443,116.49016956418866,0.8089595108624212,8.495664567793092,0.19104048913757873,0.7640453334430589,0.30565545163230134,54.68707671024559
81,Incentive-compatible spatial DR LP,chen2021incentive,strategic_reference,exact workload LP with event reward in the objective,29.516221256277134,33.67947144348195,1.1871524058583214,1.040403889207036,28.36996435948879,4.24082616061737,59.52979246705335,144.0,57.652604300839386,101.44808998242925,0.7045006248779809,15.100694283268629,0.29549937512201907,0.7380743772740761,0.42203184198988913,1.4210854715202004e-14
82,Incentive-compatible spatial DR LP,chen2021incentive,strategic_reference,exact workload LP with event reward in the objective,25.74055366381772,32.86887247727193,1.698319133656613,1.330002263643356,19.35376680736246,4.646233192637538,64.57408078276191,144.0,37.34594246339659,121.54714742582104,0.8440774126793128,14.893089889217642,0.15592258732068714,0.6012126376562964,0.2476245376012303,53.751302388657585
83,Incentive-compatible spatial DR LP,chen2021incentive,strategic_reference,exact workload LP with event reward in the objective,14.084933495750354,27.47048535333856,2.8169173121689104,1.4443171460057587,9.75196724258385,8.465483290097902,70.2064488347473,97.73960426145402,12.670103815465701,90.20166714339302,0.9228773517652377,5.132166697404703,0.07712264823476235,0.5949388598426361,0.13654482471431775,75.92745283033415
84,Incentive-compatible spatial DR LP,chen2021incentive,strategic_reference,exact workload LP with event reward in the objective,17.567754587709345,29.846549954228667,2.644289854527675,1.556435678306269,11.287170316493114,10.003979174984469,66.67709460064602,122.32919593182065,26.060704576651148,110.28693505077524,0.9015585707948487,14.018443695605754,0.09844142920515123,0.4620850079331527,0.1623056668921735,106.0925379765269
85,Incentive-compatible spatial DR LP,chen2021incentive,strategic_reference,exact workload LP with event reward in the objective,24.580120357195078,31.056840568962887,1.5514722274343478,1.2279218807367338,20.01765807972034,3.9823419202796595,61.808777282931146,144.0,35.53326993985547,114.24984910989895,0.7934017299298538,5.78311904975442,0.2065982700701462,0.8372477664019361,0.3314165769950884,38.49862531071388
86,Incentive-compatible spatial DR LP,chen2021incentive,strategic_reference,exact workload LP with event reward in the objective,21.423716533526644,29.672918895705468,1.784527100590907,1.2884206937588785,16.627889195899538,5.640491107359988,70.76123655411166,130.14704242607624,26.273989206344574,108.25683056354652,0.8318040006559242,4.383777343814872,0.16819599934407564,0.8331514369825391,0.2798883453725106,50.47589099987526
87,Incentive-compatible spatial DR LP,chen2021incentive,strategic_reference,exact workload LP with event reward in the objective,25.390698786941797,29.826498418695287,1.0967815682514581,0.933668110940144,27.194565702126198,-0.31133255450445096,58.624484940413176,144.0,53.557790285655976,100.31746492974938,0.6966490620121485,9.875255215405375,0.3033509379878514,0.8156149616566575,0.44222538637518105,14.43737725942076
88,Incentive-compatible spatial DR LP,chen2021incentive,strategic_reference,exact workload LP with event reward in the objective,23.708636128509685,31.355592763354185,1.7163673331460987,1.2977821491539365,18.268579317388564,5.731420682611436,63.07934670902744,144.0,34.289759489099275,117.76022724448448,0.8177793558644756,8.049986733583747,0.18222064413552447,0.7652364188747709,0.2943497465104813,57.74428111641548
89,Incentive-compatible spatial DR LP,chen2021incentive,strategic_reference,exact workload LP with event reward in the objective,20.407405073479037,32.91928705805924,2.7616238441462153,1.7119926184510972,11.92026463989218,12.07973536010782,67.93326470878367,144.0,25.526080869572777,129.94856173434744,0.902420567599635,11.474642603920191,0.09757943240036518,0.5504737815980977,0.16577317417563914,112.71668737789915
90,Incentive-compatible spatial DR LP,chen2021incentive,strategic_reference,exact workload LP with event reward in the objective,15.322283880611636,30.59537234935268,3.836847232032206,1.9215083191161186,7.974091877811794,12.496114423090848,70.32410488221139,115.76165040722115,4.48805719241122,111.27359321480994,0.9612301899927711,9.547918011776346e-15,0.038769810007228844,0.9999999999999978,0.0746456233782132,99.96891538472678
91,Incentive-compatible spatial DR LP,chen2021incentive,strategic_reference,exact workload LP with event reward in the objective,26.074542553123024,32.171696120144325,1.5388390628757753,1.2471995407863612,20.90647222070254,3.093527779297464,62.33452066417758,144.0,41.23565776772999,116.67228132968194,0.810224175900569,13.907939097411933,0.18977582409943095,0.6627205712164983,0.2950589427504798,23.388741208320916
92,Incentive-compatible spatial DR LP,chen2021incentive,strategic_reference,exact workload LP with event reward in the objective,16.771520730231007,32.03285232007427,3.7885743531415064,1.983593364301034,8.455120405255464,13.097347906232365,69.96940538958206,124.41974649190261,10.37479911589623,119.47547454585349,0.9602613565333786,5.430527169847099,0.03973864346662136,0.47656555956573027,0.0733601188943519,109.39568478223583
93,Incentive-compatible spatial DR LP,chen2021incentive,strategic_reference,exact workload LP with event reward in the objective,18.774610911034983,34.341811327241025,4.154418886938102,2.271213868729391,8.266333333698011,15.489329066385649,69.78338839377697,142.04529920066926,12.646513923347877,137.05575990968254,0.9648736049762693,7.656974632361114,0.03512639502373095,0.39453871013221453,0.064509416370815,132.05516465124984
94,Incentive-compatible spatial DR LP,chen2021incentive,strategic_reference,exact workload LP with event reward in the objective,12.590564508056978,27.42473174903702,3.341179411660558,1.5339196496236014,8.208099108155043,9.220684063267324,69.97126403804644,91.43026537137894,15.971600469141233,87.24499428529721,0.9542244456025404,11.786329383059504,0.04577555439745966,0.262044564298243,0.0779366550725737,89.73707297527983
95,Incentive-compatible spatial DR LP,chen2021incentive,strategic_reference,exact workload LP with event reward in the objective,20.13656438622958,34.256702553134765,3.399026315056372,1.9979947613889084,10.078386978468163,13.921613021531835,68.81568088694209,144.0,22.85854558605503,136.23270963104568,0.9460604835489284,15.091255217100706,0.053939516451071694,0.33979810043963593,0.09310030051710415,117.5364289971889
96,Incentive-compatible spatial DR LP,chen2021incentive,strategic_reference,exact workload LP with event reward in the objective,9.37292390593105,22.278443651340694,2.730712112138576,1.1488574891782828,8.15847395714416,5.984649958105358,69.86345084353168,65.14499132199614,12.748226819760927,61.430295456145636,0.9429780280806294,9.033530953910418,0.05702197191937064,0.29138921972210186,0.09537918587700847,60.3454398409039
97,Incentive-compatible spatial DR LP,chen2021incentive,strategic_reference,exact workload LP with event reward in the objective,5.0083863417817,15.596486451890634,2.1945131758625753,0.7047080668298698,7.107037051969524,3.1515253340241265,71.67071018629552,34.068499087949206,5.297907095627526,32.639646703223306,0.9580594266557719,3.869054710901626,0.04194057334422803,0.26970129127125714,0.07259247278315197,30.097695523706612
98,Incentive-compatible spatial DR LP,chen2021incentive,strategic_reference,exact workload LP with event reward in the objective,2.6071784461336702,7.89513996180484,1.0987395839987988,0.36283209356312535,7.185633499314676,0.6707749775728592,43.92442625022647,14.851267815100286,5.328197161669193,13.111813694826118,0.88287504192029,3.588743041395025,0.11712495807971003,0.3264620410047363,0.17239843794437767,10.694396982252066
99,Incentive-compatible spatial DR LP,chen2021incentive,strategic_reference,exact workload LP with event reward in the objective,4.7025426985162095,15.164905115772495,2.156912203865526,0.6688450510039117,7.03084023939157,3.030608644118954,71.2776350919862,32.4915910680842,5.130097882578371,30.932605370540657,0.9520187948236583,3.5711121850348313,0.04798120517634171,0.30389004912319495,0.08287696491180968,29.374967035530002
100,Incentive-compatible spatial DR LP,chen2021incentive,strategic_reference,exact workload LP with event reward in the objective,3.5996552921675633,12.072715781549213,1.5900301916429325,0.4740905607006031,7.592758832506711,0.7316650237013351,67.73925407989698,18.595390849664366,11.694713576395188,17.325281263475595,0.9316976127871119,10.424603990206416,0.06830238721288803,0.10860544620369171,0.08386300478357245,17.252053595510542
101,Incentive-compatible spatial DR LP,chen2021incentive,strategic_reference,exact workload LP with event reward in the objective,18.344341750858327,29.747366179999215,2.2733449054091217,1.4019061590211253,13.085285083323395,10.22124712227761,65.91684574123906,132.1402767084031,43.69713760955085,111.16277215629265,0.8412482168597091,22.719633057440408,0.15875178314029093,0.4800658738691709,0.23860114906123853,75.12164914099881
102,Incentive-compatible spatial DR LP,chen2021incentive,strategic_reference,exact workload LP with event reward in the objective,9.101074995243033,22.351296310335705,2.975514757583115,1.2115799720168263,7.511741036865406,6.519791521045468,70.87208421889864,61.85253889841949,10.60433455930149,60.45678607459998,0.9774341870410242,9.208581735481983,0.02256581295897576,0.13162097216135413,0.0385264435853401,40.863436737977956
103,Incentive-compatible spatial DR LP,chen2021incentive,strategic_reference,exact workload LP with event reward in the objective,10.91616987929566,23.160332025611968,2.5061629011122033,1.1812309056483135,9.241351396325317,5.163909079859433,69.65761129284127,67.24208380947802,24.19355406514739,64.32031583662038,0.9565485212930626,21.271786092289744,0.04345147870693751,0.12076638120178736,0.06390873494783089,49.163046155484864
104,Incentive-compatible spatial DR LP,chen2021incentive,strategic_reference,exact workload LP with event reward in the objective,3.916034519399319,13.076280745838638,1.8249288413932805,0.5465227060544543,7.1653647250460875,1.7142296881630938,71.19058834219281,23.036755305673452,9.126739790627566,22.521056830249652,0.9776141010927526,8.611041315203764,0.022385898907247414,0.05650412822696914,0.03206731568691423,22.840577295932317
105,Incentive-compatible spatial DR LP,chen2021incentive,strategic_reference,exact workload LP with event reward in the objective,1.4123082028179634,4.821676044710689,0.7345982355340923,0.21516980904565355,6.5636912961070095,0.4103555142945875,26.989553029656765,7.7923744832127735,3.77291347926968,7.290654868450204,0.9356140267843349,3.2711938645071097,0.06438597321566512,0.13297935866254942,0.08676301297298221,0.6550889226458665
106,Incentive-compatible spatial DR LP,chen2021incentive,strategic_reference,exact workload LP with event reward in the objective,2.5875850936357034,10.890146044080117,1.6312222371756904,0.38759134434357706,6.676065220233506,1.4971857506473223,61.44606194083126,17.386007767046614,4.746296049356986,16.339083377132102,0.9397835084429877,3.6993716594424693,0.06021649155701252,0.2205771361557505,0.09460600203206837,15.619510961486325
107,Incentive-compatible spatial DR LP,chen2021incentive,strategic_reference,exact workload LP with event reward in the objective,8.500156657350303,21.84324763384393,2.853724891631648,1.1105083384333865,7.65429341065698,5.660187034817548,70.95566448209875,58.51584356379623,9.195003343726437,56.641374768671405,0.9679664740185928,7.320534548601611,0.03203352598140721,0.20385732609915125,0.05536686899470972,48.94753845332508
108,Incentive-compatible spatial DR LP,chen2021incentive,strategic_reference,exact workload LP with event reward in the objective,6.100960313532271,17.683433800709594,2.2517864050020293,0.776888677068908,7.853068906281836,2.8972661285303727,70.50557393969005,38.002680278497664,12.851807513007024,35.99290576825057,0.9471149272756889,10.842033002759932,0.052885072724311116,0.15638068872514976,0.07904020264590408,35.434948465745606
109,Incentive-compatible spatial DR LP,chen2021incentive,strategic_reference,exact workload LP with event reward in the objective,13.250251885172958,27.738633270683525,3.157594834497735,1.5083269063813187,8.784734813862144,8.575452688075794,70.3223401190867,90.88150001550352,17.22624864385101,87.30281829299501,0.9606225500030477,13.647566921342522,0.039377449996952085,0.20774585323229483,0.06620583199424213,64.71552263884544
110,Incentive-compatible spatial DR LP,chen2021incentive,strategic_reference,exact workload LP with event reward in the objective,7.259275820572343,18.928933098470548,2.4307879744953955,0.9322110378010803,7.787159265669801,4.328003426009492,70.98532499622422,48.921301533434345,7.763465514273809,46.349116986327346,0.9474219927417694,5.191280967166807,0.05257800725823068,0.33131911803791964,0.09075399551142725,42.296927053530894
111,Incentive-compatible spatial DR LP,chen2021incentive,strategic_reference,exact workload LP with event reward in the objective,16.131317108811537,29.988902957678118,3.1661184244848903,1.703085317308683,9.471819729092143,10.855560322951707,68.96097894977342,114.6190404163508,19.440267138587984,107.94750972705297,0.9417938706774751,12.768736449290166,0.05820612932252485,0.3431810191566325,0.0995310331073247,101.4818556151389
112,Incentive-compatible spatial DR LP,chen2021incentive,strategic_reference,exact workload LP with event reward in the objective,14.96424260186728,28.700601410357443,2.9604490403822297,1.543552241896841,9.694678414951486,9.743304300821908,67.60430088421307,107.50386172618715,20.642007493191354,98.83018761075675,0.9193175577494854,11.968333377760947,0.08068244225051463,0.4201952798578998,0.1353718878067238,98.44098902701545
113,Incentive-compatible spatial DR LP,chen2021incentive,strategic_reference,exact workload LP with event reward in the objective,8.218418607122686,17.292410208669402,1.8451835562182077,0.8769448959970855,9.371647688054964,3.456752757159137,69.13273372872402,54.6272035617128,10.708960219353045,46.70068545712729,0.8548979704657432,2.7824421147675387,0.1451020295342568,0.7401762582198077,0.24263800155596468,29.395544234880806
114,Incentive-compatible spatial DR LP,chen2021incentive,strategic_reference,exact workload LP with event reward in the objective,22.23657795433556,32.437819846514806,2.199884544085554,1.5080515394240408,14.745237396082771,9.254762603917227,65.12460031894356,144.0,49.934349160388656,125.96536223301113,0.8747594599514662,31.89971139339979,0.1252405400485338,0.36116697364096567,0.1859870398933173,97.01459105581355
61,Price-responsive non-wire workload LP,cao2022flexibility,honest_operator_schedule,exact workload LP without a statistical baseline projection,4.018978433189243,4.518532179751719,0.2876209953746991,0.2558225838300558,15.710022051294231,-3.3859128123230198,10.129049933859578,15.737567949110566,39.50600234462871,2.5322624834648946,0.16090557903567365,26.30069687898304,0.8390944209643264,0.3342607371520364,0.47807574331024805,3.3512726677843148
62,Price-responsive non-wire workload LP,cao2022flexibility,honest_operator_schedule,exact workload LP without a statistical baseline projection,2.398081733190338e-14,2.8393940289010155e-14,1.2008229020455454e-15,1.0141852229317419e-15,23.645402032758046,-6.439293542825908e-15,5.3290705182007514e-14,35.00380468047809,35.00380468047819,7.993605777301127e-15,2.2836391215950383e-16,1.0835776720341528e-13,0.9999999999999998,0.999999999999997,0.9999999999999983,0.0
63,Price-responsive non-wire workload LP,cao2022flexibility,honest_operator_schedule,exact workload LP without a statistical baseline projection,9.394164408565784,12.978750457705866,0.47737036097455854,0.34552599415368385,27.18801064902638,-4.454026485405226,56.66048066809573,28.780148455863717,72.0122613638636,0.0,0.0,43.23211290799988,1.0,0.3996562239650185,0.571077693396528,-1.7763568394002505e-15
64,Price-responsive non-wire workload LP,cao2022flexibility,honest_operator_schedule,exact workload LP without a statistical baseline projection,3.2193023436314174,3.7524443041184545,0.13907915343190838,0.11931898472209336,26.980638086466424,-2.176251741471928,12.941040096236904,39.9404311679382,53.97195639583359,3.235260024059226,0.08100213065942813,17.266785251954623,0.9189978693405718,0.6800785740409525,0.7816896598215884,0.0
65,Price-responsive non-wire workload LP,cao2022flexibility,honest_operator_schedule,exact workload LP without a statistical baseline projection,5.281013183315295,10.804052925696945,0.9113654285802202,0.44547475620955135,11.854797852633217,-1.1069384307961667,57.29581003615581,5.583299230961734,28.753428194463122,0.34846880729400365,0.06241270490422545,23.518597770795395,0.9375872950957745,0.1820593491761713,0.304911435432345,0.0
66,Price-responsive non-wire workload LP,cao2022flexibility,honest_operator_schedule,exact workload LP without a statistical baseline projection,12.243201040147476,18.72291041634985,1.2799815277053828,0.8369997411132875,14.627484859030996,-0.9304323425605627,60.25557337515512,17.26179423445076,54.974581023964205,12.92989709235951,0.749047110441988,50.64268388187296,0.25095288955801204,0.0787981838406902,0.11993672513590357,3.552713678800501e-15
67,Price-responsive non-wire workload LP,cao2022flexibility,honest_operator_schedule,exact workload LP without a statistical baseline projection,5.5821489379239635,5.7307014284052284,0.4566604735145739,0.44482282126685907,12.549151417245088,-5.5821489379239635,7.3507366915777705,1.6259814033945794,44.816158783619265,0.0,0.0,43.19017738022469,1.0,0.03628114161334352,0.07002181195126045,0.0
68,Price-responsive non-wire workload LP,cao2022flexibility,honest_operator_schedule,exact workload LP without a statistical baseline projection,1.7979061166135342,2.531444909755615,0.18989998229485786,0.13487251426920746,13.330411510123463,-0.3939340090404282,7.993964602374408,13.365170614441169,19.368929145714922,0.6744997750261048,0.05046697827391015,6.678258306299858,0.9495330217260899,0.6552076650155272,0.7753792486978447,0.0
69,Price-responsive non-wire workload LP,cao2022flexibility,honest_operator_schedule,exact workload LP without a statistical baseline projection,1.6492682201258595,1.9577680564336801,0.075762601798957,0.06382413433013476,25.840823967856817,-0.7694708201679882,3.969750552665115,38.243198766941994,44.565959108807945,1.4697418136740277,0.03843145607747893,7.792502155539968,0.9615685439225212,0.8251467642261541,0.8881495210576659,-7.105427357601002e-15
70,Price-responsive non-wire workload LP,cao2022flexibility,honest_operator_schedule,exact workload LP without a statistical baseline projection,0.5214009712235093,0.6878208938581023,0.035593039451735815,0.026981217791793785,19.32458998874732,-0.3824043947619417,2.22394522338508,26.217838983781576,28.975956204206163,0.0,0.0,2.758117220424589,1.0,0.904813590930807,0.9500284912274911,0.12733075930962912
71,Price-responsive non-wire workload LP,cao2022flexibility,honest_operator_schedule,exact workload LP without a statistical baseline projection,7.59977896274221,7.878811108607208,0.2479393827153665,0.23915848201222198,31.777166750681374,-7.302683523847701,11.330874458721858,40.953475927692836,86.9495791009182,1.1883817555780354,0.029017848391580576,47.1844849288034,0.9709821516084194,0.45733509676868433,0.6218005373400912,4.368460439983894
72,Price-responsive non-wire workload LP,cao2022flexibility,honest_operator_schedule,exact workload LP without a statistical baseline projection,1.3717775648037271,1.4376160216565244,0.07543627055541206,0.07198151798638076,19.05735809938426,-1.3717775648037271,2.200895583548892,23.650391608792606,33.083618393204134,0.0,0.0,9.43322678441153,1.0,0.7148671384037831,0.8337288905882111,0.0
73,Price-responsive non-wire workload LP,cao2022flexibility,honest_operator_schedule,exact workload LP without a statistical baseline projection,4.910777405709311,7.086677937578366,0.33713173359831344,0.23361847605959452,21.020500983221055,-1.180724003073988,22.158827672610762,26.53943455732804,42.05457130574932,2.3779167190262864,0.08959937386343819,17.893053467447572,0.9104006261365617,0.5745277406976826,0.7044789857157872,3.552713678800501e-15
74,Price-responsive non-wire workload LP,cao2022flexibility,honest_operator_schedule,exact workload LP without a statistical baseline projection,2.703361397399587,3.0022959327248677,0.17506588479349097,0.15763481200961854,17.14952022929195,-1.9864997920310699,5.653561939099099,18.288035264870608,34.24243692796264,0.6884264992095064,0.037643546134882036,16.64282816230154,0.962356453865118,0.51397068505043,0.6700723610880552,1.7763568394002505e-15
75,Price-responsive non-wire workload LP,cao2022flexibility,honest_operator_schedule,exact workload LP without a statistical baseline projection,6.006797544775286,9.186481099276737,0.3702014061478702,0.24206492926834217,24.814819573125455,0.05781493351007416,33.499022988334026,41.449481857533684,51.31719530784004,8.374755747083507,0.20204729641418537,18.242469197389866,0.7979527035858145,0.6445154672238517,0.7130734250939778,0.0
76,Price-responsive non-wire workload LP,cao2022flexibility,honest_operator_schedule,exact workload LP without a statistical baseline projection,2.190199765665148,2.559150379274,0.13934910550799684,0.11925925912796297,18.365029111199696,-2.1635061239114988,6.268258398919508,20.087301575160872,35.38702492035839,0.0,0.0,15.299723345197513,1.0,0.567645955554871,0.7242017287684728,0.0
77,Price-responsive non-wire workload LP,cao2022flexibility,honest_operator_schedule,exact workload LP without a statistical baseline projection,3.8259439896240126,4.495641070097205,0.4194061734356028,0.3569289681821631,10.719062700653076,-3.701283649269104,9.09488431534722,1.2221741132618427,30.242237127870993,0.0,0.0,29.02006301460915,1.0,0.0404128209197691,0.07768612632828276,0.0
78,Price-responsive non-wire workload LP,cao2022flexibility,honest_operator_schedule,exact workload LP without a statistical baseline projection,1.8786059374708255,2.5330132046949423,0.23992064257556686,0.17793683144993974,10.557712656580307,-0.5051839831389007,9.675228455462321,8.083274567696998,13.42057356476695,0.8916260363281094,0.11030505383193265,6.2289250333980615,0.8896949461680674,0.5358674498271172,0.6688708446105323,0.0
79,Price-responsive non-wire workload LP,cao2022flexibility,honest_operator_schedule,exact workload LP without a statistical baseline projection,8.464072399785863,17.953328296499446,0.8714799809696898,0.4108580610832862,20.600964667625412,6.227251733825415,57.88945635846269,40.331729681414366,33.79052353225004,14.19036133882187,0.351841129822931,7.649155189657549,0.648158870177069,0.7736301663880079,0.7053581673303301,0.0
80,Price-responsive non-wire workload LP,cao2022flexibility,honest_operator_schedule,exact workload LP without a statistical baseline projection,2.8166561593265302,3.139412395353371,0.16167196490356525,0.14505081792059146,19.41840935270367,-2.2542939414843692,5.094502441818152,21.28352717293707,36.00549500360443,0.33986149517869624,0.015968288170338837,15.061829325846059,0.9840317118296612,0.5816797040468893,0.7311580781818375,0.0
81,Price-responsive non-wire workload LP,cao2022flexibility,honest_operator_schedule,exact workload LP without a statistical baseline projection,10.501771973634836,18.60276984136281,0.6557205925830082,0.3701721948100492,28.36996435948879,4.24082616061737,56.71996729776234,65.46479791869334,57.652604300839386,25.390292851860032,0.3878465016174729,17.578099234006082,0.6121534983825269,0.6951031189800012,0.6509965990896358,0.0
82,Price-responsive non-wire workload LP,cao2022flexibility,honest_operator_schedule,exact workload LP without a statistical baseline projection,3.4235201177352765,4.686486064984278,0.24214852393496178,0.17689166929679645,19.35376680736246,-2.072679605944657,19.221137919299323,20.5074057562732,37.34594246339659,0.0,0.0,16.83853670712339,1.0,0.549120049022002,0.7089444738239301,0.0
83,Price-responsive non-wire workload LP,cao2022flexibility,honest_operator_schedule,exact workload LP without a statistical baseline projection,1.2838868973377457,1.3418033567668115,0.13759309515597712,0.1316541437640813,9.75196724258385,-1.0254483136938661,2.558966527562962,5.195391606309808,12.670103815465701,0.0,0.0,7.474712209155893,1.0,0.41005122625499546,0.5816118146913923,0.0
84,Price-responsive non-wire workload LP,cao2022flexibility,honest_operator_schedule,exact workload LP without a statistical baseline projection,3.2575880720813934,3.331876027291178,0.29519143716849494,0.2886098092558521,11.287170316493114,-3.2575880720813934,4.710185337154503,4.082306979613271,26.060704576651148,0.0,0.0,21.978397597037876,1.0,0.15664607100725808,0.2708625826582263,0.0
85,Price-responsive non-wire workload LP,cao2022flexibility,honest_operator_schedule,exact workload LP without a statistical baseline projection,3.6939498023393815,7.389992161303293,0.36917366316642247,0.18453456381501887,20.01765807972034,-0.8299862435595746,38.60906799832895,24.635912759455977,35.53326993985547,0.7684064013618066,0.031190498556497363,11.665763581761308,0.9688095014435025,0.6716946230530689,0.7933465367934038,0.0
86,Price-responsive non-wire workload LP,cao2022flexibility,honest_operator_schedule,exact workload LP without a statistical baseline projection,1.32158569092927,1.675243300570517,0.1007490055312393,0.07948006360634007,16.627889195899538,-0.6689952676244164,5.5719734131426755,19.515925160095808,26.273989206344574,0.0,0.0,6.7580640462487676,1.0,0.7427850033288114,0.8524115159472371,1.7763568394002505e-15
87,Price-responsive non-wire workload LP,cao2022flexibility,honest_operator_schedule,exact workload LP without a statistical baseline projection,2.7918879659567497,3.226343208722672,0.11863926212546286,0.10266345109304198,27.194565702126198,-2.116004711932044,10.814132064395288,40.8663660628379,53.557790285655976,2.703533016098822,0.06615545438862247,15.394957238916897,0.9338445456113776,0.71255428656025,0.8083277526121694,-3.552713678800501e-15
88,Price-responsive non-wire workload LP,cao2022flexibility,honest_operator_schedule,exact workload LP without a statistical baseline projection,2.1483449497244096,2.4775102528873294,0.1356159233755612,0.11759781165246673,18.268579317388564,-1.4866144569404995,6.622121995894858,22.328727775056507,34.289759489099275,0.9913914721619257,0.044399819020115076,12.952423186204696,0.9556001809798848,0.6222655574378619,0.7537232919468299,0.0
89,Price-responsive non-wire workload LP,cao2022flexibility,honest_operator_schedule,exact workload LP without a statistical baseline projection,3.3127405406435035,3.73739120951468,0.31353257015848307,0.2779083049513125,11.92026463989218,-2.009850562129571,10.673742048244165,6.679858870493659,25.526080869572777,0.4920331755380287,0.07365921721960964,19.338255174617146,0.9263407827803903,0.2424118973285692,0.384266116430538,0.0
90,Price-responsive non-wire workload LP,cao2022flexibility,honest_operator_schedule,exact workload LP without a statistical baseline projection,8.076872504148014e-15,9.369387792653569e-15,1.1749786604195315e-15,1.0128893205535053e-15,7.974091877811794,2.581268532253489e-15,1.509903313490213e-14,4.488057192411209,4.48805719241122,7.771561172376096e-15,1.7316092106662357e-15,1.865174681370263e-14,0.9999999999999982,0.9999999999999959,0.999999999999997,0.0
91,Price-responsive non-wire workload LP,cao2022flexibility,honest_operator_schedule,exact workload LP without a statistical baseline projection,6.038247125659731,11.895178020150194,0.5689710772136414,0.28882190461958396,20.90647222070254,0.1699351282573489,55.187246019189956,28.308459870498815,41.23565776772999,6.006834357318744,0.21219219925060864,18.93403225454992,0.7878078007493913,0.5408335096483601,0.6413662656328173,-8.881784197001252e-15
92,Price-responsive non-wire workload LP,cao2022flexibility,honest_operator_schedule,exact workload LP without a statistical baseline projection,1.8790237907107317,2.327210186766947,0.27524270208150065,0.2222350127081317,8.455120405255464,-0.5771126915471146,6.421363843219922,3.8860684703864132,10.37479911589623,1.6053409608049805,0.4131015634537578,8.094071606314799,0.5868984365462422,0.2198334140356424,0.3198581707294214,0.0
93,Price-responsive non-wire workload LP,cao2022flexibility,honest_operator_schedule,exact workload LP without a statistical baseline projection,1.8240402009799224,1.9861546476845469,0.24027033117427224,0.22065892183952412,8.266333333698011,-1.0175665150205813,3.988464098320166,2.04750441340326,12.646513923347877,0.21767956311612435,0.10631457577876875,10.816689073060742,0.8936854242212312,0.14469005936164986,0.24905710723261718,0.0
94,Price-responsive non-wire workload LP,cao2022flexibility,honest_operator_schedule,exact workload LP without a statistical baseline projection,1.9964500586426541,2.110413786971195,0.25711358490718306,0.24322928272870253,8.208099108155043,-1.9964500586426541,4.236647880837765,0.3593824161924508,15.971600469141233,0.0,0.0,15.612218052948782,1.0,0.022501340231169346,0.04401234374144134,0.0
95,Price-responsive non-wire workload LP,cao2022flexibility,honest_operator_schedule,exact workload LP without a statistical baseline projection,4.727246071018389,7.041053783789428,0.6986290364551584,0.469047882475425,10.078386978468163,-0.7704406031167778,28.445602877281953,4.806965201626226,22.85854558605503,2.0099972363241205,0.4181426642414898,20.061577620752924,0.5818573357585102,0.12235983933327804,0.20219890294218051,8.881784197001252e-16
96,Price-responsive non-wire workload LP,cao2022flexibility,honest_operator_schedule,exact workload LP without a statistical baseline projection,1.6285266829326015,1.7020138524225221,0.2086191438941977,0.19961167878786248,8.15847395714416,-1.5585300220076301,2.569222540680288,1.024423901553953,12.748226819760927,0.0,0.0,11.723802918206975,1.0,0.08035814831643891,0.14876205347581062,0.0
97,Price-responsive non-wire workload LP,cao2022flexibility,honest_operator_schedule,exact workload LP without a statistical baseline projection,0.6582618517076191,0.731353715735728,0.10290557237675482,0.09262113689490328,7.107037051969524,-0.6106866064392001,1.1624383386264086,0.8987546371474,5.297907095627526,0.0,0.0,4.399152458480126,1.0,0.16964333668462422,0.2900770369290205,0.0
98,Price-responsive non-wire workload LP,cao2022flexibility,honest_operator_schedule,exact workload LP without a statistical baseline projection,0.6660246452086491,0.682038399841155,0.09491694781068417,0.09268836843295315,7.185633499314676,-0.6660246452086491,0.8475642971571951,0.9412833337579496,5.328197161669193,0.0,0.0,4.386913827911243,1.0,0.17666075507293516,0.3002747466698418,0.0
99,Price-responsive non-wire workload LP,cao2022flexibility,honest_operator_schedule,exact workload LP without a statistical baseline projection,0.6412622353222964,0.6846674800876178,0.09738060555716269,0.0912070554141605,7.03084023939157,-0.6412622353222964,1.0080433365162884,0.8839527738335986,5.130097882578371,0.0,0.0,4.246145108744773,1.0,0.1723071945343325,0.2939625301929106,0.0
100,Price-responsive non-wire workload LP,cao2022flexibility,honest_operator_schedule,exact workload LP without a statistical baseline projection,1.4988367183613143,1.5153396121472007,0.1995769450307852,0.19740344075520716,7.592758832506711,-1.4248416757374827,2.1651210861466197,0.03363478162228484,11.694713576395188,0.0,0.0,11.661078794772902,1.0,0.0028760671565461735,0.0057356382323504535,0.0
101,Price-responsive non-wire workload LP,cao2022flexibility,honest_operator_schedule,exact workload LP without a statistical baseline projection,9.557906267502602,15.06870215502849,1.1515761451947937,0.7304316418511754,13.085285083323395,0.8310409796527609,56.646125191939504,24.39510098755367,43.69713760955085,15.599559237743255,0.6394545874477879,34.90159585974044,0.36054541255221206,0.20128416255548917,0.2583419764432425,0.0
102,Price-responsive non-wire workload LP,cao2022flexibility,honest_operator_schedule,exact workload LP without a statistical baseline projection,4.275138396913852,8.549092449659097,1.1380973342534944,0.5691274999940408,7.511741036865406,1.7334506242038232,29.480904243813125,8.1313768349845,10.60433455930149,7.319972274846324,0.9002131402092715,9.792929999163313,0.09978685979072856,0.07651631091047206,0.08661582611542985,2.5727095632448016
103,Price-responsive non-wire workload LP,cao2022flexibility,honest_operator_schedule,exact workload LP without a statistical baseline projection,5.066916826710674,9.48413718070899,1.026271675426195,0.548287432152559,9.241351396325317,-0.9814716895761736,48.94443432285901,0.025188761633429202,24.19355406514739,0.0,0.0,24.16836530351396,1.0,0.0010411352365015062,0.0020801048025974123,0.0
104,Price-responsive non-wire workload LP,cao2022flexibility,honest_operator_schedule,exact workload LP without a statistical baseline projection,1.1408424738284457,1.206188307558549,0.16833592620099194,0.1592162461515325,7.1653647250460875,-1.1408424738284457,2.029217799036031,0.06547798324693321,9.126739790627566,0.0,0.0,9.061261807380632,1.0,0.007174301530342071,0.014246395126327473,0.0
105,Price-responsive non-wire workload LP,cao2022flexibility,honest_operator_schedule,exact workload LP without a statistical baseline projection,1.2559307983854124,3.200197965467725,0.4875607064832245,0.19134519612924475,6.5636912961070095,0.3284693989638543,16.800107313640684,0.0753103449006256,3.77291347926968,0.0,0.0,3.697603134369054,1.0,0.019960792982510526,0.039140314254908416,2.220446049250313e-16
106,Price-responsive non-wire workload LP,cao2022flexibility,honest_operator_schedule,exact workload LP without a statistical baseline projection,0.7313208928007773,0.8719907996708867,0.13061448186996402,0.10954370106875592,6.676065220233506,-0.45525311953846925,3.07980637156661,0.13317411315760608,4.746296049356986,0.0,0.0,4.61312193619938,1.0,0.02805853486017757,0.054585481096158996,-2.220446049250313e-16
107,Price-responsive non-wire workload LP,cao2022flexibility,honest_operator_schedule,exact workload LP without a statistical baseline projection,1.6359569323231857,2.181019108657835,0.2849406198123041,0.2137306273163585,7.65429341065698,-0.458255271848087,8.312612608034762,2.33248114205586,9.195003343726437,1.1836031705987153,0.5074438327743486,8.046125372269293,0.49255616722565143,0.12494590034499559,0.19932847845063525,2.220446049250313e-16
108,Price-responsive non-wire workload LP,cao2022flexibility,honest_operator_schedule,exact workload LP without a statistical baseline projection,1.6772556244020045,1.7621909728908993,0.22439520064331608,0.21357963930003623,7.853068906281836,-1.5321024296878272,2.5941268837950844,0.37075041784411744,12.851807513007024,0.0,0.0,12.481057095162907,1.0,0.02884811474719718,0.05607847131893822,2.220446049250313e-16
109,Price-responsive non-wire workload LP,cao2022flexibility,honest_operator_schedule,exact workload LP without a statistical baseline projection,4.675803331219892,8.271159454627139,0.9415377504139802,0.5322645965182197,8.784734813862144,0.4860123582201148,26.499919346195846,7.4464600523902105,17.22624864385101,6.253657431495913,0.8398161525742122,16.033446022956717,0.16018384742578784,0.06924331847027379,0.09669004206871018,1.7763568394002505e-15
110,Price-responsive non-wire workload LP,cao2022flexibility,honest_operator_schedule,exact workload LP without a statistical baseline projection,0.9591124556818682,1.025946882118706,0.13174854232680971,0.12316589695425621,7.787159265669801,-0.9591124556818682,1.511584310022874,1.6343096800932617,7.763465514273809,0.0,0.0,6.129155834180548,1.0,0.21051290523393718,0.34780778350025865,0.0
111,Price-responsive non-wire workload LP,cao2022flexibility,honest_operator_schedule,exact workload LP without a statistical baseline projection,2.7345190471059424,3.419115585115532,0.36097768780521844,0.28870049529205316,9.471819729092143,-1.8296716289406536,12.513764409164573,2.200653479712936,19.440267138587984,0.0,0.0,17.239613658875047,1.0,0.11320078392054325,0.20337891520677037,0.0
112,Price-responsive non-wire workload LP,cao2022flexibility,honest_operator_schedule,exact workload LP without a statistical baseline projection,2.5729900999891537,2.7118488472466016,0.27972550828135667,0.26540231556531,9.694678414951486,-2.561819327555023,4.247343467292893,2.7087738743173393,20.642007493191354,0.0,0.0,17.933233618874013,1.0,0.1312262809327442,0.23200712915640986,0.0
113,Price-responsive non-wire workload LP,cao2022flexibility,honest_operator_schedule,exact workload LP without a statistical baseline projection,1.6102439570093414,3.057639922207829,0.32626492416110303,0.17182079508406478,9.371647688054964,-0.2176902722009647,15.44040538240325,9.10969796492789,10.708960219353045,3.8601013456008126,0.42373538183835585,5.45936360002597,0.5762646181616441,0.4902060061666955,0.5297630717997616,0.0
114,Price-responsive non-wire workload LP,cao2022flexibility,honest_operator_schedule,exact workload LP without a statistical baseline projection,9.120469912039816,12.303938169669266,0.8344347289340989,0.6185366615028366,14.745237396082771,-2.8720612780594656,43.246613798081775,6.002529253599311,49.934349160388656,1.561809290994713,0.2601918666299213,45.49362919778406,0.7398081333700787,0.08893116736819875,0.1587761093759612,8.881784197001252e-16
61,Proactive workload-shift projection,zhang2023receding,single_feasible_projection,validation-selected single ledger-feasible projection,3.914903639603393,4.397624678308928,0.27992479348217336,0.24919784496934386,15.710022051294231,-3.2818380187371696,10.129049933859578,16.570166297797368,39.50600234462871,2.5322624834648946,0.15282058356900752,25.46809853029624,0.8471794164309925,0.3553359738065496,0.5006727154933222,4.183871016471116
62,Proactive workload-shift projection,zhang2023receding,single_feasible_projection,validation-selected single ledger-feasible projection,2.398081733190338e-14,2.8393940289010155e-14,1.2008229020455454e-15,1.0141852229317419e-15,23.645402032758046,-6.439293542825908e-15,5.3290705182007514e-14,35.00380468047809,35.00380468047819,7.993605777301127e-15,2.2836391215950383e-16,1.0835776720341528e-13,0.9999999999999998,0.999999999999997,0.9999999999999983,0.0
63,Proactive workload-shift projection,zhang2023receding,single_feasible_projection,validation-selected single ledger-feasible projection,9.661844743424059,13.092792905860607,0.4815649469494918,0.3553715226961652,27.18801064902638,-4.106916723643138,56.66048066809573,31.55702654996042,72.0122613638636,2.459160386481444,0.07792750633803071,42.91439520038462,0.9220724936619693,0.40406821855591035,0.5619014429777711,2.7768780940967
64,Proactive workload-shift projection,zhang2023receding,single_feasible_projection,validation-selected single ledger-feasible projection,3.2193023436314174,3.7524443041184545,0.13907915343190838,0.11931898472209336,26.980638086466424,-2.176251741471928,12.941040096236904,39.9404311679382,53.97195639583359,3.235260024059226,0.08100213065942813,17.266785251954623,0.9189978693405718,0.6800785740409525,0.7816896598215884,0.0
65,Proactive workload-shift projection,zhang2023receding,single_feasible_projection,validation-selected single ledger-feasible projection,4.928410750330496,10.531096814081376,0.8883404799468752,0.41573131921737366,11.854797852633217,-1.0632965717847833,56.09599461553548,6.879106855994699,28.753428194463122,0.34846880729400365,0.05065611199080815,22.22279014576243,0.9493438880091919,0.22712554497965087,0.36655478143516407,0.34913487209106897
66,Proactive workload-shift projection,zhang2023receding,single_feasible_projection,validation-selected single ledger-feasible projection,10.778662729094435,15.914301111025486,1.0879724890776428,0.7368773806960872,14.627484859030996,-0.930432342560563,54.352532979901085,20.695092160025915,54.974581023964205,10.77712732169681,0.5207576384952574,45.05661618563511,0.4792423615047425,0.1804100122928762,0.2621384346200005,3.552713678800501e-15
67,Proactive workload-shift projection,zhang2023receding,single_feasible_projection,validation-selected single ledger-feasible projection,5.582148937923963,5.693493385726674,0.453695488756527,0.444822821266859,12.549151417245088,-5.582148937923963,7.3507366915777705,2.1003337673692446,44.816158783619265,0.0,0.0,42.71582501625002,1.0,0.04686554636487357,0.08953498666110289,5.329070518200751e-15
68,Proactive workload-shift projection,zhang2023receding,single_feasible_projection,validation-selected single ledger-feasible projection,1.655232309727425,2.2786524636026897,0.1709363932142846,0.12416963335830994,13.330411510123463,-0.3939340090404275,7.50260418790309,13.935865841985608,19.368929145714922,0.6744997750261048,0.04840027757686858,6.107563078755419,0.9515997224231314,0.6846721347986022,0.7963637711540893,5.329070518200751e-15
69,Proactive workload-shift projection,zhang2023receding,single_feasible_projection,validation-selected single ledger-feasible projection,1.6213878623207756,1.9311057172599282,0.07473081042856893,0.06274520751883168,25.840823967856817,-0.7705286837635078,3.969750552665115,38.392325138883095,44.565959108807945,1.4697418136740277,0.03828217771018766,7.643375783598866,0.9617178222898125,0.8284929588312564,0.890148190986405,-0.008462908764164112
70,Proactive workload-shift projection,zhang2023receding,single_feasible_projection,validation-selected single ledger-feasible projection,0.5214009712235093,0.6878208938581023,0.035593039451735815,0.026981217791793785,19.32458998874732,-0.3824043947619417,2.22394522338508,26.217838983781576,28.975956204206163,0.0,0.0,2.758117220424589,1.0,0.904813590930807,0.9500284912274911,0.12733075930962912
71,Proactive workload-shift projection,zhang2023receding,single_feasible_projection,validation-selected single ledger-feasible projection,7.848741078845688,8.150214052779425,0.2564801990285892,0.2469931048424068,31.777166750681374,-7.848741078845688,12.720314737623422,36.585015487708944,86.9495791009182,0.0,0.0,50.364563613209256,1.0,0.42076127183141937,0.5923039713618332,3.552713678800501e-15
72,Proactive workload-shift projection,zhang2023receding,single_feasible_projection,validation-selected single ledger-feasible projection,1.3717775648037271,1.4376160216565244,0.07543627055541206,0.07198151798638076,19.05735809938426,-1.3717775648037271,2.200895583548892,23.650391608792606,33.083618393204134,0.0,0.0,9.43322678441153,1.0,0.7148671384037831,0.8337288905882111,0.0
73,Proactive workload-shift projection,zhang2023receding,single_feasible_projection,validation-selected single ledger-feasible projection,4.910777405709311,7.086677937578366,0.33713173359831344,0.23361847605959452,21.020500983221055,-1.180724003073988,22.158827672610762,26.53943455732804,42.05457130574932,2.3779167190262864,0.08959937386343819,17.893053467447572,0.9104006261365617,0.5745277406976826,0.7044789857157872,3.552713678800501e-15
74,Proactive workload-shift projection,zhang2023receding,single_feasible_projection,validation-selected single ledger-feasible projection,2.7039482146112297,3.0028359480910467,0.17509737345083876,0.1576690297138923,17.14952022929195,-1.9859129748194273,5.653561939099099,18.29272980256375,34.24243692796264,0.6931210369026468,0.03789051958803355,16.64282816230154,0.9621094804119665,0.51397068505043,0.6700124834831663,0.004694537693142209
75,Proactive workload-shift projection,zhang2023receding,single_feasible_projection,validation-selected single ledger-feasible projection,5.533463155979849,7.72650940544052,0.31136673723021385,0.22299026352674395,24.814819573125455,0.05781493351007361,21.744599473560754,41.44948185753368,51.31719530784004,6.481418191901759,0.15636910044325983,16.34913164220812,0.8436308995567402,0.6814102652311093,0.7538927712867174,-8.881784197001252e-15
76,Proactive workload-shift projection,zhang2023receding,single_feasible_projection,validation-selected single ledger-feasible projection,2.190199765665148,2.559150379274,0.13934910550799684,0.11925925912796297,18.365029111199696,-2.1635061239114988,6.268258398919508,20.087301575160872,35.38702492035839,0.0,0.0,15.299723345197513,1.0,0.567645955554871,0.7242017287684728,0.0
77,Proactive workload-shift projection,zhang2023receding,single_feasible_projection,validation-selected single ledger-feasible projection,3.748723854859022,4.374423193669435,0.408097546943439,0.34972496752263843,10.719062700653076,-3.7012836492691026,9.09488431534722,2.282523218545101,30.242237127870993,0.09691559769485458,0.042459851846164076,28.056629507020745,0.9575401481538359,0.0722700378152914,0.13439653959455405,3.3306690738754696e-15
78,Proactive workload-shift projection,zhang2023receding,single_feasible_projection,validation-selected single ledger-feasible projection,1.638982390228462,2.138591746699226,0.2025620336774657,0.1552402914855741,10.557712656580307,-0.5051839831389002,7.686485867883665,8.544583109771793,13.42057356476695,0.8916260363281094,0.1043498582521158,5.767616491323267,0.8956501417478843,0.5702406858031017,0.6968269962139383,2.6645352591003757e-15
79,Proactive workload-shift projection,zhang2023receding,single_feasible_projection,validation-selected single ledger-feasible projection,8.579731500367743,22.463409867779397,1.0904057276056025,0.41647231762165304,20.600964667625412,6.342609706894157,91.68646523577095,32.642159113503624,33.79052353225004,6.0489277027735975,0.18531028176598885,7.197292121520016,0.8146897182340112,0.7870026454413812,0.8006068805782254,0.9228637845499188
80,Proactive workload-shift projection,zhang2023receding,single_feasible_projection,validation-selected single ledger-feasible projection,2.8087490609468015,3.14063398039727,0.16173487350857563,0.1446436219326962,19.41840935270367,-2.254293941484369,5.094502441818152,22.78927290796506,36.00549500360443,0.39842942696109374,0.017483200476389002,13.614651522600465,0.9825167995236112,0.6218729524135822,0.7616610891187123,5.773159728050814e-15
81,Proactive workload-shift projection,zhang2023receding,single_feasible_projection,validation-selected single ledger-feasible projection,10.858240534596616,21.463879504552725,0.7565705487879397,0.3827371933572734,28.36996435948879,4.240826160617369,93.4263443155878,55.4294291443171,57.652604300839386,16.780798321330924,0.3027416767659671,19.003973477853204,0.6972583232340328,0.6703709449327248,0.68355033324954,-3.552713678800501e-15
82,Proactive workload-shift projection,zhang2023receding,single_feasible_projection,validation-selected single ledger-feasible projection,3.4235201177352765,4.686486064984278,0.24214852393496178,0.17689166929679645,19.35376680736246,-2.072679605944657,19.221137919299323,20.5074057562732,37.34594246339659,0.0,0.0,16.83853670712339,1.0,0.549120049022002,0.7089444738239301,0.0
83,Proactive workload-shift projection,zhang2023receding,single_feasible_projection,validation-selected single ledger-feasible projection,1.106311148953472,1.1484493286719228,0.11776591328742336,0.11344492054101152,9.75196724258385,-1.020516721448632,1.7886509646454734,5.7610008473781305,12.670103815465701,0.0,0.0,6.90910296808757,1.0,0.45469247381745936,0.6251389651095645,0.03945273796187454
84,Proactive workload-shift projection,zhang2023receding,single_feasible_projection,validation-selected single ledger-feasible projection,3.257588072081394,3.3238962424992584,0.29448445884105184,0.28860980925585217,11.287170316493114,-3.257588072081394,4.710185337154503,4.299177769477852,26.060704576651148,0.0,0.0,21.761526807173297,1.0,0.1649678256715155,0.2832143893354721,-5.329070518200751e-15
85,Proactive workload-shift projection,zhang2023receding,single_feasible_projection,validation-selected single ledger-feasible projection,3.6939498023393815,7.389992161303293,0.36917366316642247,0.18453456381501887,20.01765807972034,-0.8299862435595746,38.60906799832895,24.635912759455977,35.53326993985547,0.7684064013618066,0.031190498556497363,11.665763581761308,0.9688095014435025,0.6716946230530689,0.7933465367934038,0.0
86,Proactive workload-shift projection,zhang2023receding,single_feasible_projection,validation-selected single ledger-feasible projection,1.296169400154012,1.6624480576730896,0.09997950059007199,0.0779515297993235,16.627889195899538,-0.6435789768491584,5.5719734131426755,19.763584074995336,26.273989206344574,0.0,0.0,6.510405131349236,1.0,0.752211014466843,0.8585849629483391,0.20333032620206382
87,Proactive workload-shift projection,zhang2023receding,single_feasible_projection,validation-selected single ledger-feasible projection,3.347306781512351,5.682756134742141,0.2089666074092824,0.123087340984844,27.194565702126198,-1.560585896376443,28.587534162174528,45.30971658728271,53.557790285655976,7.146883540543632,0.15773401554556582,15.394957238916897,0.8422659844544343,0.71255428656025,0.7719995022385812,4.443350524444806
88,Proactive workload-shift projection,zhang2023receding,single_feasible_projection,validation-selected single ledger-feasible projection,2.1483449497244096,2.4775102528873294,0.1356159233755612,0.11759781165246673,18.268579317388564,-1.4866144569404995,6.622121995894858,22.328727775056507,34.289759489099275,0.9913914721619257,0.044399819020115076,12.952423186204696,0.9556001809798848,0.6222655574378619,0.7537232919468299,0.0
89,Proactive workload-shift projection,zhang2023receding,single_feasible_projection,validation-selected single ledger-feasible projection,2.9503446271754896,3.3772064988980968,0.28331640285870735,0.2475066381749538,11.92026463989218,-2.00985056212957,8.232816797002513,8.468826976631824,25.526080869572777,0.4920331755380287,0.05809933027274073,17.549287068478982,0.9419006697272593,0.31249582894654915,0.46929345048860743,7.327471962526033e-15
90,Proactive workload-shift projection,zhang2023receding,single_feasible_projection,validation-selected single ledger-feasible projection,8.076872504148014e-15,9.369387792653569e-15,1.1749786604195315e-15,1.0128893205535053e-15,7.974091877811794,2.581268532253489e-15,1.509903313490213e-14,4.488057192411209,4.48805719241122,7.771561172376096e-15,1.7316092106662357e-15,1.865174681370263e-14,0.9999999999999982,0.9999999999999959,0.999999999999997,0.0
91,Proactive workload-shift projection,zhang2023receding,single_feasible_projection,validation-selected single ledger-feasible projection,6.282383866536434,16.595292802208725,0.7937873318376168,0.3004994721354917,20.90647222070254,0.1699351282573498,91.44399382566122,22.30162551318007,41.23565776772999,0.0,0.0,18.93403225454992,1.0,0.5408335096483601,0.7020012301936319,-5.329070518200751e-15
92,Proactive workload-shift projection,zhang2023receding,single_feasible_projection,validation-selected single ledger-feasible projection,1.6225022763275652,2.0034595617317454,0.2369522213411002,0.19189582153307522,8.455120405255464,-0.5771126915471149,6.421363843219922,4.894800708007047,10.37479911589623,1.7869378339637616,0.3650685575493688,7.266936241852944,0.6349314424506313,0.2995588482558114,0.4070653992095047,-1.3322676295501878e-15
93,Proactive workload-shift projection,zhang2023receding,single_feasible_projection,validation-selected single ledger-feasible projection,1.5894265133654126,1.7561684493301342,0.2124482982280728,0.1922770893941643,8.266333333698011,-1.017566515020579,3.5532657896321123,3.2673397155562323,12.646513923347877,0.473461312803936,0.14490728054683896,9.85263552059558,0.855092719453161,0.22092083396945175,0.35112531083259274,1.7541523789077473e-14
94,Proactive workload-shift projection,zhang2023receding,single_feasible_projection,validation-selected single ledger-feasible projection,1.9964500586426541,2.110413786971195,0.25711358490718306,0.24322928272870253,8.208099108155043,-1.9964500586426541,4.236647880837765,0.3593824161924508,15.971600469141233,0.0,0.0,15.612218052948782,1.0,0.022501340231169346,0.04401234374144134,0.0
95,Proactive workload-shift projection,zhang2023receding,single_feasible_projection,validation-selected single ledger-feasible projection,4.069360298116403,6.1205442298403145,0.6072940285897406,0.40377099101377373,10.078386978468163,-0.7704406031167799,25.254690242532273,7.5590270542311035,22.85854558605503,2.2101986505492555,0.2923919486849984,17.50971718237318,0.7076080513150016,0.23399688241516678,0.35169331010967436,-1.8207657603852567e-14
96,Proactive workload-shift projection,zhang2023receding,single_feasible_projection,validation-selected single ledger-feasible projection,1.5585300220076301,1.640240405143532,0.2010474524720664,0.19103205209631963,8.15847395714416,-1.5585300220076301,2.424884127979322,1.564266894439677,12.748226819760927,0.0,0.0,11.18395992532125,1.0,0.12270466446478023,0.21858760963334278,1.5543122344752192e-15
97,Proactive workload-shift projection,zhang2023receding,single_feasible_projection,validation-selected single ledger-feasible projection,0.6582618517076191,0.731353715735728,0.10290557237675482,0.09262113689490328,7.107037051969524,-0.6106866064392001,1.1624383386264086,0.8987546371474,5.297907095627526,0.0,0.0,4.399152458480126,1.0,0.16964333668462422,0.2900770369290205,0.0
98,Proactive workload-shift projection,zhang2023receding,single_feasible_projection,validation-selected single ledger-feasible projection,0.6660246452086491,0.682038399841155,0.09491694781068417,0.09268836843295315,7.185633499314676,-0.6660246452086491,0.8475642971571951,0.9412833337579496,5.328197161669193,0.0,0.0,4.386913827911243,1.0,0.17666075507293516,0.3002747466698418,0.0
99,Proactive workload-shift projection,zhang2023receding,single_feasible_projection,validation-selected single ledger-feasible projection,0.6466277135584545,0.6897066218170581,0.09809732526033665,0.09197019012544252,7.03084023939157,-0.6009252794167539,1.0080433365162884,1.2066484210779391,5.130097882578371,0.18280973656680266,0.15150207249555978,4.106259198067234,0.8484979275044402,0.19957488296433015,0.3231433405880176,0.3226956472443405
100,Proactive workload-shift projection,zhang2023receding,single_feasible_projection,validation-selected single ledger-feasible projection,1.4424394752612648,1.479611642974996,0.19487141309432446,0.1899756738072307,7.592758832506711,-1.4248416757374824,2.1301975123967836,0.267954647459947,11.694713576395188,0.0,0.0,11.42675892893524,1.0,0.022912459181624704,0.04479847513042452,1.5543122344752192e-15
101,Proactive workload-shift projection,zhang2023receding,single_feasible_projection,validation-selected single ledger-feasible projection,7.920785829284417,11.970609945667842,0.9148146081222063,0.6053200812093197,13.085285083323395,1.6770532802512703,32.50418357243184,34.95432311004937,43.69713760955085,15.807587580367713,0.4522355512535452,24.550402079869187,0.5477644487464549,0.43816910161860984,0.4868755228320948,6.768098404788077
102,Proactive workload-shift projection,zhang2023receding,single_feasible_projection,validation-selected single ledger-feasible projection,3.8936360322620773,7.870035291735599,1.0476978976127893,0.5183400243902528,7.511741036865406,1.443466258353463,28.72894870012934,7.861339794085744,10.60433455930149,6.6838632387419095,0.8502193536743348,9.426858003957657,0.14978064632566504,0.11103728845588157,0.12753138962702915,0.2528346364419187
103,Proactive workload-shift projection,zhang2023receding,single_feasible_projection,validation-selected single ledger-feasible projection,4.82998132582372,8.854015086125433,0.9580866159516558,0.5226488117034798,9.241351396325317,-1.2184071904631275,45.56389758219835,0.025188761633429202,24.19355406514739,0.0,0.0,24.16836530351396,1.0,0.0010411352365015062,0.0020801048025974123,-1.8954840070956323
104,Proactive workload-shift projection,zhang2023receding,single_feasible_projection,validation-selected single ledger-feasible projection,1.1408424738284457,1.206188307558549,0.16833592620099194,0.1592162461515325,7.1653647250460875,-1.1408424738284457,2.029217799036031,0.06547798324693321,9.126739790627566,0.0,0.0,9.061261807380632,1.0,0.007174301530342071,0.014246395126327473,0.0
105,Proactive workload-shift projection,zhang2023receding,single_feasible_projection,validation-selected single ledger-feasible projection,1.1350724413515387,2.7952381446242587,0.42586374320835935,0.1729320271391742,6.5636912961070095,0.3284693989638534,14.659471468697166,0.9567814378139305,3.77291347926968,0.39803766477781344,0.41601733587898215,3.2141697062335624,0.5839826641210178,0.14809344982495404,0.23627053449808788,-6.8833827526759706e-15
106,Proactive workload-shift projection,zhang2023receding,single_feasible_projection,validation-selected single ledger-feasible projection,0.6698224910460095,0.7926600398870365,0.11873162015923386,0.10033192740777051,6.676065220233506,-0.45525311953846903,2.6812380739106683,0.40453384260418823,4.746296049356986,0.025366122427509907,0.06270457439163901,4.367128329180307,0.937295425608361,0.07988707746708021,0.1472258754918076,1.9984014443252818e-15
107,Proactive workload-shift projection,zhang2023receding,single_feasible_projection,validation-selected single ledger-feasible projection,1.3149368142194948,1.795012088450306,0.2345104887083545,0.17179075110822434,7.65429341065698,-0.45825527184808657,6.63313440448116,3.6930934130935045,9.195003343726437,1.230665926219021,0.33323444293496995,6.732575856851954,0.66676555706503,0.26780060809380213,0.38212430172382916,4.440892098500626e-15
108,Proactive workload-shift projection,zhang2023receding,single_feasible_projection,validation-selected single ledger-feasible projection,1.5975292954941955,1.7000093558917577,0.21647707108897063,0.2034273880134043,7.853068906281836,-1.532102429687828,2.5941268837950844,0.6549118785211951,12.851807513007024,0.0,0.0,12.19689563448583,1.0,0.05095873696041383,0.09697571401860523,-8.659739592076221e-15
109,Proactive workload-shift projection,zhang2023receding,single_feasible_projection,validation-selected single ledger-feasible projection,4.25986970115221,7.569210357190476,0.8616321969385355,0.48491727882670027,8.784734813862144,0.48601235822011635,25.014629725983653,9.475465392996988,17.22624864385101,6.759012744980447,0.7133172318877147,14.509795995834473,0.2866827681122854,0.15769264128125718,0.20346653733673226,1.4654943925052066e-14
110,Proactive workload-shift projection,zhang2023receding,single_feasible_projection,validation-selected single ledger-feasible projection,0.9591124556818686,1.027574151962237,0.13195751067945466,0.12316589695425628,7.787159265669801,-0.9591124556818686,1.511584310022874,1.7111312828747762,7.763465514273809,0.0,0.0,6.052334231399033,1.0,0.22040817721527994,0.36120403211031576,-3.774758283725532e-15
111,Proactive workload-shift projection,zhang2023receding,single_feasible_projection,validation-selected single ledger-feasible projection,2.529351833155033,3.0889659846243096,0.3261217034290391,0.2670396930577422,9.471819729092143,-1.829671628940653,10.129803008924092,2.9651115753708863,19.440267138587984,0.024916747360356872,0.008403308518749484,16.50007231057745,0.9915966914812505,0.15124251158948251,0.26245437450952314,6.661338147750939e-15
112,Proactive workload-shift projection,zhang2023receding,single_feasible_projection,validation-selected single ledger-feasible projection,2.561819327555024,2.6948738279778883,0.27797454568701896,0.2642500573927334,9.694678414951486,-2.561819327555024,4.247343467292893,2.9487380653673743,20.642007493191354,0.0,0.0,17.693269427823978,1.0,0.1428513223018642,0.24999108722933697,-3.1086244689504383e-15
113,Proactive workload-shift projection,zhang2023receding,single_feasible_projection,validation-selected single ledger-feasible projection,1.5793393272084246,3.0468775397989094,0.32511652606002656,0.1685231220569078,9.371647688054964,-0.21769027220096449,15.44040538240325,9.233316484131556,10.708960219353045,3.8601013456008126,0.4180622804638843,5.335745080822301,0.5819377195361157,0.5017494722615893,0.5388768011218957,1.3322676295501878e-15
114,Proactive workload-shift projection,zhang2023receding,single_feasible_projection,validation-selected single ledger-feasible projection,8.876380697706447,11.856438229786827,0.8040859506905338,0.6019828951729561,14.745237396082771,-2.8720612780594665,40.77695573687041,8.13813290689337,49.934349160388656,1.561809290994713,0.191912482735664,43.35802554449,0.8080875172643361,0.13169939583623227,0.2264867414580081,-2.6645352591003757e-15
61,Aggregator-coordination workload schedule,zhang2024aggregator,event_response,exact event-response LP with the declared site participation set,6.07167869036112,6.987094060290811,0.44475393080146547,0.38648441552384194,15.710022051294231,-3.804821895796059,16.02027061421525,0.0,39.50600234462871,0.0,0.0,39.50600234462871,0.0,0.0,0.0,0.0
62,Aggregator-coordination workload schedule,zhang2024aggregator,event_response,exact event-response LP with the declared site participation set,8.750951170119542,12.599248361641695,0.532841367813787,0.3700910290294952,23.645402032758046,-6.106226635438361e-15,22.518113050286694,0.0,35.00380468047819,0.0,0.0,35.00380468047819,0.0,0.0,0.0,0.0
63,Aggregator-coordination workload schedule,zhang2024aggregator,event_response,exact event-response LP with the declared site participation set,13.549038855560672,17.030451192351418,0.6263956349068625,0.498346091976607,27.18801064902638,-4.454026485405226,56.66048066809573,0.0,72.0122613638636,0.0,0.0,72.0122613638636,0.0,0.0,0.0,0.0
64,Aggregator-coordination workload schedule,zhang2024aggregator,event_response,exact event-response LP with the declared site participation set,11.31673735748647,14.97701178760776,0.5551022084655691,0.4194392038179031,26.980638086466424,-2.176251741471928,39.53261301176975,0.0,53.97195639583359,0.0,0.0,53.97195639583359,0.0,0.0,0.0,0.0
65,Aggregator-coordination workload schedule,zhang2024aggregator,event_response,exact event-response LP with the declared site participation set,6.081418617819614,11.32045798797289,0.9549262778410315,0.5129921820192653,11.854797852633217,-1.1069384307961667,57.29581003615581,0.0,28.753428194463122,0.0,0.0,28.753428194463122,0.0,0.0,0.0,0.0
66,Aggregator-coordination workload schedule,zhang2024aggregator,event_response,exact event-response LP with the declared site participation set,12.813212913430489,24.045527537342394,1.6438593352907631,0.8759682909888382,14.627484859030996,-0.9304323425605627,110.00040071305364,0.0,54.974581023964205,0.0,0.0,54.974581023964205,0.0,0.0,0.0,0.0
67,Aggregator-coordination workload schedule,zhang2024aggregator,event_response,exact event-response LP with the declared site participation set,5.621890757980854,5.799230148941789,0.4621212985742181,0.4479897142889862,12.549151417245088,-5.5821489379239635,7.3507366915777705,0.0,44.816158783619265,0.0,0.0,44.816158783619265,0.0,0.0,0.0,0.0
68,Aggregator-coordination workload schedule,zhang2024aggregator,event_response,exact event-response LP with the declared site participation set,4.448298277388302,5.847952545042212,0.43869257453913735,0.33369549574746044,13.330411510123463,-0.3939340090404284,13.731567954513206,0.0,19.368929145714922,0.0,0.0,19.368929145714922,0.0,0.0,0.0,0.0
69,Aggregator-coordination workload schedule,zhang2024aggregator,event_response,exact event-response LP with the declared site participation set,10.372018957033998,13.815522763519585,0.5346394054889503,0.40138112352515015,25.840823967856817,-0.7694708201679888,25.273767846491396,0.0,44.565959108807945,0.0,0.0,44.565959108807945,0.0,0.0,0.0,0.0
70,Aggregator-coordination workload schedule,zhang2024aggregator,event_response,exact event-response LP with the declared site participation set,6.845668311375896,10.54883564992479,0.5458762983363352,0.3542464970983663,19.32458998874732,-0.398320739675645,26.655940643352338,0.0,28.975956204206163,0.0,0.0,28.975956204206163,0.0,0.0,0.0,0.0
71,Aggregator-coordination workload schedule,zhang2024aggregator,event_response,exact event-response LP with the declared site participation set,13.888653696383864,16.103954835743025,0.5067775538987509,0.4370639398204392,31.777166750681374,-7.848741078845688,37.03976038398887,0.0,86.9495791009182,0.0,0.0,86.9495791009182,0.0,0.0,0.0,0.0
72,Aggregator-coordination workload schedule,zhang2024aggregator,event_response,exact event-response LP with the declared site participation set,6.899127033497307,9.39040806671391,0.4927444831409928,0.36201906882991386,19.05735809938426,-1.3717775648037271,20.619061944927687,0.0,33.083618393204134,0.0,0.0,33.083618393204134,0.0,0.0,0.0,0.0
73,Aggregator-coordination workload schedule,zhang2024aggregator,event_response,exact event-response LP with the declared site participation set,9.332918823363343,13.332155212052509,0.6342453599319292,0.4439912650423055,21.020500983221055,-1.1807240030739887,43.95759051132435,0.0,42.05457130574932,0.0,0.0,42.05457130574932,0.0,0.0,0.0,0.0
74,Aggregator-coordination workload schedule,zhang2024aggregator,event_response,exact event-response LP with the declared site participation set,6.5741094399595905,9.707452520425557,0.5660480521108051,0.3833407204436421,17.14952022929195,-1.98649979203107,24.796605424758315,0.0,34.24243692796264,0.0,0.0,34.24243692796264,0.0,0.0,0.0,0.0
75,Aggregator-coordination workload schedule,zhang2024aggregator,event_response,exact event-response LP with the declared site participation set,12.887113760470085,20.70400182132024,0.8343402119168641,0.5193313504655451,24.814819573125455,0.05781493351007483,87.76644183665306,0.0,51.31719530784004,0.0,0.0,51.31719530784004,0.0,0.0,0.0,0.0
76,Aggregator-coordination workload schedule,zhang2024aggregator,event_response,exact event-response LP with the declared site participation set,6.6832501061780984,9.31761261956531,0.5073562673463486,0.3639117621709838,18.365029111199696,-2.1635061239114988,21.316556979116132,0.0,35.38702492035839,0.0,0.0,35.38702492035839,0.0,0.0,0.0,0.0
77,Aggregator-coordination workload schedule,zhang2024aggregator,event_response,exact event-response LP with the declared site participation set,3.8592756326986444,4.541495185000236,0.42368398355609377,0.36003853512896344,10.719062700653076,-3.701283649269104,9.09488431534722,0.0,30.242237127870993,0.0,0.0,30.242237127870993,0.0,0.0,0.0,0.0
78,Aggregator-coordination workload schedule,zhang2024aggregator,event_response,exact event-response LP with the declared site participation set,2.849959408052837,4.196617106929061,0.39749302177810597,0.26994099013260625,10.557712656580307,-0.5051839831389007,15.050517336754993,0.0,13.42057356476695,0.0,0.0,13.42057356476695,0.0,0.0,0.0,0.0
79,Aggregator-coordination workload schedule,zhang2024aggregator,event_response,exact event-response LP with the declared site participation set,14.674882616887928,26.98980485556322,1.310123350581632,0.7123395847549618,20.600964667625412,6.227251733825415,102.28983136057343,0.0,33.79052353225004,0.0,0.0,33.79052353225004,0.0,0.0,0.0,0.0
80,Aggregator-coordination workload schedule,zhang2024aggregator,event_response,exact event-response LP with the declared site participation set,6.747079809416738,9.363841022979392,0.4822146270016521,0.34745790383069286,19.41840935270367,-2.2542939414843692,22.302622470896946,0.0,36.00549500360443,0.0,0.0,36.00549500360443,0.0,0.0,0.0,0.0
81,Aggregator-coordination workload schedule,zhang2024aggregator,event_response,exact event-response LP with the declared site participation set,18.653977235827213,30.440382546983354,1.0729792311777113,0.6575255787936192,28.36996435948879,4.240826160617368,101.45271051066527,0.0,57.652604300839386,0.0,0.0,57.652604300839386,0.0,0.0,0.0,0.0
82,Aggregator-coordination workload schedule,zhang2024aggregator,event_response,exact event-response LP with the declared site participation set,7.26380600990449,8.390558822125659,0.4335362157476117,0.3753174295321792,19.35376680736246,-2.072679605944657,19.221137919299323,0.0,37.34594246339659,0.0,0.0,37.34594246339659,0.0,0.0,0.0,0.0
83,Aggregator-coordination workload schedule,zhang2024aggregator,event_response,exact event-response LP with the declared site participation set,2.142077640172559,2.836576253262645,0.2908722089299261,0.21965595114171044,9.75196724258385,-1.0254483136938661,7.768343747104968,0.0,12.670103815465701,0.0,0.0,12.670103815465701,0.0,0.0,0.0,0.0
84,Aggregator-coordination workload schedule,zhang2024aggregator,event_response,exact event-response LP with the declared site participation set,3.2575880720813934,3.750965742729829,0.3323211786083194,0.2886098092558521,11.287170316493114,-3.2575880720813934,7.15473655879641,0.0,26.060704576651148,0.0,0.0,26.060704576651148,0.0,0.0,0.0,0.0
85,Aggregator-coordination workload schedule,zhang2024aggregator,event_response,exact event-response LP with the declared site participation set,8.053331241404296,11.412581961406698,0.5701257317892073,0.4023113597670565,20.01765807972034,-0.8299862435595742,38.60906799832895,0.0,35.53326993985547,0.0,0.0,35.53326993985547,0.0,0.0,0.0,0.0
86,Aggregator-coordination workload schedule,zhang2024aggregator,event_response,exact event-response LP with the declared site participation set,5.899502033961727,8.390606703517172,0.5046104532369814,0.3547956066135293,16.627889195899538,-0.6689952676244163,18.1426445389703,0.0,26.273989206344574,0.0,0.0,26.273989206344574,0.0,0.0,0.0,0.0
87,Aggregator-coordination workload schedule,zhang2024aggregator,event_response,exact event-response LP with the declared site participation set,11.27344285948195,14.914748082578727,0.5484459007709993,0.41454763363257313,27.194565702126198,-2.1160047119320438,28.381505423722473,0.0,53.557790285655976,0.0,0.0,53.557790285655976,0.0,0.0,0.0,0.0
88,Aggregator-coordination workload schedule,zhang2024aggregator,event_response,exact event-response LP with the declared site participation set,7.085825415334319,8.836340859831417,0.48369064207531076,0.3878695377581892,18.268579317388564,-1.4866144569404995,17.275348612712477,0.0,34.289759489099275,0.0,0.0,34.289759489099275,0.0,0.0,0.0,0.0
89,Aggregator-coordination workload schedule,zhang2024aggregator,event_response,exact event-response LP with the declared site participation set,4.371669655263623,5.6176122784245885,0.47126573512678327,0.36674266782915693,11.92026463989218,-2.0098505621295715,18.992509380658326,0.0,25.526080869572777,0.0,0.0,25.526080869572777,0.0,0.0,0.0,0.0
90,Aggregator-coordination workload schedule,zhang2024aggregator,event_response,exact event-response LP with the declared site participation set,1.1220142981028074,1.6477867170516327,0.2066425547010137,0.14070747055534358,7.974091877811794,2.581268532253489e-15,3.7772478283491626,0.0,4.48805719241122,0.0,0.0,4.48805719241122,0.0,0.0,0.0,0.0
91,Aggregator-coordination workload schedule,zhang2024aggregator,event_response,exact event-response LP with the declared site participation set,10.478849570189848,19.964455050304576,0.9549413616772161,0.5012251449966396,20.90647222070254,0.16993512825735024,101.18724601918996,0.0,41.23565776772999,0.0,0.0,41.23565776772999,0.0,0.0,0.0,0.0
92,Aggregator-coordination workload schedule,zhang2024aggregator,event_response,exact event-response LP with the declared site participation set,2.016587087426943,3.1903881833683183,0.37733208167979054,0.23850483384878698,8.455120405255464,-0.5771126915471145,14.561681045697124,0.0,10.37479911589623,0.0,0.0,10.37479911589623,0.0,0.0,0.0,0.0
93,Aggregator-coordination workload schedule,zhang2024aggregator,event_response,exact event-response LP with the declared site participation set,2.1440619658163884,2.3900179863802458,0.28912673732103805,0.25937279314348977,8.266333333698011,-1.0175665150205813,5.913683129612469,0.0,12.646513923347877,0.0,0.0,12.646513923347877,0.0,0.0,0.0,0.0
94,Aggregator-coordination workload schedule,zhang2024aggregator,event_response,exact event-response LP with the declared site participation set,1.9964500586426541,2.1284362453118466,0.25930927700387635,0.24322928272870253,8.208099108155043,-1.9964500586426541,4.394989427295496,0.0,15.971600469141233,0.0,0.0,15.971600469141233,0.0,0.0,0.0,0.0
95,Aggregator-coordination workload schedule,zhang2024aggregator,event_response,exact event-response LP with the declared site participation set,4.94419579339698,8.146689462099808,0.8083326706450839,0.49057411706456017,10.078386978468163,-0.7704406031167779,30.797597946517673,0.0,22.85854558605503,0.0,0.0,22.85854558605503,0.0,0.0,0.0,0.0
96,Aggregator-coordination workload schedule,zhang2024aggregator,event_response,exact event-response LP with the declared site participation set,1.6285266829326015,1.6970401422473331,0.20800950657705783,0.19961167878786248,8.15847395714416,-1.5585300220076301,3.1446727203628733,0.0,12.748226819760927,0.0,0.0,12.748226819760927,0.0,0.0,0.0,0.0
97,Aggregator-coordination workload schedule,zhang2024aggregator,event_response,exact event-response LP with the declared site participation set,0.7137901674676812,0.7626563072599473,0.10731002268358762,0.10043428256362805,7.107037051969524,-0.6106866064392001,1.649656976455697,0.0,5.297907095627526,0.0,0.0,5.297907095627526,0.0,0.0,0.0,0.0
98,Aggregator-coordination workload schedule,zhang2024aggregator,event_response,exact event-response LP with the declared site participation set,0.6660246452086491,0.7120289245578048,0.09909062640415962,0.09268836843295315,7.185633499314676,-0.6660246452086491,1.1649823823979464,0.0,5.328197161669193,0.0,0.0,5.328197161669193,0.0,0.0,0.0,0.0
99,Aggregator-coordination workload schedule,zhang2024aggregator,event_response,exact event-response LP with the declared site participation set,0.6412622353222964,0.6674194748896355,0.0949274129641427,0.0912070554141605,7.03084023939157,-0.6412622353222964,1.123593514151052,0.0,5.130097882578371,0.0,0.0,5.130097882578371,0.0,0.0,0.0,0.0
100,Aggregator-coordination workload schedule,zhang2024aggregator,event_response,exact event-response LP with the declared site participation set,1.4988367183613143,1.5152765609614898,0.19956864091009577,0.19740344075520716,7.592758832506711,-1.4248416757374827,2.1651210861466197,0.0,11.694713576395188,0.0,0.0,11.694713576395188,0.0,0.0,0.0,0.0
101,Aggregator-coordination workload schedule,zhang2024aggregator,event_response,exact event-response LP with the declared site participation set,11.755325382040475,21.813310507878338,1.6670107199787658,0.8983621913612035,13.085285083323395,0.8310409796527609,106.99489146380543,0.0,43.69713760955085,0.0,0.0,43.69713760955085,0.0,0.0,0.0,0.0
102,Aggregator-coordination workload schedule,zhang2024aggregator,event_response,exact event-response LP with the declared site participation set,4.062945568623595,8.423884437257877,1.1214290263623228,0.54087934457323,7.511741036865406,1.411861928798223,29.480904243813125,0.0,10.60433455930149,0.0,0.0,10.60433455930149,0.0,0.0,0.0,0.0
103,Aggregator-coordination workload schedule,zhang2024aggregator,event_response,exact event-response LP with the declared site participation set,5.066916826710674,9.48421088785854,1.0262796512239316,0.548287432152559,9.241351396325317,-0.9814716895761736,48.94443432285901,0.0,24.19355406514739,0.0,0.0,24.19355406514739,0.0,0.0,0.0,0.0
104,Aggregator-coordination workload schedule,zhang2024aggregator,event_response,exact event-response LP with the declared site participation set,1.1408424738284457,1.2046057917116724,0.16811506991417305,0.1592162461515325,7.1653647250460875,-1.1408424738284457,2.029217799036031,0.0,9.126739790627566,0.0,0.0,9.126739790627566,0.0,0.0,0.0,0.0
105,Aggregator-coordination workload schedule,zhang2024aggregator,event_response,exact event-response LP with the declared site participation set,1.271697768781274,3.2114919194629166,0.4892813775942943,0.19374734603005028,6.5636912961070095,0.3284693989638542,16.800107313640684,0.0,3.77291347926968,0.0,0.0,3.77291347926968,0.0,0.0,0.0,0.0
106,Aggregator-coordination workload schedule,zhang2024aggregator,event_response,exact event-response LP with the declared site participation set,0.7313208928007773,0.8781661328629795,0.131539477805201,0.10954370106875592,6.676065220233506,-0.4552531195384692,3.07980637156661,0.0,4.746296049356986,0.0,0.0,4.746296049356986,0.0,0.0,0.0,0.0
107,Aggregator-coordination workload schedule,zhang2024aggregator,event_response,exact event-response LP with the declared site participation set,1.8404955640835223,2.6373265406481896,0.3445551926421153,0.24045270612712893,7.65429341065698,-0.458255271848087,8.78400091843535,0.0,9.195003343726437,0.0,0.0,9.195003343726437,0.0,0.0,0.0,0.0
108,Aggregator-coordination workload schedule,zhang2024aggregator,event_response,exact event-response LP with the declared site participation set,1.6808494485639291,1.7579209108011566,0.2238514562625267,0.2140372723865166,7.853068906281836,-1.5321024296878272,2.5941268837950844,0.0,12.851807513007024,0.0,0.0,12.851807513007024,0.0,0.0,0.0,0.0
109,Aggregator-coordination workload schedule,zhang2024aggregator,event_response,exact event-response LP with the declared site participation set,4.7925745191828675,10.690779724014735,1.2169723902359453,0.5455571079527951,8.784734813862144,0.48601235822011435,52.463235130788966,0.0,17.22624864385101,0.0,0.0,17.22624864385101,0.0,0.0,0.0,0.0
110,Aggregator-coordination workload schedule,zhang2024aggregator,event_response,exact event-response LP with the declared site participation set,0.9817539228865841,1.0904360711243593,0.14003002043782742,0.12607343568979132,7.787159265669801,-0.9591124556818682,1.8969949651749953,0.0,7.763465514273809,0.0,0.0,7.763465514273809,0.0,0.0,0.0,0.0
111,Aggregator-coordination workload schedule,zhang2024aggregator,event_response,exact event-response LP with the declared site participation set,3.030395155706342,3.778893005910968,0.39896166882318485,0.31993801005298483,9.471819729092143,-1.8296716289406536,12.513764409164573,0.0,19.440267138587984,0.0,0.0,19.440267138587984,0.0,0.0,0.0,0.0
112,Aggregator-coordination workload schedule,zhang2024aggregator,event_response,exact event-response LP with the declared site participation set,2.5986825457428155,2.9510905918481316,0.30440314423393894,0.2680524752357987,9.694678414951486,-2.561819327555023,6.135760461781297,0.0,20.642007493191354,0.0,0.0,20.642007493191354,0.0,0.0,0.0,0.0
113,Aggregator-coordination workload schedule,zhang2024aggregator,event_response,exact event-response LP with the declared site participation set,2.459549782637297,4.388995638431944,0.46832699910669146,0.26244582217620305,9.371647688054964,-0.2176902722009647,19.789752668556748,0.0,10.708960219353045,0.0,0.0,10.708960219353045,0.0,0.0,0.0,0.0
114,Aggregator-coordination workload schedule,zhang2024aggregator,event_response,exact event-response LP with the declared site participation set,9.6115260120377,13.130516412166042,0.890492032068219,0.65183935353873,14.745237396082771,-2.8720612780594656,43.246613798081775,0.0,49.934349160388656,0.0,0.0,49.934349160388656,0.0,0.0,0.0,0.0
