day,baseline,citation_key,implementation,implementation_description,migration_mwh,mae_mw,rmse_mw,nrmse,nmae,normalization_mean_truth_mw,bias_mw,max_abs_error_mw,paid_response_mwh,contract_capped_response_mwh,meter_capped_response_mwh,meter_capped_false_response_mwh,meter_capped_underpayment_mwh,oracle_matched_response_mwh,oracle_response_mwh,false_response_mwh,false_response_ratio,underestimation_mwh,credit_precision,credit_recall,credit_f1,net_system_response_mwh
61,Temporal-only ledger control,internal_structural_control,exact_ledger_lp,exact workload LP with native-site assignment fixed; temporal deferral retained,0.0,8.625183257331779,18.525781126765136,1.4589422849255826,0.6792504177420771,12.698090471556998,-2.8142266881028757,94.15479081533243,7.827083990717377,7.827083990717377,7.827083990717377,0.0,45.75763978173862,7.827083990717377,53.584723772456,0.0,0.0,45.75763978173862,1.0,0.1460693167693571,0.2549048554604191,0.022705512248158755
61,Joint spatio-temporal ledger control,internal_structural_control,exact_ledger_lp,exact workload LP with temporal deferral and cross-site migration enabled,0.0,8.625183257331779,18.525781126765136,1.4589422849255826,0.6792504177420771,12.698090471556998,-2.8142266881028757,94.15479081533243,7.827083990717377,7.827083990717377,7.827083990717377,0.0,45.75763978173862,7.827083990717377,53.584723772456,0.0,0.0,45.75763978173862,1.0,0.1460693167693571,0.2549048554604191,0.022705512248158755
62,Temporal-only ledger control,internal_structural_control,exact_ledger_lp,exact workload LP with native-site assignment fixed; temporal deferral retained,0.0,20.246353756792733,28.049410048304768,1.3733965390429435,0.991331800916033,20.423387747759364,-2.736307302225196,109.21671515053808,23.45645774600323,23.45645774600323,23.45645774600323,0.0,91.93064423607171,23.45645774600323,115.38710198207494,0.0,0.0,91.93064423607171,1.0,0.2032849195714017,0.3378832664898847,0.0
62,Joint spatio-temporal ledger control,internal_structural_control,exact_ledger_lp,exact workload LP with temporal deferral and cross-site migration enabled,0.0,20.246353756792733,28.049410048304768,1.3733965390429435,0.991331800916033,20.423387747759364,-2.736307302225196,109.21671515053808,23.45645774600323,23.45645774600323,23.45645774600323,0.0,91.93064423607171,23.45645774600323,115.38710198207494,0.0,0.0,91.93064423607171,1.0,0.2032849195714017,0.3378832664898847,0.0
63,Temporal-only ledger control,internal_structural_control,exact_ledger_lp,exact workload LP with native-site assignment fixed; temporal deferral retained,0.0,19.50527604044431,32.64559364936838,1.5475797905621564,0.9246568260862944,21.094610984490764,-6.2505675334978985,114.12399294101346,17.733513580157293,17.733513580157293,17.733513580157293,0.0,103.02337429576883,17.733513580157293,120.75688787592611,0.0,0.0,103.02337429576883,1.0,0.14685301925284724,0.2560973669468459,-8.881784197001252e-16
63,Joint spatio-temporal ledger control,internal_structural_control,exact_ledger_lp,exact workload LP with temporal deferral and cross-site migration enabled,0.0,19.50527604044431,32.64559364936838,1.5475797905621564,0.9246568260862944,21.094610984490764,-6.2505675334978985,114.12399294101346,17.733513580157293,17.733513580157293,17.733513580157293,0.0,103.02337429576883,17.733513580157293,120.75688787592611,0.0,0.0,103.02337429576883,1.0,0.14685301925284724,0.2560973669468459,-8.881784197001252e-16
64,Temporal-only ledger control,internal_structural_control,exact_ledger_lp,exact workload LP with native-site assignment fixed; temporal deferral retained,0.0,24.132086658781013,36.18182297867837,1.5015360950557435,1.0014752210944686,24.096538936238588,-6.140928257378507,105.50202308525294,23.680251825270602,23.680251825270602,23.680251825270602,0.0,121.09205966463807,23.680251825270602,144.77231148990867,0.0,0.0,121.09205966463807,1.0,0.16356892821263844,0.28115038868199604,1.7763568394002505e-15
64,Joint spatio-temporal ledger control,internal_structural_control,exact_ledger_lp,exact workload LP with temporal deferral and cross-site migration enabled,0.0,24.132086658781013,36.18182297867837,1.5015360950557435,1.0014752210944686,24.096538936238588,-6.140928257378507,105.50202308525294,23.680251825270602,23.680251825270602,23.680251825270602,0.0,121.09205966463807,23.680251825270602,144.77231148990867,0.0,0.0,121.09205966463807,1.0,0.16356892821263844,0.28115038868199604,1.7763568394002505e-15
65,Temporal-only ledger control,internal_structural_control,exact_ledger_lp,exact workload LP with native-site assignment fixed; temporal deferral retained,0.0,4.28483565958757,11.565218915497054,1.201807359429461,0.4452615265879566,9.62318862898914,-1.7427331542459692,61.762372082100875,4.8752337765789715,4.8752337765789715,4.8752337765789715,0.0,24.11027525533416,4.8752337765789715,28.98550903191313,0.0,0.0,24.11027525533416,1.0,0.16819555493095964,0.2879578752393044,-4.440892098500626e-16
65,Joint spatio-temporal ledger control,internal_structural_control,exact_ledger_lp,exact workload LP with temporal deferral and cross-site migration enabled,0.0,4.28483565958757,11.565218915497054,1.201807359429461,0.4452615265879566,9.62318862898914,-1.7427331542459692,61.762372082100875,4.8752337765789715,4.8752337765789715,4.8752337765789715,0.0,24.11027525533416,4.8752337765789715,28.98550903191313,0.0,0.0,24.11027525533416,1.0,0.16819555493095964,0.2879578752393044,-4.440892098500626e-16
66,Temporal-only ledger control,internal_structural_control,exact_ledger_lp,exact workload LP with native-site assignment fixed; temporal deferral retained,0.0,4.510705389196744,18.113123200659864,1.8159844804202359,0.45223404554719715,9.974272024873427,-2.8836042707236604,101.66331290630609,2.2169375593057925,2.2169375593057925,2.2169375593057925,0.0,29.577238639681617,2.2169375593057925,31.794176198987415,0.0,0.0,29.577238639681617,1.0,0.0697277874234212,0.13036547847629473,0.0
66,Joint spatio-temporal ledger control,internal_structural_control,exact_ledger_lp,exact workload LP with temporal deferral and cross-site migration enabled,0.0,4.510705389196744,18.113123200659864,1.8159844804202359,0.45223404554719715,9.974272024873427,-2.8836042707236604,101.66331290630609,2.2169375593057925,2.2169375593057925,2.2169375593057925,0.0,29.577238639681617,2.2169375593057925,31.794176198987415,0.0,0.0,29.577238639681617,1.0,0.0697277874234212,0.13036547847629473,0.0
67,Temporal-only ledger control,internal_structural_control,exact_ledger_lp,exact workload LP with native-site assignment fixed; temporal deferral retained,0.0,3.1383249097684773,13.248124071770569,1.5024450022265206,0.3559115653280925,8.817709834395107,-2.2855391788232713,74.71630233318876,0.8462223207938582,0.8462223207938582,0.8462223207938582,0.0,21.695456354366996,0.8462223207938582,22.541678675160853,0.0,0.0,21.695456354366996,1.0,0.03754034173711864,0.07236411005333271,0.022705512248158755
67,Joint spatio-temporal ledger control,internal_structural_control,exact_ledger_lp,exact workload LP with temporal deferral and cross-site migration enabled,0.0,3.1383249097684773,13.248124071770569,1.5024450022265206,0.3559115653280925,8.817709834395107,-2.2855391788232713,74.71630233318876,0.8462223207938582,0.8462223207938582,0.8462223207938582,0.0,21.695456354366996,0.8462223207938582,22.541678675160853,0.0,0.0,21.695456354366996,1.0,0.03754034173711864,0.07236411005333271,0.022705512248158755
68,Temporal-only ledger control,internal_structural_control,exact_ledger_lp,exact workload LP with native-site assignment fixed; temporal deferral retained,0.0,7.8621227948406585,14.58505776700988,1.2290879815459712,0.6625438713334874,11.866569347350143,-1.97617271176615,68.25140936289833,7.579372752373918,7.579372752373918,7.579372752373918,0.0,39.353182026427234,7.579372752373918,46.93255477880115,0.0,0.0,39.353182026427234,1.0,0.1614949961300088,0.27808126021738333,0.006876993048898328
68,Joint spatio-temporal ledger control,internal_structural_control,exact_ledger_lp,exact workload LP with temporal deferral and cross-site migration enabled,0.0,7.8621227948406585,14.58505776700988,1.2290879815459712,0.6625438713334874,11.866569347350143,-1.97617271176615,68.25140936289833,7.579372752373918,7.579372752373918,7.579372752373918,0.0,39.353182026427234,7.579372752373918,46.93255477880115,0.0,0.0,39.353182026427234,1.0,0.1614949961300088,0.27808126021738333,0.006876993048898328
69,Temporal-only ledger control,internal_structural_control,exact_ledger_lp,exact workload LP with native-site assignment fixed; temporal deferral retained,0.0,20.53470973618176,28.305464242104236,1.3743147418013635,0.9970214255333694,20.596056624556944,-2.8166615111262754,109.19873086193702,23.362968007223465,23.362968007223465,23.362968007223465,0.0,93.40548498923214,23.362968007223465,116.7684529964556,0.0,0.0,93.40548498923214,1.0,0.20007945132177635,0.333443675085691,0.0
69,Joint spatio-temporal ledger control,internal_structural_control,exact_ledger_lp,exact workload LP with temporal deferral and cross-site migration enabled,0.0,20.53470973618176,28.305464242104236,1.3743147418013635,0.9970214255333694,20.596056624556944,-2.8166615111262754,109.19873086193702,23.362968007223465,23.362968007223465,23.362968007223465,0.0,93.40548498923214,23.362968007223465,116.7684529964556,0.0,0.0,93.40548498923214,1.0,0.20007945132177635,0.333443675085691,0.0
70,Temporal-only ledger control,internal_structural_control,exact_ledger_lp,exact workload LP with native-site assignment fixed; temporal deferral retained,0.0,17.242049129205963,28.013383086607615,1.4793805651761842,0.9105488011462162,18.935886915123433,-4.418566559275154,114.87913995972343,16.844632567063037,16.844632567063037,16.844632567063037,0.0,86.64246275392446,16.844632567063037,103.48709532098749,0.0,0.0,86.64246275392446,1.0,0.16277036779142157,0.2799699275112924,2.6645352591003757e-15
70,Joint spatio-temporal ledger control,internal_structural_control,exact_ledger_lp,exact workload LP with temporal deferral and cross-site migration enabled,0.0,17.242049129205963,28.013383086607615,1.4793805651761842,0.9105488011462162,18.935886915123433,-4.418566559275154,114.87913995972343,16.844632567063037,16.844632567063037,16.844632567063037,0.0,86.64246275392446,16.844632567063037,103.48709532098749,0.0,0.0,86.64246275392446,1.0,0.16277036779142157,0.2799699275112924,2.6645352591003757e-15
71,Temporal-only ledger control,internal_structural_control,exact_ledger_lp,exact workload LP with native-site assignment fixed; temporal deferral retained,0.0,26.27100015192296,40.447138112973036,1.5369124059313326,0.9982467965209144,26.317139452370434,-8.464660147841844,109.27013625128642,23.594474419904266,23.594474419904266,23.594474419904266,0.0,138.9426411990592,23.594474419904266,162.53711561896347,0.0,0.0,138.9426411990592,1.0,0.14516360973955575,0.2535246640828384,-3.552713678800501e-15
71,Joint spatio-temporal ledger control,internal_structural_control,exact_ledger_lp,exact workload LP with temporal deferral and cross-site migration enabled,0.0,26.27100015192296,40.447138112973036,1.5369124059313326,0.9982467965209144,26.317139452370434,-8.464660147841844,109.27013625128642,23.594474419904266,23.594474419904266,23.594474419904266,0.0,138.9426411990592,23.594474419904266,162.53711561896347,0.0,0.0,138.9426411990592,1.0,0.14516360973955575,0.2535246640828384,-3.552713678800501e-15
72,Temporal-only ledger control,internal_structural_control,exact_ledger_lp,exact workload LP with native-site assignment fixed; temporal deferral retained,0.0,14.527949691347875,23.239464035912565,1.3924462823946562,0.8704757350373022,16.68966647384526,-2.9499550460822004,103.89890221500713,15.605712841041811,15.605712841041811,15.605712841041811,0.0,69.91161894972029,15.605712841041811,85.51733179076211,0.0,0.0,69.91161894972029,1.0,0.18248596529209762,0.30864800200316955,0.0
72,Joint spatio-temporal ledger control,internal_structural_control,exact_ledger_lp,exact workload LP with temporal deferral and cross-site migration enabled,0.0,14.527949691347875,23.239464035912565,1.3924462823946562,0.8704757350373022,16.68966647384526,-2.9499550460822004,103.89890221500713,15.605712841041811,15.605712841041811,15.605712841041811,0.0,69.91161894972029,15.605712841041811,85.51733179076211,0.0,0.0,69.91161894972029,1.0,0.18248596529209762,0.30864800200316955,0.0
73,Temporal-only ledger control,internal_structural_control,exact_ledger_lp,exact workload LP with native-site assignment fixed; temporal deferral retained,0.0,18.85485416704808,34.346866770684954,1.6533211910399632,0.9075974864454015,20.7744671494111,-6.712179051094752,110.86328793708299,15.927604322717466,15.927604322717466,15.927604322717466,0.0,102.26813287257133,15.927604322717466,118.19573719528881,0.0,0.0,102.26813287257133,1.0,0.1347561654986008,0.23750682233903572,-1.7763568394002505e-15
73,Joint spatio-temporal ledger control,internal_structural_control,exact_ledger_lp,exact workload LP with temporal deferral and cross-site migration enabled,0.0,18.85485416704808,34.346866770684954,1.6533211910399632,0.9075974864454015,20.7744671494111,-6.712179051094752,110.86328793708299,15.927604322717466,15.927604322717466,15.927604322717466,0.0,102.26813287257133,15.927604322717466,118.19573719528881,0.0,0.0,102.26813287257133,1.0,0.1347561654986008,0.23750682233903572,-1.7763568394002505e-15
74,Temporal-only ledger control,internal_structural_control,exact_ledger_lp,exact workload LP with native-site assignment fixed; temporal deferral retained,0.0,14.460783672279792,32.00669589454555,1.809747637556803,0.8176529428202611,17.685723263468525,-6.027297128989108,109.12082517048437,11.533462902672639,11.533462902672639,11.533462902672639,0.0,81.9523232050756,11.533462902672639,93.48578610774824,0.0,0.0,81.9523232050756,1.0,0.12337129934789871,0.21964474153739555,-1.7763568394002505e-15
74,Joint spatio-temporal ledger control,internal_structural_control,exact_ledger_lp,exact workload LP with temporal deferral and cross-site migration enabled,0.0,14.460783672279792,32.00669589454555,1.809747637556803,0.8176529428202611,17.685723263468525,-6.027297128989108,109.12082517048437,11.533462902672639,11.533462902672639,11.533462902672639,0.0,81.9523232050756,11.533462902672639,93.48578610774824,0.0,0.0,81.9523232050756,1.0,0.12337129934789871,0.21964474153739555,-1.7763568394002505e-15
75,Temporal-only ledger control,internal_structural_control,exact_ledger_lp,exact workload LP with native-site assignment fixed; temporal deferral retained,0.0,21.89469401022577,36.06595663950695,1.5777548874604217,0.9578135089932381,22.859036550068474,-6.616404778352444,108.2694203573681,20.82789724623491,20.82789724623491,20.82789724623491,0.0,114.04439515431285,20.82789724623491,134.87229240054776,0.0,0.0,114.04439515431285,1.0,0.15442680535435402,0.2675384955340713,-3.552713678800501e-15
75,Joint spatio-temporal ledger control,internal_structural_control,exact_ledger_lp,exact workload LP with temporal deferral and cross-site migration enabled,0.0,21.89469401022577,36.06595663950695,1.5777548874604217,0.9578135089932381,22.859036550068474,-6.616404778352444,108.2694203573681,20.82789724623491,20.82789724623491,20.82789724623491,0.0,114.04439515431285,20.82789724623491,134.87229240054776,0.0,0.0,114.04439515431285,1.0,0.15442680535435402,0.2675384955340713,-3.552713678800501e-15
76,Temporal-only ledger control,internal_structural_control,exact_ledger_lp,exact workload LP with native-site assignment fixed; temporal deferral retained,0.0,16.186479493693096,30.07663507354165,1.595931037368264,0.858889465079641,18.845823766382086,-6.124060926013803,116.37789413234925,13.52442845222906,13.52442845222906,13.52442845222906,0.0,89.24216167882759,13.52442845222906,102.76659013105666,0.0,0.0,89.24216167882759,1.0,0.13160335898059441,0.23259626782859566,0.0
76,Joint spatio-temporal ledger control,internal_structural_control,exact_ledger_lp,exact workload LP with temporal deferral and cross-site migration enabled,0.0,16.186479493693096,30.07663507354165,1.595931037368264,0.858889465079641,18.845823766382086,-6.124060926013803,116.37789413234925,13.52442845222906,13.52442845222906,13.52442845222906,0.0,89.24216167882759,13.52442845222906,102.76659013105666,0.0,0.0,89.24216167882759,1.0,0.13160335898059441,0.23259626782859566,0.0
77,Temporal-only ledger control,internal_structural_control,exact_ledger_lp,exact workload LP with native-site assignment fixed; temporal deferral retained,0.0,2.2990142537808813,9.557990751472367,1.200353947898834,0.28872499540517593,7.962643658733494,-1.502218580430786,53.768171882735615,0.496217933021287,0.496217933021287,0.496217933021287,0.0,15.20493133684667,0.496217933021287,15.701149269867958,0.0,0.0,15.20493133684667,1.0,0.03160392430467353,0.06127143094376139,2.220446049250313e-16
77,Joint spatio-temporal ledger control,internal_structural_control,exact_ledger_lp,exact workload LP with temporal deferral and cross-site migration enabled,0.0,2.2990142537808813,9.557990751472367,1.200353947898834,0.28872499540517593,7.962643658733494,-1.502218580430786,53.768171882735615,0.496217933021287,0.496217933021287,0.496217933021287,0.0,15.20493133684667,0.496217933021287,15.701149269867958,0.0,0.0,15.20493133684667,1.0,0.03160392430467353,0.06127143094376139,2.220446049250313e-16
78,Temporal-only ledger control,internal_structural_control,exact_ledger_lp,exact workload LP with native-site assignment fixed; temporal deferral retained,0.0,5.931073303439465,17.029001309320908,1.5802428368695205,0.5503867157246711,10.776192691406568,-2.4060485797384783,93.93826441872575,4.861053998540758,4.861053998540758,4.861053998540758,0.0,33.34848753271177,4.861053998540758,38.20954153125253,0.0,0.0,33.34848753271177,1.0,0.12722094544277066,0.22572494941140128,4.440892098500626e-16
78,Joint spatio-temporal ledger control,internal_structural_control,exact_ledger_lp,exact workload LP with temporal deferral and cross-site migration enabled,0.0,5.931073303439465,17.029001309320908,1.5802428368695205,0.5503867157246711,10.776192691406568,-2.4060485797384783,93.93826441872575,4.861053998540758,4.861053998540758,4.861053998540758,0.0,33.34848753271177,4.861053998540758,38.20954153125253,0.0,0.0,33.34848753271177,1.0,0.12722094544277066,0.22572494941140128,4.440892098500626e-16
79,Temporal-only ledger control,internal_structural_control,exact_ledger_lp,exact workload LP with native-site assignment fixed; temporal deferral retained,0.0,15.997913770482779,24.88222093569638,1.4117502978203407,0.9076786026597148,17.625086372648948,-2.908972884968036,107.1072263736088,17.373144359388295,17.373144359388295,17.373144359388295,0.0,75.62754662180326,17.373144359388295,93.00069098119155,0.0,0.0,75.62754662180326,1.0,0.18680661590892736,0.31480548457485585,0.0
79,Joint spatio-temporal ledger control,internal_structural_control,exact_ledger_lp,exact workload LP with temporal deferral and cross-site migration enabled,0.0,15.997913770482779,24.88222093569638,1.4117502978203407,0.9076786026597148,17.625086372648948,-2.908972884968036,107.1072263736088,17.373144359388295,17.373144359388295,17.373144359388295,0.0,75.62754662180326,17.373144359388295,93.00069098119155,0.0,0.0,75.62754662180326,1.0,0.18680661590892736,0.31480548457485585,0.0
80,Temporal-only ledger control,internal_structural_control,exact_ledger_lp,exact workload LP with native-site assignment fixed; temporal deferral retained,0.0,15.07245726108439,29.243941141370062,1.6480160410211318,0.8493947933964685,17.744937193238812,-5.083233932654453,107.22133337938993,13.336732770955132,13.336732770955132,13.336732770955132,0.0,80.62276477495537,13.336732770955132,93.9594975459105,0.0,0.0,80.62276477495537,1.0,0.14194129512493975,0.24859648342852855,8.881784197001252e-16
80,Joint spatio-temporal ledger control,internal_structural_control,exact_ledger_lp,exact workload LP with temporal deferral and cross-site migration enabled,0.0,15.07245726108439,29.243941141370062,1.6480160410211318,0.8493947933964685,17.744937193238812,-5.083233932654453,107.22133337938993,13.336732770955132,13.336732770955132,13.336732770955132,0.0,80.62276477495537,13.336732770955132,93.9594975459105,0.0,0.0,80.62276477495537,1.0,0.14194129512493975,0.24859648342852855,8.881784197001252e-16
81,Temporal-only ledger control,internal_structural_control,exact_ledger_lp,exact workload LP with native-site assignment fixed; temporal deferral retained,0.0,26.519837300407335,39.601608942178345,1.5031021627095988,1.0065758908722835,26.346585032377085,-8.016407826013953,111.29527314480896,24.627699753331616,24.627699753331616,24.627699753331616,0.0,138.14498050568517,24.627699753331616,162.77268025901674,0.0,0.0,138.14498050568517,1.0,0.15130118711654852,0.26283511006443877,1.7763568394002505e-15
81,Joint spatio-temporal ledger control,internal_structural_control,exact_ledger_lp,exact workload LP with temporal deferral and cross-site migration enabled,0.0,26.519837300407335,39.601608942178345,1.5031021627095988,1.0065758908722835,26.346585032377085,-8.016407826013953,111.29527314480896,24.627699753331616,24.627699753331616,24.627699753331616,0.0,138.14498050568517,24.627699753331616,162.77268025901674,0.0,0.0,138.14498050568517,1.0,0.15130118711654852,0.26283511006443877,1.7763568394002505e-15
82,Temporal-only ledger control,internal_structural_control,exact_ledger_lp,exact workload LP with native-site assignment fixed; temporal deferral retained,0.0,19.124472775828934,34.57538354213269,1.6220243785241724,0.8971805339777577,21.316192284108403,-8.170469371190693,114.09054799647639,13.349769684788772,13.349769684788772,13.349769684788772,0.0,109.17976858807852,13.349769684788772,122.5295382728673,0.0,0.0,109.17976858807852,1.0,0.10895144038704763,0.19649451981237567,-1.7763568394002505e-15
82,Joint spatio-temporal ledger control,internal_structural_control,exact_ledger_lp,exact workload LP with temporal deferral and cross-site migration enabled,0.0,19.124472775828934,34.57538354213269,1.6220243785241724,0.8971805339777577,21.316192284108403,-8.170469371190693,114.09054799647639,13.349769684788772,13.349769684788772,13.349769684788772,0.0,109.17976858807852,13.349769684788772,122.5295382728673,0.0,0.0,109.17976858807852,1.0,0.10895144038704763,0.19649451981237567,-1.7763568394002505e-15
83,Temporal-only ledger control,internal_structural_control,exact_ledger_lp,exact workload LP with native-site assignment fixed; temporal deferral retained,0.0,7.502517496868522,23.170224148960664,1.8340354435536346,0.5938605909324095,12.633465852800501,-4.927442060809188,113.79615389153814,3.347888591693161,3.347888591693161,3.347888591693161,0.0,49.71983823071085,3.347888591693161,53.06772682240401,0.0,0.0,49.71983823071085,1.0,0.06308709251664718,0.11868659296257852,0.0
83,Joint spatio-temporal ledger control,internal_structural_control,exact_ledger_lp,exact workload LP with temporal deferral and cross-site migration enabled,0.0,7.502517496868522,23.170224148960664,1.8340354435536346,0.5938605909324095,12.633465852800501,-4.927442060809188,113.79615389153814,3.347888591693161,3.347888591693161,3.347888591693161,0.0,49.71983823071085,3.347888591693161,53.06772682240401,0.0,0.0,49.71983823071085,1.0,0.06308709251664718,0.11868659296257852,0.0
84,Temporal-only ledger control,internal_structural_control,exact_ledger_lp,exact workload LP with native-site assignment fixed; temporal deferral retained,0.0,3.3438934354527245,9.115959631167971,1.038272877746492,0.3808566514746922,8.77992657474941,-1.4623174468337243,50.11544365377627,3.0145690688494513,3.0145690688494513,3.0145690688494513,0.0,19.224843529145797,3.0145690688494513,22.239412597995248,0.0,0.0,19.224843529145797,1.0,0.135550750523024,0.2387401011545994,0.0
84,Joint spatio-temporal ledger control,internal_structural_control,exact_ledger_lp,exact workload LP with temporal deferral and cross-site migration enabled,0.0,3.3438934354527245,9.115959631167971,1.038272877746492,0.3808566514746922,8.77992657474941,-1.4623174468337243,50.11544365377627,3.0145690688494513,3.0145690688494513,3.0145690688494513,0.0,19.224843529145797,3.0145690688494513,22.239412597995248,0.0,0.0,19.224843529145797,1.0,0.135550750523024,0.2387401011545994,0.0
85,Temporal-only ledger control,internal_structural_control,exact_ledger_lp,exact workload LP with native-site assignment fixed; temporal deferral retained,0.0,14.950732921804237,24.641547524163602,1.4336649200551286,0.8698455849043346,17.187801123860982,-3.756059481089242,113.46147130352493,14.675239379313943,14.675239379313943,14.675239379313943,0.0,74.82716961157391,14.675239379313943,89.50240899088786,0.0,0.0,74.82716961157391,1.0,0.16396474178486092,0.2817348943636078,8.881784197001252e-16
85,Joint spatio-temporal ledger control,internal_structural_control,exact_ledger_lp,exact workload LP with temporal deferral and cross-site migration enabled,0.0,14.950732921804237,24.641547524163602,1.4336649200551286,0.8698455849043346,17.187801123860982,-3.756059481089242,113.46147130352493,14.675239379313943,14.675239379313943,14.675239379313943,0.0,74.82716961157391,14.675239379313943,89.50240899088786,0.0,0.0,74.82716961157391,1.0,0.16396474178486092,0.2817348943636078,8.881784197001252e-16
86,Temporal-only ledger control,internal_structural_control,exact_ledger_lp,exact workload LP with native-site assignment fixed; temporal deferral retained,0.0,15.888784905689764,31.054309687407123,1.6746617995081254,0.8568324780038484,18.543630538732216,-6.064864808021613,107.17647819218172,12.534445455012214,12.534445455012214,12.534445455012214,0.0,87.81459885484551,12.534445455012214,100.34904430985773,0.0,0.0,87.81459885484551,1.0,0.12490846864777665,0.22207756831615977,-8.881784197001252e-16
86,Joint spatio-temporal ledger control,internal_structural_control,exact_ledger_lp,exact workload LP with temporal deferral and cross-site migration enabled,0.0,15.888784905689764,31.054309687407123,1.6746617995081254,0.8568324780038484,18.543630538732216,-6.064864808021613,107.17647819218172,12.534445455012214,12.534445455012214,12.534445455012214,0.0,87.81459885484551,12.534445455012214,100.34904430985773,0.0,0.0,87.81459885484551,1.0,0.12490846864777665,0.22207756831615977,-8.881784197001252e-16
87,Temporal-only ledger control,internal_structural_control,exact_ledger_lp,exact workload LP with native-site assignment fixed; temporal deferral retained,0.0,26.24029636303153,38.83283562533455,1.489127486649828,1.006239846840727,26.077576281060338,-7.75370468872768,111.44964640674581,24.644606041445897,24.644606041445897,24.644606041445897,0.0,135.97600420703685,24.644606041445897,160.6206102484827,0.0,0.0,135.97600420703685,1.0,0.15343364717217978,0.26604676835697655,0.0
87,Joint spatio-temporal ledger control,internal_structural_control,exact_ledger_lp,exact workload LP with temporal deferral and cross-site migration enabled,0.0,26.24029636303153,38.83283562533455,1.489127486649828,1.006239846840727,26.077576281060338,-7.75370468872768,111.44964640674581,24.644606041445897,24.644606041445897,24.644606041445897,0.0,135.97600420703685,24.644606041445897,160.6206102484827,0.0,0.0,135.97600420703685,1.0,0.15343364717217978,0.26604676835697655,0.0
88,Temporal-only ledger control,internal_structural_control,exact_ledger_lp,exact workload LP with native-site assignment fixed; temporal deferral retained,0.0,19.93661908150844,36.85634893777509,1.6389924385627457,0.8865763665376953,22.48719888549023,-9.64690670477183,113.86396059517077,13.563487938800751,13.563487938800751,13.563487938800751,0.0,118.33410314512108,13.563487938800751,131.8975910839218,0.0,0.0,118.33410314512108,1.0,0.10283347730111901,0.1864895823670054,8.881784197001252e-16
88,Joint spatio-temporal ledger control,internal_structural_control,exact_ledger_lp,exact workload LP with temporal deferral and cross-site migration enabled,0.0,19.93661908150844,36.85634893777509,1.6389924385627457,0.8865763665376953,22.48719888549023,-9.64690670477183,113.86396059517077,13.563487938800751,13.563487938800751,13.563487938800751,0.0,118.33410314512108,13.563487938800751,131.8975910839218,0.0,0.0,118.33410314512108,1.0,0.10283347730111901,0.1864895823670054,8.881784197001252e-16
89,Temporal-only ledger control,internal_structural_control,exact_ledger_lp,exact workload LP with native-site assignment fixed; temporal deferral retained,0.0,9.3192693434415,27.987625200162267,1.950305078386534,0.6494090941042229,14.35038318380226,-6.275898762602395,112.10222134954009,4.422393046242506,4.422393046242506,4.422393046242506,0.0,62.380672424175586,4.422393046242506,66.80306547041809,0.0,0.0,62.380672424175586,1.0,0.06620045075926706,0.12418012149990018,0.0
89,Joint spatio-temporal ledger control,internal_structural_control,exact_ledger_lp,exact workload LP with temporal deferral and cross-site migration enabled,0.0,9.3192693434415,27.987625200162267,1.950305078386534,0.6494090941042229,14.35038318380226,-6.275898762602395,112.10222134954009,4.422393046242506,4.422393046242506,4.422393046242506,0.0,62.380672424175586,4.422393046242506,66.80306547041809,0.0,0.0,62.380672424175586,1.0,0.06620045075926706,0.12418012149990018,0.0
90,Temporal-only ledger control,internal_structural_control,exact_ledger_lp,exact workload LP with native-site assignment fixed; temporal deferral retained,0.0,3.8246256605108173,11.631590035661908,1.2610098656675508,0.4146372658942292,9.224027783085107,-1.9165273622938515,64.62332079497921,2.827610173462179,2.827610173462179,2.827610173462179,0.0,22.964612091218676,2.827610173462179,25.792222264680852,0.0,0.0,22.964612091218676,1.0,0.10963034299429984,0.1975979544655675,0.0
90,Joint spatio-temporal ledger control,internal_structural_control,exact_ledger_lp,exact workload LP with temporal deferral and cross-site migration enabled,0.0,3.8246256605108173,11.631590035661908,1.2610098656675508,0.4146372658942292,9.224027783085107,-1.9165273622938515,64.62332079497921,2.827610173462179,2.827610173462179,2.827610173462179,0.0,22.964612091218676,2.827610173462179,25.792222264680852,0.0,0.0,22.964612091218676,1.0,0.10963034299429984,0.1975979544655675,0.0
91,Temporal-only ledger control,internal_structural_control,exact_ledger_lp,exact workload LP with native-site assignment fixed; temporal deferral retained,0.0,17.699705123200975,31.08602946650544,1.576466170327282,0.8976053497459271,19.71880529478906,-5.9338424905917115,113.05108560132243,15.216251903141774,15.216251903141774,15.216251903141774,0.0,94.53419045517074,15.216251903141774,109.75044235831251,0.0,0.0,94.53419045517074,1.0,0.13864410544664463,0.24352491666789966,0.0
91,Joint spatio-temporal ledger control,internal_structural_control,exact_ledger_lp,exact workload LP with temporal deferral and cross-site migration enabled,0.0,17.699705123200975,31.08602946650544,1.576466170327282,0.8976053497459271,19.71880529478906,-5.9338424905917115,113.05108560132243,15.216251903141774,15.216251903141774,15.216251903141774,0.0,94.53419045517074,15.216251903141774,109.75044235831251,0.0,0.0,94.53419045517074,1.0,0.13864410544664463,0.24352491666789966,0.0
92,Temporal-only ledger control,internal_structural_control,exact_ledger_lp,exact workload LP with native-site assignment fixed; temporal deferral retained,0.0,2.9494230877365677,10.311810020013816,1.2099317255107962,0.3460692699807618,8.522637932863926,-1.7240904360099134,57.741163559097124,1.4870493679254762,1.4870493679254762,1.4870493679254762,0.0,18.694054094985923,1.4870493679254762,20.181103462911402,0.0,0.0,18.694054094985923,1.0,0.07368523582758288,0.13725668076414824,0.0
92,Joint spatio-temporal ledger control,internal_structural_control,exact_ledger_lp,exact workload LP with temporal deferral and cross-site migration enabled,0.0,2.9494230877365677,10.311810020013816,1.2099317255107962,0.3460692699807618,8.522637932863926,-1.7240904360099134,57.741163559097124,1.4870493679254762,1.4870493679254762,1.4870493679254762,0.0,18.694054094985923,1.4870493679254762,20.181103462911402,0.0,0.0,18.694054094985923,1.0,0.07368523582758288,0.13725668076414824,0.0
93,Temporal-only ledger control,internal_structural_control,exact_ledger_lp,exact workload LP with native-site assignment fixed; temporal deferral retained,0.0,3.222790191694583,14.892477248443177,1.654654294226851,0.35807364625231003,9.000355724095101,-2.594004174998683,84.12270629091866,0.7356683259877399,0.7356683259877399,0.7356683259877399,0.0,23.267177466773067,0.7356683259877399,24.00284579276081,0.0,0.0,23.267177466773067,1.0,0.030649212695005333,0.059475546708781496,0.0
93,Joint spatio-temporal ledger control,internal_structural_control,exact_ledger_lp,exact workload LP with temporal deferral and cross-site migration enabled,0.0,3.222790191694583,14.892477248443177,1.654654294226851,0.35807364625231003,9.000355724095101,-2.594004174998683,84.12270629091866,0.7356683259877399,0.7356683259877399,0.7356683259877399,0.0,23.267177466773067,0.7356683259877399,24.00284579276081,0.0,0.0,23.267177466773067,1.0,0.030649212695005333,0.059475546708781496,0.0
94,Temporal-only ledger control,internal_structural_control,exact_ledger_lp,exact workload LP with native-site assignment fixed; temporal deferral retained,0.0,1.0676252865689144,4.8584763175563515,0.6950797044083671,0.1527402049744811,6.98981179675179,-0.8496302659892679,27.438883798338093,0.24947216378159043,0.24947216378159043,0.24947216378159043,0.0,7.66902221023273,0.24947216378159043,7.91849437401432,0.0,0.0,7.66902221023273,1.0,0.03150499981414008,0.061085500932747304,0.0
94,Joint spatio-temporal ledger control,internal_structural_control,exact_ledger_lp,exact workload LP with temporal deferral and cross-site migration enabled,0.0,1.0676252865689144,4.8584763175563515,0.6950797044083671,0.1527402049744811,6.98981179675179,-0.8496302659892679,27.438883798338093,0.24947216378159043,0.24947216378159043,0.24947216378159043,0.0,7.66902221023273,0.24947216378159043,7.91849437401432,0.0,0.0,7.66902221023273,1.0,0.03150499981414008,0.061085500932747304,0.0
95,Temporal-only ledger control,internal_structural_control,exact_ledger_lp,exact workload LP with native-site assignment fixed; temporal deferral retained,0.0,3.014538699089366,11.797035626245707,1.3596744256893074,0.3474424681132311,8.676367962326733,-1.978594747844262,66.38343532642959,1.4384099108793431,1.4384099108793431,1.4384099108793431,0.0,19.972533787734513,1.4384099108793431,21.410943698613856,0.0,0.0,19.972533787734513,1.0,0.06718106082229648,0.12590377263729055,0.0
95,Joint spatio-temporal ledger control,internal_structural_control,exact_ledger_lp,exact workload LP with temporal deferral and cross-site migration enabled,0.0,3.014538699089366,11.797035626245707,1.3596744256893074,0.3474424681132311,8.676367962326733,-1.978594747844262,66.38343532642959,1.4384099108793431,1.4384099108793431,1.4384099108793431,0.0,19.972533787734513,1.4384099108793431,21.410943698613856,0.0,0.0,19.972533787734513,1.0,0.06718106082229648,0.12590377263729055,0.0
96,Temporal-only ledger control,internal_structural_control,exact_ledger_lp,exact workload LP with native-site assignment fixed; temporal deferral retained,0.0,2.2367624196521168,9.540419298816518,1.1892428536935515,0.27881937257323214,8.022263299027507,-1.64330757449246,53.7695370320209,0.6578264156417424,0.6578264156417424,0.6578264156417424,0.0,15.520279976578307,0.6578264156417424,16.17810639222005,0.0,0.0,15.520279976578307,1.0,0.04066152117519062,0.07814552637494018,0.0
96,Joint spatio-temporal ledger control,internal_structural_control,exact_ledger_lp,exact workload LP with temporal deferral and cross-site migration enabled,0.0,2.2367624196521168,9.540419298816518,1.1892428536935515,0.27881937257323214,8.022263299027507,-1.64330757449246,53.7695370320209,0.6578264156417424,0.6578264156417424,0.6578264156417424,0.0,15.520279976578307,0.6578264156417424,16.17810639222005,0.0,0.0,15.520279976578307,1.0,0.04066152117519062,0.07814552637494018,0.0
97,Temporal-only ledger control,internal_structural_control,exact_ledger_lp,exact workload LP with native-site assignment fixed; temporal deferral retained,0.0,1.3657680047011027,5.412094297153322,0.7488540552727088,0.18897691960394944,7.227168310095363,-0.9368835410266424,30.463961132098405,0.6067402978519261,0.6067402978519261,0.6067402978519261,0.0,9.21060618291098,0.6067402978519261,9.817346480762907,0.0,0.0,9.21060618291098,1.0,0.0618028811594695,0.11641121390061,0.0
97,Joint spatio-temporal ledger control,internal_structural_control,exact_ledger_lp,exact workload LP with temporal deferral and cross-site migration enabled,0.0,1.3657680047011027,5.412094297153322,0.7488540552727088,0.18897691960394944,7.227168310095363,-0.9368835410266424,30.463961132098405,0.6067402978519261,0.6067402978519261,0.6067402978519261,0.0,9.21060618291098,0.6067402978519261,9.817346480762907,0.0,0.0,9.21060618291098,1.0,0.0618028811594695,0.11641121390061,0.0
98,Temporal-only ledger control,internal_structural_control,exact_ledger_lp,exact workload LP with native-site assignment fixed; temporal deferral retained,0.0,0.9647698315173314,2.9336273340636034,0.4301617254973858,0.14146549925223725,6.81982417350479,-0.475671602377467,16.199546470392765,0.796827652459126,0.796827652459126,0.796827652459126,0.0,5.761765735579194,0.796827652459126,6.558593388038319,0.0,0.0,5.761765735579194,1.0,0.12149368093353595,0.216664049025054,0.0
98,Joint spatio-temporal ledger control,internal_structural_control,exact_ledger_lp,exact workload LP with temporal deferral and cross-site migration enabled,0.0,0.9647698315173314,2.9336273340636034,0.4301617254973858,0.14146549925223725,6.81982417350479,-0.475671602377467,16.199546470392765,0.796827652459126,0.796827652459126,0.796827652459126,0.0,5.761765735579194,0.796827652459126,6.558593388038319,0.0,0.0,5.761765735579194,1.0,0.12149368093353595,0.216664049025054,0.0
99,Temporal-only ledger control,internal_structural_control,exact_ledger_lp,exact workload LP with native-site assignment fixed; temporal deferral retained,0.0,0.8977793562554295,2.94605187216455,0.4363161005213461,0.13296289571511466,6.752104423018923,-0.49407519450286497,16.42609109307564,0.44941718111820594,0.44941718111820594,0.44941718111820594,0.0,5.567418203033178,0.44941718111820594,6.016835384151383,0.0,0.0,5.567418203033178,1.0,0.07469328183749072,0.13900390576515287,2.220446049250313e-16
99,Joint spatio-temporal ledger control,internal_structural_control,exact_ledger_lp,exact workload LP with temporal deferral and cross-site migration enabled,0.0,0.8977793562554295,2.94605187216455,0.4363161005213461,0.13296289571511466,6.752104423018923,-0.49407519450286497,16.42609109307564,0.44941718111820594,0.44941718111820594,0.44941718111820594,0.0,5.567418203033178,0.44941718111820594,6.016835384151383,0.0,0.0,5.567418203033178,1.0,0.07469328183749072,0.13900390576515287,2.220446049250313e-16
100,Temporal-only ledger control,internal_structural_control,exact_ledger_lp,exact workload LP with native-site assignment fixed; temporal deferral retained,0.0,1.091394109366485,5.721937773322014,0.8109353742320846,0.1546766367576146,7.0559725905907165,-1.0052133367172196,32.354142793736074,0.06135094039090849,0.06135094039090849,0.06135094039090849,0.0,8.386429784334817,0.06135094039090849,8.447780724725726,0.0,0.0,8.386429784334817,1.0,0.0072623736801478555,0.014420023759279215,-2.220446049250313e-16
100,Joint spatio-temporal ledger control,internal_structural_control,exact_ledger_lp,exact workload LP with temporal deferral and cross-site migration enabled,0.0,1.091394109366485,5.721937773322014,0.8109353742320846,0.1546766367576146,7.0559725905907165,-1.0052133367172196,32.354142793736074,0.06135094039090849,0.06135094039090849,0.06135094039090849,0.0,8.386429784334817,0.06135094039090849,8.447780724725726,0.0,0.0,8.386429784334817,1.0,0.0072623736801478555,0.014420023759279215,-2.220446049250313e-16
101,Temporal-only ledger control,internal_structural_control,exact_ledger_lp,exact workload LP with native-site assignment fixed; temporal deferral retained,0.0,2.2647104775685905,12.28633786670592,1.491544358999969,0.27493270771424805,8.23732649489788,-2.171619611533966,69.49182756908691,0.15329160277281573,0.15329160277281573,0.15329160277281573,0.0,17.745320356410225,0.15329160277281573,17.898611959183043,0.0,0.0,17.745320356410225,1.0,0.008564440813756404,0.016983428063052107,0.0
101,Joint spatio-temporal ledger control,internal_structural_control,exact_ledger_lp,exact workload LP with temporal deferral and cross-site migration enabled,0.0,2.2647104775685905,12.28633786670592,1.491544358999969,0.27493270771424805,8.23732649489788,-2.171619611533966,69.49182756908691,0.15329160277281573,0.15329160277281573,0.15329160277281573,0.0,17.745320356410225,0.15329160277281573,17.898611959183043,0.0,0.0,17.745320356410225,1.0,0.008564440813756404,0.016983428063052107,0.0
102,Temporal-only ledger control,internal_structural_control,exact_ledger_lp,exact workload LP with native-site assignment fixed; temporal deferral retained,0.0,2.970855602895653,9.768429846903455,1.175680910740363,0.3575577933845392,8.308742412728272,-1.580893738461194,50.58859963075822,0.2629419363987786,0.2629419363987786,0.2629419363987786,0.0,18.20699736542739,0.2629419363987786,18.46993930182617,0.0,0.0,18.20699736542739,1.0,0.014236210098036483,0.028072770339486117,0.24388181521845365
102,Joint spatio-temporal ledger control,internal_structural_control,exact_ledger_lp,exact workload LP with temporal deferral and cross-site migration enabled,0.0,2.970855602895653,9.768429846903455,1.175680910740363,0.3575577933845392,8.308742412728272,-1.580893738461194,50.58859963075822,0.2629419363987786,0.2629419363987786,0.2629419363987786,0.0,18.20699736542739,0.2629419363987786,18.46993930182617,0.0,0.0,18.20699736542739,1.0,0.014236210098036483,0.028072770339486117,0.24388181521845365
103,Temporal-only ledger control,internal_structural_control,exact_ledger_lp,exact workload LP with native-site assignment fixed; temporal deferral retained,0.0,7.255239371090003,28.911180387384302,2.1824764777928585,0.5476908606287859,13.246960817933862,-7.226248785224511,118.0,0.049733918212842676,0.049733918212842676,0.049733918212842676,0.0,57.92595262525806,0.049733918212842676,57.9756865434709,0.0,0.0,57.92595262525806,1.0,0.0008578409533029257,0.0017142113858764285,0.013753986097796655
103,Joint spatio-temporal ledger control,internal_structural_control,exact_ledger_lp,exact workload LP with temporal deferral and cross-site migration enabled,0.0,7.255239371090003,28.911180387384302,2.1824764777928585,0.5476908606287859,13.246960817933862,-7.226248785224511,118.0,0.049733918212842676,0.049733918212842676,0.049733918212842676,0.0,57.92595262525806,0.049733918212842676,57.9756865434709,0.0,0.0,57.92595262525806,1.0,0.0008578409533029257,0.0017142113858764285,0.013753986097796655
104,Temporal-only ledger control,internal_structural_control,exact_ledger_lp,exact workload LP with native-site assignment fixed; temporal deferral retained,0.0,3.7944284572756715,20.865164770423345,2.1324094119435357,0.3877886920265554,9.784783660003765,-3.7685418355242697,117.99999999999999,0.026388108830351698,0.026388108830351698,0.026388108830351698,0.0,30.251881171199763,0.026388108830351698,30.278269280030116,0.0,0.0,30.251881171199763,1.0,0.0008715197221578264,0.0017415216738303444,2.220446049250313e-16
104,Joint spatio-temporal ledger control,internal_structural_control,exact_ledger_lp,exact workload LP with temporal deferral and cross-site migration enabled,0.0,3.7944284572756715,20.865164770423345,2.1324094119435357,0.3877886920265554,9.784783660003765,-3.7685418355242697,117.99999999999999,0.026388108830351698,0.026388108830351698,0.026388108830351698,0.0,30.251881171199763,0.026388108830351698,30.278269280030116,0.0,0.0,30.251881171199763,1.0,0.0008715197221578264,0.0017415216738303444,2.220446049250313e-16
105,Temporal-only ledger control,internal_structural_control,exact_ledger_lp,exact workload LP with native-site assignment fixed; temporal deferral retained,0.0,0.217687832012515,0.5219743914337358,0.08479185470495089,0.0353621850534485,6.155949687031181,-0.016102237582265727,2.2905400846014903,0.31243721787032563,0.31243721787032563,0.31243721787032563,0.0,0.9351602783791229,0.31243721787032563,1.2475974962494485,0.0,0.0,0.9351602783791229,1.0,0.2504311036288389,0.40055162239977915,0.0
105,Joint spatio-temporal ledger control,internal_structural_control,exact_ledger_lp,exact workload LP with temporal deferral and cross-site migration enabled,0.0,0.217687832012515,0.5219743914337358,0.08479185470495089,0.0353621850534485,6.155949687031181,-0.016102237582265727,2.2905400846014903,0.31243721787032563,0.31243721787032563,0.31243721787032563,0.0,0.9351602783791229,0.31243721787032563,1.2475974962494485,0.0,0.0,0.9351602783791229,1.0,0.2504311036288389,0.40055162239977915,0.0
106,Temporal-only ledger control,internal_structural_control,exact_ledger_lp,exact workload LP with native-site assignment fixed; temporal deferral retained,0.0,0.46231593983524877,2.048972732176482,0.31804368171691383,0.0717611617336805,6.4424255219138225,-0.3588320557233301,11.515286012062926,0.25481219307627034,0.25481219307627034,0.25481219307627034,0.0,3.2845919822343155,0.25481219307627034,3.539404175310585,0.0,0.0,3.2845919822343155,1.0,0.07199296278558252,0.13431611080451167,0.0
106,Joint spatio-temporal ledger control,internal_structural_control,exact_ledger_lp,exact workload LP with temporal deferral and cross-site migration enabled,0.0,0.46231593983524877,2.048972732176482,0.31804368171691383,0.0717611617336805,6.4424255219138225,-0.3588320557233301,11.515286012062926,0.25481219307627034,0.25481219307627034,0.25481219307627034,0.0,3.2845919822343155,0.25481219307627034,3.539404175310585,0.0,0.0,3.2845919822343155,1.0,0.07199296278558252,0.13431611080451167,0.0
107,Temporal-only ledger control,internal_structural_control,exact_ledger_lp,exact workload LP with native-site assignment fixed; temporal deferral retained,0.0,1.5091085392372314,3.9971879976863525,0.5585719999538186,0.21088469579040037,7.156083724241156,-0.40780777596006523,20.495216401916284,1.5810045331400608,1.5810045331400608,1.5810045331400608,0.0,7.667665260789187,1.5810045331400608,9.248669793929245,0.0,0.0,7.667665260789187,1.0,0.170943991770343,0.29197637627721856,4.440892098500626e-16
107,Joint spatio-temporal ledger control,internal_structural_control,exact_ledger_lp,exact workload LP with temporal deferral and cross-site migration enabled,0.0,1.5091085392372314,3.9971879976863525,0.5585719999538186,0.21088469579040037,7.156083724241156,-0.40780777596006523,20.495216401916284,1.5810045331400608,1.5810045331400608,1.5810045331400608,0.0,7.667665260789187,1.5810045331400608,9.248669793929245,0.0,0.0,7.667665260789187,1.0,0.170943991770343,0.29197637627721856,4.440892098500626e-16
108,Temporal-only ledger control,internal_structural_control,exact_ledger_lp,exact workload LP with native-site assignment fixed; temporal deferral retained,0.0,0.7317769229213371,2.989527041385688,0.44950282782234546,0.11002937643133316,6.650741344317465,-0.5102089148751396,16.83331436331268,0.23798740335381963,0.23798740335381963,0.23798740335381963,0.0,4.967943351185907,0.23798740335381963,5.205930754539728,0.0,0.0,4.967943351185907,1.0,0.04571466939822191,0.08743239573091073,0.0
108,Joint spatio-temporal ledger control,internal_structural_control,exact_ledger_lp,exact workload LP with temporal deferral and cross-site migration enabled,0.0,0.7317769229213371,2.989527041385688,0.44950282782234546,0.11002937643133316,6.650741344317465,-0.5102089148751396,16.83331436331268,0.23798740335381963,0.23798740335381963,0.23798740335381963,0.0,4.967943351185907,0.23798740335381963,5.205930754539728,0.0,0.0,4.967943351185907,1.0,0.04571466939822191,0.08743239573091073,0.0
109,Temporal-only ledger control,internal_structural_control,exact_ledger_lp,exact workload LP with native-site assignment fixed; temporal deferral retained,0.0,1.7306646164620976,7.5198662048896106,0.9896747214923077,0.22776934796792192,7.598320985253192,-1.2855614608329897,42.43812920193128,0.7216635728451886,0.7216635728451886,0.7216635728451886,0.0,12.06490430918035,0.7216635728451886,12.786567882025537,0.0,0.0,12.06490430918035,1.0,0.05643919302689917,0.10684797269815434,0.0
109,Joint spatio-temporal ledger control,internal_structural_control,exact_ledger_lp,exact workload LP with temporal deferral and cross-site migration enabled,0.0,1.7306646164620976,7.5198662048896106,0.9896747214923077,0.22776934796792192,7.598320985253192,-1.2855614608329897,42.43812920193128,0.7216635728451886,0.7216635728451886,0.7216635728451886,0.0,12.06490430918035,0.7216635728451886,12.786567882025537,0.0,0.0,12.06490430918035,1.0,0.05643919302689917,0.10684797269815434,0.0
110,Temporal-only ledger control,internal_structural_control,exact_ledger_lp,exact workload LP with native-site assignment fixed; temporal deferral retained,0.0,10.411937163690617,24.02144951427394,1.7161862426409011,0.7438694866831168,13.996994567040264,-3.056427290656364,111.30577027050336,10.102498718934191,10.102498718934191,10.102498718934191,0.0,53.873457817387916,10.102498718934191,63.975956536322116,0.0,0.0,53.873457817387916,1.0,0.15791086629863102,0.2727513332756047,1.7763568394002505e-15
110,Joint spatio-temporal ledger control,internal_structural_control,exact_ledger_lp,exact workload LP with temporal deferral and cross-site migration enabled,0.0,10.411937163690617,24.02144951427394,1.7161862426409011,0.7438694866831168,13.996994567040264,-3.056427290656364,111.30577027050336,10.102498718934191,10.102498718934191,10.102498718934191,0.0,53.873457817387916,10.102498718934191,63.975956536322116,0.0,0.0,53.873457817387916,1.0,0.15791086629863102,0.2727513332756047,1.7763568394002505e-15
111,Temporal-only ledger control,internal_structural_control,exact_ledger_lp,exact workload LP with native-site assignment fixed; temporal deferral retained,0.0,11.698220803753845,35.7822097512773,2.053073145313567,0.6712079311780954,17.42860931816059,-10.744027217897349,117.05403997873893,1.6598824586799208,1.6598824586799208,1.6598824586799208,0.0,89.76899208660477,1.6598824586799208,91.4288745452847,0.0,0.0,89.76899208660477,1.0,0.01815490420214876,0.03566236164500998,0.0
111,Joint spatio-temporal ledger control,internal_structural_control,exact_ledger_lp,exact workload LP with temporal deferral and cross-site migration enabled,0.0,11.698220803753845,35.7822097512773,2.053073145313567,0.6712079311780954,17.42860931816059,-10.744027217897349,117.05403997873893,1.6598824586799208,1.6598824586799208,1.6598824586799208,0.0,89.76899208660477,1.6598824586799208,91.4288745452847,0.0,0.0,89.76899208660477,1.0,0.01815490420214876,0.03566236164500998,0.0
112,Temporal-only ledger control,internal_structural_control,exact_ledger_lp,exact workload LP with native-site assignment fixed; temporal deferral retained,0.0,2.1961614038681856,7.106994825681998,0.9050461425104285,0.2796719929665142,7.852632580664369,-1.1742516526882523,39.64635433390282,1.3394084190891995,1.3394084190891995,1.3394084190891995,0.0,13.481652226225751,1.3394084190891995,14.821060645314953,0.0,0.0,13.481652226225751,1.0,0.09037196804889915,0.16576355720261196,0.0
112,Joint spatio-temporal ledger control,internal_structural_control,exact_ledger_lp,exact workload LP with temporal deferral and cross-site migration enabled,0.0,2.1961614038681856,7.106994825681998,0.9050461425104285,0.2796719929665142,7.852632580664369,-1.1742516526882523,39.64635433390282,1.3394084190891995,1.3394084190891995,1.3394084190891995,0.0,13.481652226225751,1.3394084190891995,14.821060645314953,0.0,0.0,13.481652226225751,1.0,0.09037196804889915,0.16576355720261196,0.0
113,Temporal-only ledger control,internal_structural_control,exact_ledger_lp,exact workload LP with native-site assignment fixed; temporal deferral retained,0.0,10.39897192802465,29.880562467287366,1.9374638236550374,0.6742721772995155,15.422513753530376,-7.597354465537917,117.03499759613541,3.394804453992724,3.394804453992724,3.394804453992724,0.0,71.98530557425028,3.394804453992724,75.380110028243,0.0,0.0,71.98530557425028,1.0,0.045035811870276894,0.08618998767071402,-1.1102230246251565e-15
113,Joint spatio-temporal ledger control,internal_structural_control,exact_ledger_lp,exact workload LP with temporal deferral and cross-site migration enabled,0.0,10.39897192802465,29.880562467287366,1.9374638236550374,0.6742721772995155,15.422513753530376,-7.597354465537917,117.03499759613541,3.394804453992724,3.394804453992724,3.394804453992724,0.0,71.98530557425028,3.394804453992724,75.380110028243,0.0,0.0,71.98530557425028,1.0,0.045035811870276894,0.08618998767071402,-1.1102230246251565e-15
114,Temporal-only ledger control,internal_structural_control,exact_ledger_lp,exact workload LP with native-site assignment fixed; temporal deferral retained,0.0,6.069692360697934,21.184105447340492,1.8621915765461976,0.533557105558002,11.37590015664801,-4.10759271340866,117.42861551072265,2.2980609567577064,2.2980609567577064,2.2980609567577064,0.0,40.70914029642637,2.2980609567577064,43.00720125318408,0.0,0.0,40.70914029642637,1.0,0.05343432936333115,0.1014478603438441,0.0
114,Joint spatio-temporal ledger control,internal_structural_control,exact_ledger_lp,exact workload LP with temporal deferral and cross-site migration enabled,0.0,6.069692360697934,21.184105447340492,1.8621915765461976,0.533557105558002,11.37590015664801,-4.10759271340866,117.42861551072265,2.2980609567577064,2.2980609567577064,2.2980609567577064,0.0,40.70914029642637,2.2980609567577064,43.00720125318408,0.0,0.0,40.70914029642637,1.0,0.05343432936333115,0.1014478603438441,0.0
