day,endpoint,conversion_scale_factor,unclipped_conversion_scale_factor,solver_status,capacity_activation_eligible,method,certified_cost_usd,reference_cost_usd,margin_usd,payment_cap_violation_usd,independent_segments,schema_version,endpoint_profile_checksum
61,q01,0.5844748596130233,0.5844748596130233,optimal,True,Selected Single Feasible Projection,106345.73858345216,106345.73858345216,0.0,0.0,4,12,54eb7508ae775258cb6d1af90819916cfd12c618fccf42c0a76d7ef4a496382c
61,q01,0.5844748596130233,0.5844748596130233,optimal,True,Payment-Certified N-1 Verifier,106343.6886075534,106345.73858345216,2.0499758987571113,0.0,4,12,54eb7508ae775258cb6d1af90819916cfd12c618fccf42c0a76d7ef4a496382c
61,q99,2.6930887095833507,2.6930887095833507,optimal,True,Selected Single Feasible Projection,106741.21465942895,106741.21465942895,0.0,0.0,4,12,54eb7508ae775258cb6d1af90819916cfd12c618fccf42c0a76d7ef4a496382c
61,q99,2.6930887095833507,2.6930887095833507,optimal,True,Payment-Certified N-1 Verifier,106732.71136888555,106741.21465942895,8.503290543405456,0.0,4,12,54eb7508ae775258cb6d1af90819916cfd12c618fccf42c0a76d7ef4a496382c
62,q01,0.5844748596130233,0.5844748596130233,optimal,True,Selected Single Feasible Projection,106544.41372841413,106544.41372841413,0.0,0.0,4,12,54eb7508ae775258cb6d1af90819916cfd12c618fccf42c0a76d7ef4a496382c
62,q01,0.5844748596130233,0.5844748596130233,optimal,True,Payment-Certified N-1 Verifier,106501.68449132184,106544.41372841413,42.72923709229508,0.0,4,12,54eb7508ae775258cb6d1af90819916cfd12c618fccf42c0a76d7ef4a496382c
62,q99,2.6930887095833507,2.6930887095833507,optimal,True,Selected Single Feasible Projection,107658.03035983138,107658.03035983138,0.0,0.0,4,12,54eb7508ae775258cb6d1af90819916cfd12c618fccf42c0a76d7ef4a496382c
62,q99,2.6930887095833507,2.6930887095833507,optimal,True,Payment-Certified N-1 Verifier,107471.13637563924,107658.03035983138,186.8939841921383,0.0,4,12,54eb7508ae775258cb6d1af90819916cfd12c618fccf42c0a76d7ef4a496382c
63,q01,0.5844748596130233,0.5844748596130233,optimal,True,Selected Single Feasible Projection,106557.26198614395,106557.26198614395,0.0,0.0,4,12,54eb7508ae775258cb6d1af90819916cfd12c618fccf42c0a76d7ef4a496382c
63,q01,0.5844748596130233,0.5844748596130233,optimal,True,Payment-Certified N-1 Verifier,106521.67353755262,106557.26198614395,35.588448591326596,0.0,4,12,54eb7508ae775258cb6d1af90819916cfd12c618fccf42c0a76d7ef4a496382c
63,q99,2.6930887095833507,2.6930887095833507,optimal,True,Selected Single Feasible Projection,107718.49198460198,107718.49198460198,0.0,0.0,4,12,54eb7508ae775258cb6d1af90819916cfd12c618fccf42c0a76d7ef4a496382c
63,q99,2.6930887095833507,2.6930887095833507,optimal,True,Payment-Certified N-1 Verifier,107562.18920666771,107718.49198460198,156.3027779342665,0.0,4,12,54eb7508ae775258cb6d1af90819916cfd12c618fccf42c0a76d7ef4a496382c
64,q01,0.5844748596130233,0.5844748596130233,optimal,True,Selected Single Feasible Projection,106569.69552961494,106569.69552961494,0.0,0.0,4,12,54eb7508ae775258cb6d1af90819916cfd12c618fccf42c0a76d7ef4a496382c
64,q01,0.5844748596130233,0.5844748596130233,optimal,True,Payment-Certified N-1 Verifier,106527.7308970268,106569.69552961494,41.9646325881331,0.0,4,12,54eb7508ae775258cb6d1af90819916cfd12c618fccf42c0a76d7ef4a496382c
64,q99,2.6930887095833507,2.6930887095833507,optimal,True,Selected Single Feasible Projection,107774.90963960048,107774.90963960048,0.0,0.0,4,12,54eb7508ae775258cb6d1af90819916cfd12c618fccf42c0a76d7ef4a496382c
64,q99,2.6930887095833507,2.6930887095833507,optimal,True,Payment-Certified N-1 Verifier,107592.50141966039,107774.90963960048,182.4082199400873,0.0,4,12,54eb7508ae775258cb6d1af90819916cfd12c618fccf42c0a76d7ef4a496382c
65,q01,0.5844748596130233,0.5844748596130233,optimal,True,Selected Single Feasible Projection,106322.25751775768,106322.25751775768,0.0,0.0,4,12,54eb7508ae775258cb6d1af90819916cfd12c618fccf42c0a76d7ef4a496382c
65,q01,0.5844748596130233,0.5844748596130233,optimal,True,Payment-Certified N-1 Verifier,106322.23285218858,106322.25751775768,0.024665569100761786,0.0,4,12,54eb7508ae775258cb6d1af90819916cfd12c618fccf42c0a76d7ef4a496382c
65,q99,2.6930887095833507,2.6930887095833507,optimal,True,Selected Single Feasible Projection,106632.78375037285,106632.78375037285,0.0,0.0,4,12,54eb7508ae775258cb6d1af90819916cfd12c618fccf42c0a76d7ef4a496382c
65,q99,2.6930887095833507,2.6930887095833507,optimal,True,Payment-Certified N-1 Verifier,106632.78375037285,106632.78375037285,0.0,0.0,4,12,54eb7508ae775258cb6d1af90819916cfd12c618fccf42c0a76d7ef4a496382c
66,q01,0.5844748596130233,0.5844748596130233,optimal,True,Selected Single Feasible Projection,106411.27815576381,106411.27815576381,0.0,0.0,4,12,54eb7508ae775258cb6d1af90819916cfd12c618fccf42c0a76d7ef4a496382c
66,q01,0.5844748596130233,0.5844748596130233,optimal,True,Payment-Certified N-1 Verifier,106384.09460299934,106411.27815576381,27.18355276447255,0.0,4,12,54eb7508ae775258cb6d1af90819916cfd12c618fccf42c0a76d7ef4a496382c
66,q99,2.6930887095833507,2.6930887095833507,optimal,True,Selected Single Feasible Projection,107047.56219790586,107047.56219790586,0.0,0.0,4,12,54eb7508ae775258cb6d1af90819916cfd12c618fccf42c0a76d7ef4a496382c
66,q99,2.6930887095833507,2.6930887095833507,optimal,True,Payment-Certified N-1 Verifier,106922.4724278486,107047.56219790586,125.08977005726774,0.0,4,12,54eb7508ae775258cb6d1af90819916cfd12c618fccf42c0a76d7ef4a496382c
67,q01,0.5844748596130233,0.5844748596130233,optimal,True,Selected Single Feasible Projection,106257.73116426583,106257.73116426583,0.0,0.0,4,12,54eb7508ae775258cb6d1af90819916cfd12c618fccf42c0a76d7ef4a496382c
67,q01,0.5844748596130233,0.5844748596130233,optimal,True,Payment-Certified N-1 Verifier,106257.73116426583,106257.73116426583,0.0,0.0,4,12,54eb7508ae775258cb6d1af90819916cfd12c618fccf42c0a76d7ef4a496382c
67,q99,2.6930887095833507,2.6930887095833507,optimal,True,Selected Single Feasible Projection,106334.8051483918,106334.8051483918,0.0,0.0,4,12,54eb7508ae775258cb6d1af90819916cfd12c618fccf42c0a76d7ef4a496382c
67,q99,2.6930887095833507,2.6930887095833507,optimal,True,Payment-Certified N-1 Verifier,106334.80514839181,106334.8051483918,-1.4551915228366852e-11,1.4551915228366852e-11,4,12,54eb7508ae775258cb6d1af90819916cfd12c618fccf42c0a76d7ef4a496382c
68,q01,0.5844748596130233,0.5844748596130233,optimal,True,Selected Single Feasible Projection,106361.26292418106,106361.26292418106,0.0,0.0,4,12,54eb7508ae775258cb6d1af90819916cfd12c618fccf42c0a76d7ef4a496382c
68,q01,0.5844748596130233,0.5844748596130233,optimal,True,Payment-Certified N-1 Verifier,106352.21843465905,106361.26292418106,9.044489522013464,0.0,4,12,54eb7508ae775258cb6d1af90819916cfd12c618fccf42c0a76d7ef4a496382c
68,q99,2.6930887095833507,2.6930887095833507,optimal,True,Selected Single Feasible Projection,106812.97754662292,106812.97754662292,0.0,0.0,4,12,54eb7508ae775258cb6d1af90819916cfd12c618fccf42c0a76d7ef4a496382c
68,q99,2.6930887095833507,2.6930887095833507,optimal,True,Payment-Certified N-1 Verifier,106772.56144474397,106812.97754662292,40.41610187894548,0.0,4,12,54eb7508ae775258cb6d1af90819916cfd12c618fccf42c0a76d7ef4a496382c
69,q01,0.5844748596130233,0.5844748596130233,optimal,True,Selected Single Feasible Projection,106579.2075182863,106579.2075182863,0.0,0.0,4,12,54eb7508ae775258cb6d1af90819916cfd12c618fccf42c0a76d7ef4a496382c
69,q01,0.5844748596130233,0.5844748596130233,optimal,True,Payment-Certified N-1 Verifier,106516.15998778176,106579.2075182863,63.04753050454019,0.0,4,12,54eb7508ae775258cb6d1af90819916cfd12c618fccf42c0a76d7ef4a496382c
69,q99,2.6930887095833507,2.6930887095833507,optimal,True,Selected Single Feasible Projection,107818.97517166447,107818.97517166447,0.0,0.0,4,12,54eb7508ae775258cb6d1af90819916cfd12c618fccf42c0a76d7ef4a496382c
69,q99,2.6930887095833507,2.6930887095833507,optimal,True,Payment-Certified N-1 Verifier,107543.05323312155,107818.97517166447,275.9219385429169,0.0,4,12,54eb7508ae775258cb6d1af90819916cfd12c618fccf42c0a76d7ef4a496382c
70,q01,0.5844748596130233,0.5844748596130233,optimal,True,Selected Single Feasible Projection,106465.29440539284,106465.29440539284,0.0,0.0,4,12,54eb7508ae775258cb6d1af90819916cfd12c618fccf42c0a76d7ef4a496382c
70,q01,0.5844748596130233,0.5844748596130233,optimal,True,Payment-Certified N-1 Verifier,106431.28141051243,106465.29440539284,34.01299488040968,0.0,4,12,54eb7508ae775258cb6d1af90819916cfd12c618fccf42c0a76d7ef4a496382c
70,q99,2.6930887095833507,2.6930887095833507,optimal,True,Selected Single Feasible Projection,107293.16123706813,107293.16123706813,0.0,0.0,4,12,54eb7508ae775258cb6d1af90819916cfd12c618fccf42c0a76d7ef4a496382c
70,q99,2.6930887095833507,2.6930887095833507,optimal,True,Payment-Certified N-1 Verifier,107142.37996333816,107293.16123706813,150.78127372996823,0.0,4,12,54eb7508ae775258cb6d1af90819916cfd12c618fccf42c0a76d7ef4a496382c
71,q01,0.5844748596130233,0.5844748596130233,optimal,True,Selected Single Feasible Projection,106549.19273409662,106549.19273409662,0.0,0.0,4,12,54eb7508ae775258cb6d1af90819916cfd12c618fccf42c0a76d7ef4a496382c
71,q01,0.5844748596130233,0.5844748596130233,optimal,True,Payment-Certified N-1 Verifier,106527.71614392744,106549.19273409662,21.476590169186238,0.0,4,12,54eb7508ae775258cb6d1af90819916cfd12c618fccf42c0a76d7ef4a496382c
71,q99,2.6930887095833507,2.6930887095833507,optimal,True,Selected Single Feasible Projection,107680.01430495297,107680.01430495297,0.0,0.0,4,12,54eb7508ae775258cb6d1af90819916cfd12c618fccf42c0a76d7ef4a496382c
71,q99,2.6930887095833507,2.6930887095833507,optimal,True,Payment-Certified N-1 Verifier,107594.25181896976,107680.01430495297,85.76248598321399,0.0,4,12,54eb7508ae775258cb6d1af90819916cfd12c618fccf42c0a76d7ef4a496382c
72,q01,0.5844748596130233,0.5844748596130233,optimal,True,Selected Single Feasible Projection,106439.99677926271,106439.99677926271,0.0,0.0,4,12,54eb7508ae775258cb6d1af90819916cfd12c618fccf42c0a76d7ef4a496382c
72,q01,0.5844748596130233,0.5844748596130233,optimal,True,Payment-Certified N-1 Verifier,106413.23476791823,106439.99677926271,26.762011344486382,0.0,4,12,54eb7508ae775258cb6d1af90819916cfd12c618fccf42c0a76d7ef4a496382c
72,q99,2.6930887095833507,2.6930887095833507,optimal,True,Selected Single Feasible Projection,107176.01897128593,107176.01897128593,0.0,0.0,4,12,54eb7508ae775258cb6d1af90819916cfd12c618fccf42c0a76d7ef4a496382c
72,q99,2.6930887095833507,2.6930887095833507,optimal,True,Payment-Certified N-1 Verifier,107058.3296743262,107176.01897128593,117.68929695972474,0.0,4,12,54eb7508ae775258cb6d1af90819916cfd12c618fccf42c0a76d7ef4a496382c
73,q01,0.5844748596130233,0.5844748596130233,optimal,True,Selected Single Feasible Projection,106492.90898497404,106492.90898497404,0.0,0.0,4,12,54eb7508ae775258cb6d1af90819916cfd12c618fccf42c0a76d7ef4a496382c
73,q01,0.5844748596130233,0.5844748596130233,optimal,True,Payment-Certified N-1 Verifier,106459.82264610473,106492.90898497404,33.086338869310566,0.0,4,12,54eb7508ae775258cb6d1af90819916cfd12c618fccf42c0a76d7ef4a496382c
73,q99,2.6930887095833507,2.6930887095833507,optimal,True,Selected Single Feasible Projection,107420.88918600894,107420.88918600894,0.0,0.0,4,12,54eb7508ae775258cb6d1af90819916cfd12c618fccf42c0a76d7ef4a496382c
73,q99,2.6930887095833507,2.6930887095833507,optimal,True,Payment-Certified N-1 Verifier,107273.12330318894,107420.88918600894,147.76588281999284,0.0,4,12,54eb7508ae775258cb6d1af90819916cfd12c618fccf42c0a76d7ef4a496382c
74,q01,0.5844748596130233,0.5844748596130233,optimal,True,Selected Single Feasible Projection,106399.78245951189,106399.78245951189,0.0,0.0,4,12,54eb7508ae775258cb6d1af90819916cfd12c618fccf42c0a76d7ef4a496382c
74,q01,0.5844748596130233,0.5844748596130233,optimal,True,Payment-Certified N-1 Verifier,106376.46754935435,106399.78245951189,23.314910157539998,0.0,4,12,54eb7508ae775258cb6d1af90819916cfd12c618fccf42c0a76d7ef4a496382c
74,q99,2.6930887095833507,2.6930887095833507,optimal,True,Selected Single Feasible Projection,106990.70980022571,106990.70980022571,0.0,0.0,4,12,54eb7508ae775258cb6d1af90819916cfd12c618fccf42c0a76d7ef4a496382c
74,q99,2.6930887095833507,2.6930887095833507,optimal,True,Payment-Certified N-1 Verifier,106887.616736856,106990.70980022571,103.09306336971349,0.0,4,12,54eb7508ae775258cb6d1af90819916cfd12c618fccf42c0a76d7ef4a496382c
75,q01,0.5844748596130233,0.5844748596130233,optimal,True,Selected Single Feasible Projection,106585.65232960264,106585.65232960264,0.0,0.0,4,12,54eb7508ae775258cb6d1af90819916cfd12c618fccf42c0a76d7ef4a496382c
75,q01,0.5844748596130233,0.5844748596130233,optimal,True,Payment-Certified N-1 Verifier,106526.10489295948,106585.65232960264,59.54743664315902,0.0,4,12,54eb7508ae775258cb6d1af90819916cfd12c618fccf42c0a76d7ef4a496382c
75,q99,2.6930887095833507,2.6930887095833507,optimal,True,Selected Single Feasible Projection,107850.2266031806,107850.2266031806,0.0,0.0,4,12,54eb7508ae775258cb6d1af90819916cfd12c618fccf42c0a76d7ef4a496382c
75,q99,2.6930887095833507,2.6930887095833507,optimal,True,Payment-Certified N-1 Verifier,107584.69881255011,107850.2266031806,265.5277906304982,0.0,4,12,54eb7508ae775258cb6d1af90819916cfd12c618fccf42c0a76d7ef4a496382c
76,q01,0.5844748596130233,0.5844748596130233,optimal,True,Selected Single Feasible Projection,106415.28642551451,106415.28642551451,0.0,0.0,4,12,54eb7508ae775258cb6d1af90819916cfd12c618fccf42c0a76d7ef4a496382c
76,q01,0.5844748596130233,0.5844748596130233,optimal,True,Payment-Certified N-1 Verifier,106415.28642551294,106415.28642551451,1.57160684466362e-09,0.0,4,12,54eb7508ae775258cb6d1af90819916cfd12c618fccf42c0a76d7ef4a496382c
76,q99,2.6930887095833507,2.6930887095833507,optimal,True,Selected Single Feasible Projection,107062.17646585105,107062.17646585105,0.0,0.0,4,12,54eb7508ae775258cb6d1af90819916cfd12c618fccf42c0a76d7ef4a496382c
76,q99,2.6930887095833507,2.6930887095833507,optimal,True,Payment-Certified N-1 Verifier,107062.17646584116,107062.17646585105,9.89530235528946e-09,0.0,4,12,54eb7508ae775258cb6d1af90819916cfd12c618fccf42c0a76d7ef4a496382c
77,q01,0.5844748596130233,0.5844748596130233,optimal,True,Selected Single Feasible Projection,106255.11266068519,106255.11266068519,0.0,0.0,4,12,54eb7508ae775258cb6d1af90819916cfd12c618fccf42c0a76d7ef4a496382c
77,q01,0.5844748596130233,0.5844748596130233,optimal,True,Payment-Certified N-1 Verifier,106255.11266068519,106255.11266068519,0.0,0.0,4,12,54eb7508ae775258cb6d1af90819916cfd12c618fccf42c0a76d7ef4a496382c
77,q99,2.6930887095833507,2.6930887095833507,optimal,True,Selected Single Feasible Projection,106322.83927820432,106322.83927820432,0.0,0.0,4,12,54eb7508ae775258cb6d1af90819916cfd12c618fccf42c0a76d7ef4a496382c
77,q99,2.6930887095833507,2.6930887095833507,optimal,True,Payment-Certified N-1 Verifier,106322.83927820432,106322.83927820432,0.0,0.0,4,12,54eb7508ae775258cb6d1af90819916cfd12c618fccf42c0a76d7ef4a496382c
78,q01,0.5844748596130233,0.5844748596130233,optimal,True,Selected Single Feasible Projection,106312.17816899554,106312.17816899554,0.0,0.0,4,12,54eb7508ae775258cb6d1af90819916cfd12c618fccf42c0a76d7ef4a496382c
78,q01,0.5844748596130233,0.5844748596130233,optimal,True,Payment-Certified N-1 Verifier,106309.96815881117,106312.17816899554,2.2100101843680022,0.0,4,12,54eb7508ae775258cb6d1af90819916cfd12c618fccf42c0a76d7ef4a496382c
78,q99,2.6930887095833507,2.6930887095833507,optimal,True,Selected Single Feasible Projection,106586.64874310223,106586.64874310223,0.0,0.0,4,12,54eb7508ae775258cb6d1af90819916cfd12c618fccf42c0a76d7ef4a496382c
78,q99,2.6930887095833507,2.6930887095833507,optimal,True,Payment-Certified N-1 Verifier,106576.75283083013,106586.64874310223,9.89591227209894,0.0,4,12,54eb7508ae775258cb6d1af90819916cfd12c618fccf42c0a76d7ef4a496382c
79,q01,0.5844748596130233,0.5844748596130233,optimal,True,Selected Single Feasible Projection,106589.83033343681,106589.83033343681,0.0,0.0,4,12,54eb7508ae775258cb6d1af90819916cfd12c618fccf42c0a76d7ef4a496382c
79,q01,0.5844748596130233,0.5844748596130233,optimal,True,Payment-Certified N-1 Verifier,106569.3683687011,106589.83033343681,20.461964735703077,0.0,4,12,54eb7508ae775258cb6d1af90819916cfd12c618fccf42c0a76d7ef4a496382c
79,q99,2.6930887095833507,2.6930887095833507,optimal,True,Selected Single Feasible Projection,107900.38491018965,107900.38491018965,0.0,0.0,4,12,54eb7508ae775258cb6d1af90819916cfd12c618fccf42c0a76d7ef4a496382c
79,q99,2.6930887095833507,2.6930887095833507,optimal,True,Payment-Certified N-1 Verifier,107807.50594085401,107900.38491018965,92.87896933563752,0.0,4,12,54eb7508ae775258cb6d1af90819916cfd12c618fccf42c0a76d7ef4a496382c
80,q01,0.5844748596130233,0.5844748596130233,optimal,True,Selected Single Feasible Projection,106440.70935492346,106440.70935492346,0.0,0.0,4,12,54eb7508ae775258cb6d1af90819916cfd12c618fccf42c0a76d7ef4a496382c
80,q01,0.5844748596130233,0.5844748596130233,optimal,True,Payment-Certified N-1 Verifier,106418.20299382968,106440.70935492346,22.50636109377956,0.0,4,12,54eb7508ae775258cb6d1af90819916cfd12c618fccf42c0a76d7ef4a496382c
80,q99,2.6930887095833507,2.6930887095833507,optimal,True,Selected Single Feasible Projection,107179.57022728329,107179.57022728329,0.0,0.0,4,12,54eb7508ae775258cb6d1af90819916cfd12c618fccf42c0a76d7ef4a496382c
80,q99,2.6930887095833507,2.6930887095833507,optimal,True,Payment-Certified N-1 Verifier,107082.02870489028,107179.57022728329,97.5415223930031,0.0,4,12,54eb7508ae775258cb6d1af90819916cfd12c618fccf42c0a76d7ef4a496382c
81,q01,0.5844748596130233,0.5844748596130233,optimal,True,Selected Single Feasible Projection,106756.89736966797,106756.89736966797,0.0,0.0,4,12,54eb7508ae775258cb6d1af90819916cfd12c618fccf42c0a76d7ef4a496382c
81,q01,0.5844748596130233,0.5844748596130233,optimal,True,Payment-Certified N-1 Verifier,106639.11143618965,106756.89736966797,117.78593347832793,0.0,4,12,54eb7508ae775258cb6d1af90819916cfd12c618fccf42c0a76d7ef4a496382c
81,q99,2.6930887095833507,2.6930887095833507,optimal,True,Selected Single Feasible Projection,108661.78365599383,108661.78365599383,0.0,0.0,4,12,54eb7508ae775258cb6d1af90819916cfd12c618fccf42c0a76d7ef4a496382c
81,q99,2.6930887095833507,2.6930887095833507,optimal,True,Payment-Certified N-1 Verifier,108121.42735294058,108661.78365599383,540.3563030532532,0.0,4,12,54eb7508ae775258cb6d1af90819916cfd12c618fccf42c0a76d7ef4a496382c
82,q01,0.5844748596130233,0.5844748596130233,optimal,True,Selected Single Feasible Projection,106435.78507393065,106435.78507393065,0.0,0.0,4,12,54eb7508ae775258cb6d1af90819916cfd12c618fccf42c0a76d7ef4a496382c
82,q01,0.5844748596130233,0.5844748596130233,optimal,True,Payment-Certified N-1 Verifier,106434.81305506294,106435.78507393065,0.9720188677019905,0.0,4,12,54eb7508ae775258cb6d1af90819916cfd12c618fccf42c0a76d7ef4a496382c
82,q99,2.6930887095833507,2.6930887095833507,optimal,True,Selected Single Feasible Projection,107157.37375555457,107157.37375555457,0.0,0.0,4,12,54eb7508ae775258cb6d1af90819916cfd12c618fccf42c0a76d7ef4a496382c
82,q99,2.6930887095833507,2.6930887095833507,optimal,True,Payment-Certified N-1 Verifier,107157.33875679088,107157.37375555457,0.03499876368732657,0.0,4,12,54eb7508ae775258cb6d1af90819916cfd12c618fccf42c0a76d7ef4a496382c
83,q01,0.5844748596130233,0.5844748596130233,optimal,True,Selected Single Feasible Projection,106283.23965746042,106283.23965746042,0.0,0.0,4,12,54eb7508ae775258cb6d1af90819916cfd12c618fccf42c0a76d7ef4a496382c
83,q01,0.5844748596130233,0.5844748596130233,optimal,True,Payment-Certified N-1 Verifier,106283.23965746042,106283.23965746042,0.0,0.0,4,12,54eb7508ae775258cb6d1af90819916cfd12c618fccf42c0a76d7ef4a496382c
83,q99,2.6930887095833507,2.6930887095833507,optimal,True,Selected Single Feasible Projection,106452.89641254007,106452.89641254007,0.0,0.0,4,12,54eb7508ae775258cb6d1af90819916cfd12c618fccf42c0a76d7ef4a496382c
83,q99,2.6930887095833507,2.6930887095833507,optimal,True,Payment-Certified N-1 Verifier,106452.89641254007,106452.89641254007,0.0,0.0,4,12,54eb7508ae775258cb6d1af90819916cfd12c618fccf42c0a76d7ef4a496382c
84,q01,0.5844748596130233,0.5844748596130233,optimal,True,Selected Single Feasible Projection,106271.71434819634,106271.71434819634,0.0,0.0,4,12,54eb7508ae775258cb6d1af90819916cfd12c618fccf42c0a76d7ef4a496382c
84,q01,0.5844748596130233,0.5844748596130233,optimal,True,Payment-Certified N-1 Verifier,106271.71434810938,106271.71434819634,8.69622454047203e-08,0.0,4,12,54eb7508ae775258cb6d1af90819916cfd12c618fccf42c0a76d7ef4a496382c
84,q99,2.6930887095833507,2.6930887095833507,optimal,True,Selected Single Feasible Projection,106399.96070445515,106399.96070445515,0.0,0.0,4,12,54eb7508ae775258cb6d1af90819916cfd12c618fccf42c0a76d7ef4a496382c
84,q99,2.6930887095833507,2.6930887095833507,optimal,True,Payment-Certified N-1 Verifier,106399.9607040531,106399.96070445515,4.0205486584454775e-07,0.0,4,12,54eb7508ae775258cb6d1af90819916cfd12c618fccf42c0a76d7ef4a496382c
85,q01,0.5844748596130233,0.5844748596130233,optimal,True,Selected Single Feasible Projection,106480.19980845472,106480.19980845472,0.0,0.0,4,12,54eb7508ae775258cb6d1af90819916cfd12c618fccf42c0a76d7ef4a496382c
85,q01,0.5844748596130233,0.5844748596130233,optimal,True,Payment-Certified N-1 Verifier,106442.5272049112,106480.19980845472,37.67260354352766,0.0,4,12,54eb7508ae775258cb6d1af90819916cfd12c618fccf42c0a76d7ef4a496382c
85,q99,2.6930887095833507,2.6930887095833507,optimal,True,Selected Single Feasible Projection,107362.23544931806,107362.23544931806,0.0,0.0,4,12,54eb7508ae775258cb6d1af90819916cfd12c618fccf42c0a76d7ef4a496382c
85,q99,2.6930887095833507,2.6930887095833507,optimal,True,Payment-Certified N-1 Verifier,107195.00622497812,107362.23544931806,167.22922433994245,0.0,4,12,54eb7508ae775258cb6d1af90819916cfd12c618fccf42c0a76d7ef4a496382c
86,q01,0.5844748596130233,0.5844748596130233,optimal,True,Selected Single Feasible Projection,106416.37671285211,106416.37671285211,0.0,0.0,4,12,54eb7508ae775258cb6d1af90819916cfd12c618fccf42c0a76d7ef4a496382c
86,q01,0.5844748596130233,0.5844748596130233,optimal,True,Payment-Certified N-1 Verifier,106390.90490865998,106416.37671285211,25.47180419212964,0.0,4,12,54eb7508ae775258cb6d1af90819916cfd12c618fccf42c0a76d7ef4a496382c
86,q99,2.6930887095833507,2.6930887095833507,optimal,True,Selected Single Feasible Projection,107066.93524955086,107066.93524955086,0.0,0.0,4,12,54eb7508ae775258cb6d1af90819916cfd12c618fccf42c0a76d7ef4a496382c
86,q99,2.6930887095833507,2.6930887095833507,optimal,True,Payment-Certified N-1 Verifier,106954.82620547507,107066.93524955086,112.10904407579801,0.0,4,12,54eb7508ae775258cb6d1af90819916cfd12c618fccf42c0a76d7ef4a496382c
87,q01,0.5844748596130233,0.5844748596130233,optimal,True,Selected Single Feasible Projection,106568.36306235378,106568.36306235378,0.0,0.0,4,12,54eb7508ae775258cb6d1af90819916cfd12c618fccf42c0a76d7ef4a496382c
87,q01,0.5844748596130233,0.5844748596130233,optimal,True,Payment-Certified N-1 Verifier,106552.60201392302,106568.36306235378,15.761048430751543,0.0,4,12,54eb7508ae775258cb6d1af90819916cfd12c618fccf42c0a76d7ef4a496382c
87,q99,2.6930887095833507,2.6930887095833507,optimal,True,Selected Single Feasible Projection,107769.74441784275,107769.74441784275,0.0,0.0,4,12,54eb7508ae775258cb6d1af90819916cfd12c618fccf42c0a76d7ef4a496382c
87,q99,2.6930887095833507,2.6930887095833507,optimal,True,Payment-Certified N-1 Verifier,107711.80032969803,107769.74441784275,57.94408814472263,0.0,4,12,54eb7508ae775258cb6d1af90819916cfd12c618fccf42c0a76d7ef4a496382c
88,q01,0.5844748596130233,0.5844748596130233,optimal,True,Selected Single Feasible Projection,106423.58827723702,106423.58827723702,0.0,0.0,4,12,54eb7508ae775258cb6d1af90819916cfd12c618fccf42c0a76d7ef4a496382c
88,q01,0.5844748596130233,0.5844748596130233,optimal,True,Payment-Certified N-1 Verifier,106411.9963373298,106423.58827723702,11.591939907229971,0.0,4,12,54eb7508ae775258cb6d1af90819916cfd12c618fccf42c0a76d7ef4a496382c
88,q99,2.6930887095833507,2.6930887095833507,optimal,True,Selected Single Feasible Projection,107100.25806561111,107100.25806561111,0.0,0.0,4,12,54eb7508ae775258cb6d1af90819916cfd12c618fccf42c0a76d7ef4a496382c
88,q99,2.6930887095833507,2.6930887095833507,optimal,True,Payment-Certified N-1 Verifier,107050.11242433003,107100.25806561111,50.145641281080316,0.0,4,12,54eb7508ae775258cb6d1af90819916cfd12c618fccf42c0a76d7ef4a496382c
89,q01,0.5844748596130233,0.5844748596130233,optimal,True,Selected Single Feasible Projection,106314.04324645264,106314.04324645264,0.0,0.0,4,12,54eb7508ae775258cb6d1af90819916cfd12c618fccf42c0a76d7ef4a496382c
89,q01,0.5844748596130233,0.5844748596130233,optimal,True,Payment-Certified N-1 Verifier,106314.00982270959,106314.04324645264,0.03342374305066187,0.0,4,12,54eb7508ae775258cb6d1af90819916cfd12c618fccf42c0a76d7ef4a496382c
89,q99,2.6930887095833507,2.6930887095833507,optimal,True,Selected Single Feasible Projection,106594.84154901825,106594.84154901825,0.0,0.0,4,12,54eb7508ae775258cb6d1af90819916cfd12c618fccf42c0a76d7ef4a496382c
89,q99,2.6930887095833507,2.6930887095833507,optimal,True,Payment-Certified N-1 Verifier,106594.84154902118,106594.84154901825,-2.9249349609017372e-09,2.9249349609017372e-09,4,12,54eb7508ae775258cb6d1af90819916cfd12c618fccf42c0a76d7ef4a496382c
90,q01,0.5844748596130233,0.5844748596130233,optimal,True,Selected Single Feasible Projection,106272.27776867567,106272.27776867567,0.0,0.0,4,12,54eb7508ae775258cb6d1af90819916cfd12c618fccf42c0a76d7ef4a496382c
90,q01,0.5844748596130233,0.5844748596130233,optimal,True,Payment-Certified N-1 Verifier,106272.27776867567,106272.27776867567,0.0,0.0,4,12,54eb7508ae775258cb6d1af90819916cfd12c618fccf42c0a76d7ef4a496382c
90,q99,2.6930887095833507,2.6930887095833507,optimal,True,Selected Single Feasible Projection,106402.39934941739,106402.39934941739,0.0,0.0,4,12,54eb7508ae775258cb6d1af90819916cfd12c618fccf42c0a76d7ef4a496382c
90,q99,2.6930887095833507,2.6930887095833507,optimal,True,Payment-Certified N-1 Verifier,106402.39934941739,106402.39934941739,0.0,0.0,4,12,54eb7508ae775258cb6d1af90819916cfd12c618fccf42c0a76d7ef4a496382c
91,q01,0.5844748596130233,0.5844748596130233,optimal,True,Selected Single Feasible Projection,106492.68081430768,106492.68081430768,0.0,0.0,4,12,54eb7508ae775258cb6d1af90819916cfd12c618fccf42c0a76d7ef4a496382c
91,q01,0.5844748596130233,0.5844748596130233,optimal,True,Payment-Certified N-1 Verifier,106469.51791224082,106492.68081430768,23.162902066862443,0.0,4,12,54eb7508ae775258cb6d1af90819916cfd12c618fccf42c0a76d7ef4a496382c
91,q99,2.6930887095833507,2.6930887095833507,optimal,True,Selected Single Feasible Projection,107428.47100459739,107428.47100459739,0.0,0.0,4,12,54eb7508ae775258cb6d1af90819916cfd12c618fccf42c0a76d7ef4a496382c
91,q99,2.6930887095833507,2.6930887095833507,optimal,True,Payment-Certified N-1 Verifier,107321.90268009527,107428.47100459739,106.56832450212096,0.0,4,12,54eb7508ae775258cb6d1af90819916cfd12c618fccf42c0a76d7ef4a496382c
92,q01,0.5844748596130233,0.5844748596130233,optimal,True,Selected Single Feasible Projection,106272.35569166126,106272.35569166126,0.0,0.0,4,12,54eb7508ae775258cb6d1af90819916cfd12c618fccf42c0a76d7ef4a496382c
92,q01,0.5844748596130233,0.5844748596130233,optimal,True,Payment-Certified N-1 Verifier,106272.31423838277,106272.35569166126,0.04145327849255409,0.0,4,12,54eb7508ae775258cb6d1af90819916cfd12c618fccf42c0a76d7ef4a496382c
92,q99,2.6930887095833507,2.6930887095833507,optimal,True,Selected Single Feasible Projection,106402.42041054889,106402.42041054889,0.0,0.0,4,12,54eb7508ae775258cb6d1af90819916cfd12c618fccf42c0a76d7ef4a496382c
92,q99,2.6930887095833507,2.6930887095833507,optimal,True,Payment-Certified N-1 Verifier,106402.41511449011,106402.42041054889,0.005296058778185397,0.0,4,12,54eb7508ae775258cb6d1af90819916cfd12c618fccf42c0a76d7ef4a496382c
93,q01,0.5844748596130233,0.5844748596130233,optimal,True,Selected Single Feasible Projection,106262.05121955357,106262.05121955357,0.0,0.0,4,12,54eb7508ae775258cb6d1af90819916cfd12c618fccf42c0a76d7ef4a496382c
93,q01,0.5844748596130233,0.5844748596130233,optimal,True,Payment-Certified N-1 Verifier,106262.01479542468,106262.05121955357,0.03642412889166735,0.0,4,12,54eb7508ae775258cb6d1af90819916cfd12c618fccf42c0a76d7ef4a496382c
93,q99,2.6930887095833507,2.6930887095833507,optimal,True,Selected Single Feasible Projection,106354.77818186414,106354.77818186414,0.0,0.0,4,12,54eb7508ae775258cb6d1af90819916cfd12c618fccf42c0a76d7ef4a496382c
93,q99,2.6930887095833507,2.6930887095833507,optimal,True,Payment-Certified N-1 Verifier,106354.76249159197,106354.77818186414,0.015690272164647467,0.0,4,12,54eb7508ae775258cb6d1af90819916cfd12c618fccf42c0a76d7ef4a496382c
94,q01,0.5844748596130233,0.5844748596130233,optimal,True,Selected Single Feasible Projection,106240.26250512956,106240.26250512956,0.0,0.0,4,12,54eb7508ae775258cb6d1af90819916cfd12c618fccf42c0a76d7ef4a496382c
94,q01,0.5844748596130233,0.5844748596130233,optimal,True,Payment-Certified N-1 Verifier,106240.26250498393,106240.26250512956,1.4563556760549545e-07,0.0,4,12,54eb7508ae775258cb6d1af90819916cfd12c618fccf42c0a76d7ef4a496382c
94,q99,2.6930887095833507,2.6930887095833507,optimal,True,Selected Single Feasible Projection,106254.0301014504,106254.0301014504,0.0,0.0,4,12,54eb7508ae775258cb6d1af90819916cfd12c618fccf42c0a76d7ef4a496382c
94,q99,2.6930887095833507,2.6930887095833507,optimal,True,Payment-Certified N-1 Verifier,106254.03010077929,106254.0301014504,6.711052265018225e-07,0.0,4,12,54eb7508ae775258cb6d1af90819916cfd12c618fccf42c0a76d7ef4a496382c
95,q01,0.5844748596130233,0.5844748596130233,optimal,True,Selected Single Feasible Projection,106297.48525341981,106297.48525341981,0.0,0.0,4,12,54eb7508ae775258cb6d1af90819916cfd12c618fccf42c0a76d7ef4a496382c
95,q01,0.5844748596130233,0.5844748596130233,optimal,True,Payment-Certified N-1 Verifier,106297.44324494383,106297.48525341981,0.04200847598258406,0.0,4,12,54eb7508ae775258cb6d1af90819916cfd12c618fccf42c0a76d7ef4a496382c
95,q99,2.6930887095833507,2.6930887095833507,optimal,True,Selected Single Feasible Projection,106518.73351165111,106518.73351165111,0.0,0.0,4,12,54eb7508ae775258cb6d1af90819916cfd12c618fccf42c0a76d7ef4a496382c
95,q99,2.6930887095833507,2.6930887095833507,optimal,True,Payment-Certified N-1 Verifier,106518.73342523436,106518.73351165111,8.641675231046975e-05,0.0,4,12,54eb7508ae775258cb6d1af90819916cfd12c618fccf42c0a76d7ef4a496382c
96,q01,0.5844748596130233,0.5844748596130233,optimal,True,Selected Single Feasible Projection,106247.27782359681,106247.27782359681,0.0,0.0,4,12,54eb7508ae775258cb6d1af90819916cfd12c618fccf42c0a76d7ef4a496382c
96,q01,0.5844748596130233,0.5844748596130233,optimal,True,Payment-Certified N-1 Verifier,106247.27782359681,106247.27782359681,0.0,0.0,4,12,54eb7508ae775258cb6d1af90819916cfd12c618fccf42c0a76d7ef4a496382c
96,q99,2.6930887095833507,2.6930887095833507,optimal,True,Selected Single Feasible Projection,106286.59790833217,106286.59790833217,0.0,0.0,4,12,54eb7508ae775258cb6d1af90819916cfd12c618fccf42c0a76d7ef4a496382c
96,q99,2.6930887095833507,2.6930887095833507,optimal,True,Payment-Certified N-1 Verifier,106286.59790833217,106286.59790833217,0.0,0.0,4,12,54eb7508ae775258cb6d1af90819916cfd12c618fccf42c0a76d7ef4a496382c
97,q01,0.5844748596130233,0.5844748596130233,optimal,True,Selected Single Feasible Projection,106244.38148088282,106244.38148088282,0.0,0.0,4,12,54eb7508ae775258cb6d1af90819916cfd12c618fccf42c0a76d7ef4a496382c
97,q01,0.5844748596130233,0.5844748596130233,optimal,True,Payment-Certified N-1 Verifier,106244.38148088282,106244.38148088282,0.0,0.0,4,12,54eb7508ae775258cb6d1af90819916cfd12c618fccf42c0a76d7ef4a496382c
97,q99,2.6930887095833507,2.6930887095833507,optimal,True,Selected Single Feasible Projection,106273.16802855438,106273.16802855438,0.0,0.0,4,12,54eb7508ae775258cb6d1af90819916cfd12c618fccf42c0a76d7ef4a496382c
97,q99,2.6930887095833507,2.6930887095833507,optimal,True,Payment-Certified N-1 Verifier,106273.16802855438,106273.16802855438,0.0,0.0,4,12,54eb7508ae775258cb6d1af90819916cfd12c618fccf42c0a76d7ef4a496382c
98,q01,0.5844748596130233,0.5844748596130233,optimal,True,Selected Single Feasible Projection,106245.4561738111,106245.4561738111,0.0,0.0,4,12,54eb7508ae775258cb6d1af90819916cfd12c618fccf42c0a76d7ef4a496382c
98,q01,0.5844748596130233,0.5844748596130233,optimal,True,Payment-Certified N-1 Verifier,106245.4561738111,106245.4561738111,0.0,0.0,4,12,54eb7508ae775258cb6d1af90819916cfd12c618fccf42c0a76d7ef4a496382c
98,q99,2.6930887095833507,2.6930887095833507,optimal,True,Selected Single Feasible Projection,106277.99441745499,106277.99441745499,0.0,0.0,4,12,54eb7508ae775258cb6d1af90819916cfd12c618fccf42c0a76d7ef4a496382c
98,q99,2.6930887095833507,2.6930887095833507,optimal,True,Payment-Certified N-1 Verifier,106277.99441745499,106277.99441745499,0.0,0.0,4,12,54eb7508ae775258cb6d1af90819916cfd12c618fccf42c0a76d7ef4a496382c
99,q01,0.5844748596130233,0.5844748596130233,optimal,True,Selected Single Feasible Projection,106242.65350463089,106242.65350463089,0.0,0.0,4,12,54eb7508ae775258cb6d1af90819916cfd12c618fccf42c0a76d7ef4a496382c
99,q01,0.5844748596130233,0.5844748596130233,optimal,True,Payment-Certified N-1 Verifier,106242.65350463089,106242.65350463089,0.0,0.0,4,12,54eb7508ae775258cb6d1af90819916cfd12c618fccf42c0a76d7ef4a496382c
99,q99,2.6930887095833507,2.6930887095833507,optimal,True,Selected Single Feasible Projection,106265.05689907697,106265.05689907697,0.0,0.0,4,12,54eb7508ae775258cb6d1af90819916cfd12c618fccf42c0a76d7ef4a496382c
99,q99,2.6930887095833507,2.6930887095833507,optimal,True,Payment-Certified N-1 Verifier,106265.05689907697,106265.05689907697,0.0,0.0,4,12,54eb7508ae775258cb6d1af90819916cfd12c618fccf42c0a76d7ef4a496382c
100,q01,0.5844748596130233,0.5844748596130233,optimal,True,Selected Single Feasible Projection,106241.51309241288,106241.51309241288,0.0,0.0,4,12,54eb7508ae775258cb6d1af90819916cfd12c618fccf42c0a76d7ef4a496382c
100,q01,0.5844748596130233,0.5844748596130233,optimal,True,Payment-Certified N-1 Verifier,106241.51309241288,106241.51309241288,0.0,0.0,4,12,54eb7508ae775258cb6d1af90819916cfd12c618fccf42c0a76d7ef4a496382c
100,q99,2.6930887095833507,2.6930887095833507,optimal,True,Selected Single Feasible Projection,106259.79244081822,106259.79244081822,0.0,0.0,4,12,54eb7508ae775258cb6d1af90819916cfd12c618fccf42c0a76d7ef4a496382c
100,q99,2.6930887095833507,2.6930887095833507,optimal,True,Payment-Certified N-1 Verifier,106259.79244081822,106259.79244081822,0.0,0.0,4,12,54eb7508ae775258cb6d1af90819916cfd12c618fccf42c0a76d7ef4a496382c
101,q01,0.5844748596130233,0.5844748596130233,optimal,True,Selected Single Feasible Projection,106419.30307257621,106419.30307257621,0.0,0.0,4,12,54eb7508ae775258cb6d1af90819916cfd12c618fccf42c0a76d7ef4a496382c
101,q01,0.5844748596130233,0.5844748596130233,optimal,True,Payment-Certified N-1 Verifier,106393.80604990924,106419.30307257621,25.497022666968405,0.0,4,12,54eb7508ae775258cb6d1af90819916cfd12c618fccf42c0a76d7ef4a496382c
101,q99,2.6930887095833507,2.6930887095833507,optimal,True,Selected Single Feasible Projection,107081.40034073542,107081.40034073542,0.0,0.0,4,12,54eb7508ae775258cb6d1af90819916cfd12c618fccf42c0a76d7ef4a496382c
101,q99,2.6930887095833507,2.6930887095833507,optimal,True,Payment-Certified N-1 Verifier,106968.46466478231,107081.40034073542,112.93567595310742,0.0,4,12,54eb7508ae775258cb6d1af90819916cfd12c618fccf42c0a76d7ef4a496382c
102,q01,0.5844748596130233,0.5844748596130233,optimal,True,Selected Single Feasible Projection,106313.42509736434,106313.42509736434,0.0,0.0,4,12,54eb7508ae775258cb6d1af90819916cfd12c618fccf42c0a76d7ef4a496382c
102,q01,0.5844748596130233,0.5844748596130233,optimal,True,Payment-Certified N-1 Verifier,106305.15271797749,106313.42509736434,8.272379386849934,0.0,4,12,54eb7508ae775258cb6d1af90819916cfd12c618fccf42c0a76d7ef4a496382c
102,q99,2.6930887095833507,2.6930887095833507,optimal,True,Selected Single Feasible Projection,106591.83520354767,106591.83520354767,0.0,0.0,4,12,54eb7508ae775258cb6d1af90819916cfd12c618fccf42c0a76d7ef4a496382c
102,q99,2.6930887095833507,2.6930887095833507,optimal,True,Payment-Certified N-1 Verifier,106553.81492940242,106591.83520354767,38.02027414525219,0.0,4,12,54eb7508ae775258cb6d1af90819916cfd12c618fccf42c0a76d7ef4a496382c
103,q01,0.5844748596130233,0.5844748596130233,optimal,True,Selected Single Feasible Projection,106290.11220239592,106290.11220239592,0.0,0.0,4,12,54eb7508ae775258cb6d1af90819916cfd12c618fccf42c0a76d7ef4a496382c
103,q01,0.5844748596130233,0.5844748596130233,optimal,True,Payment-Certified N-1 Verifier,106288.2434550576,106290.11220239592,1.8687473383179167,0.0,4,12,54eb7508ae775258cb6d1af90819916cfd12c618fccf42c0a76d7ef4a496382c
103,q99,2.6930887095833507,2.6930887095833507,optimal,True,Selected Single Feasible Projection,106484.46256540646,106484.46256540646,0.0,0.0,4,12,54eb7508ae775258cb6d1af90819916cfd12c618fccf42c0a76d7ef4a496382c
103,q99,2.6930887095833507,2.6930887095833507,optimal,True,Payment-Certified N-1 Verifier,106476.02535465593,106484.46256540646,8.437210750533268,0.0,4,12,54eb7508ae775258cb6d1af90819916cfd12c618fccf42c0a76d7ef4a496382c
104,q01,0.5844748596130233,0.5844748596130233,optimal,True,Selected Single Feasible Projection,106236.87480440701,106236.87480440701,0.0,0.0,4,12,54eb7508ae775258cb6d1af90819916cfd12c618fccf42c0a76d7ef4a496382c
104,q01,0.5844748596130233,0.5844748596130233,optimal,True,Payment-Certified N-1 Verifier,106236.87480440701,106236.87480440701,0.0,0.0,4,12,54eb7508ae775258cb6d1af90819916cfd12c618fccf42c0a76d7ef4a496382c
104,q99,2.6930887095833507,2.6930887095833507,optimal,True,Selected Single Feasible Projection,106238.4205702322,106238.4205702322,0.0,0.0,4,12,54eb7508ae775258cb6d1af90819916cfd12c618fccf42c0a76d7ef4a496382c
104,q99,2.6930887095833507,2.6930887095833507,optimal,True,Payment-Certified N-1 Verifier,106238.4205702322,106238.4205702322,0.0,0.0,4,12,54eb7508ae775258cb6d1af90819916cfd12c618fccf42c0a76d7ef4a496382c
105,q01,0.5844748596130233,0.5844748596130233,optimal,True,Selected Single Feasible Projection,106254.5951135563,106254.5951135563,0.0,0.0,4,12,54eb7508ae775258cb6d1af90819916cfd12c618fccf42c0a76d7ef4a496382c
105,q01,0.5844748596130233,0.5844748596130233,optimal,True,Payment-Certified N-1 Verifier,106254.52409897497,106254.5951135563,0.07101458132092375,0.0,4,12,54eb7508ae775258cb6d1af90819916cfd12c618fccf42c0a76d7ef4a496382c
105,q99,2.6930887095833507,2.6930887095833507,optimal,True,Selected Single Feasible Projection,106320.26012954416,106320.26012954416,0.0,0.0,4,12,54eb7508ae775258cb6d1af90819916cfd12c618fccf42c0a76d7ef4a496382c
105,q99,2.6930887095833507,2.6930887095833507,optimal,True,Payment-Certified N-1 Verifier,106320.26012951878,106320.26012954416,2.537854015827179e-08,0.0,4,12,54eb7508ae775258cb6d1af90819916cfd12c618fccf42c0a76d7ef4a496382c
106,q01,0.5844748596130233,0.5844748596130233,optimal,True,Selected Single Feasible Projection,106239.56997843835,106239.56997843835,0.0,0.0,4,12,54eb7508ae775258cb6d1af90819916cfd12c618fccf42c0a76d7ef4a496382c
106,q01,0.5844748596130233,0.5844748596130233,optimal,True,Payment-Certified N-1 Verifier,106239.56997830415,106239.56997843835,1.341977622359991e-07,0.0,4,12,54eb7508ae775258cb6d1af90819916cfd12c618fccf42c0a76d7ef4a496382c
106,q99,2.6930887095833507,2.6930887095833507,optimal,True,Selected Single Feasible Projection,106251.0695735995,106251.0695735995,0.0,0.0,4,12,54eb7508ae775258cb6d1af90819916cfd12c618fccf42c0a76d7ef4a496382c
106,q99,2.6930887095833507,2.6930887095833507,optimal,True,Payment-Certified N-1 Verifier,106251.04262032083,106251.0695735995,0.026953278662404045,0.0,4,12,54eb7508ae775258cb6d1af90819916cfd12c618fccf42c0a76d7ef4a496382c
107,q01,0.5844748596130233,0.5844748596130233,optimal,True,Selected Single Feasible Projection,106263.56533600164,106263.56533600164,0.0,0.0,4,12,54eb7508ae775258cb6d1af90819916cfd12c618fccf42c0a76d7ef4a496382c
107,q01,0.5844748596130233,0.5844748596130233,optimal,True,Payment-Certified N-1 Verifier,106263.50939003467,106263.56533600164,0.05594596697483212,0.0,4,12,54eb7508ae775258cb6d1af90819916cfd12c618fccf42c0a76d7ef4a496382c
107,q99,2.6930887095833507,2.6930887095833507,optimal,True,Selected Single Feasible Projection,106361.79879172736,106361.79879172736,0.0,0.0,4,12,54eb7508ae775258cb6d1af90819916cfd12c618fccf42c0a76d7ef4a496382c
107,q99,2.6930887095833507,2.6930887095833507,optimal,True,Payment-Certified N-1 Verifier,106361.71628234067,106361.79879172736,0.08250938668788876,0.0,4,12,54eb7508ae775258cb6d1af90819916cfd12c618fccf42c0a76d7ef4a496382c
108,q01,0.5844748596130233,0.5844748596130233,optimal,True,Selected Single Feasible Projection,106245.73749092975,106245.73749092975,0.0,0.0,4,12,54eb7508ae775258cb6d1af90819916cfd12c618fccf42c0a76d7ef4a496382c
108,q01,0.5844748596130233,0.5844748596130233,optimal,True,Payment-Certified N-1 Verifier,106245.73749060945,106245.73749092975,3.203022060915828e-07,0.0,4,12,54eb7508ae775258cb6d1af90819916cfd12c618fccf42c0a76d7ef4a496382c
108,q99,2.6930887095833507,2.6930887095833507,optimal,True,Selected Single Feasible Projection,106279.2572300446,106279.2572300446,0.0,0.0,4,12,54eb7508ae775258cb6d1af90819916cfd12c618fccf42c0a76d7ef4a496382c
108,q99,2.6930887095833507,2.6930887095833507,optimal,True,Payment-Certified N-1 Verifier,106279.25722856875,106279.2572300446,1.4758552424609661e-06,0.0,4,12,54eb7508ae775258cb6d1af90819916cfd12c618fccf42c0a76d7ef4a496382c
109,q01,0.5844748596130233,0.5844748596130233,optimal,True,Selected Single Feasible Projection,106314.30987228287,106314.30987228287,0.0,0.0,4,12,54eb7508ae775258cb6d1af90819916cfd12c618fccf42c0a76d7ef4a496382c
109,q01,0.5844748596130233,0.5844748596130233,optimal,True,Payment-Certified N-1 Verifier,106296.62040081911,106314.30987228287,17.68947146376013,0.0,4,12,54eb7508ae775258cb6d1af90819916cfd12c618fccf42c0a76d7ef4a496382c
109,q99,2.6930887095833507,2.6930887095833507,optimal,True,Selected Single Feasible Projection,106596.31867679986,106596.31867679986,0.0,0.0,4,12,54eb7508ae775258cb6d1af90819916cfd12c618fccf42c0a76d7ef4a496382c
109,q99,2.6930887095833507,2.6930887095833507,optimal,True,Payment-Certified N-1 Verifier,106516.66170661454,106596.31867679986,79.656970185315,0.0,4,12,54eb7508ae775258cb6d1af90819916cfd12c618fccf42c0a76d7ef4a496382c
110,q01,0.5844748596130233,0.5844748596130233,optimal,True,Selected Single Feasible Projection,106251.36579894146,106251.36579894146,0.0,0.0,4,12,54eb7508ae775258cb6d1af90819916cfd12c618fccf42c0a76d7ef4a496382c
110,q01,0.5844748596130233,0.5844748596130233,optimal,True,Payment-Certified N-1 Verifier,106251.36579894146,106251.36579894146,0.0,0.0,4,12,54eb7508ae775258cb6d1af90819916cfd12c618fccf42c0a76d7ef4a496382c
110,q99,2.6930887095833507,2.6930887095833507,optimal,True,Selected Single Feasible Projection,106305.36592399309,106305.36592399309,0.0,0.0,4,12,54eb7508ae775258cb6d1af90819916cfd12c618fccf42c0a76d7ef4a496382c
110,q99,2.6930887095833507,2.6930887095833507,optimal,True,Payment-Certified N-1 Verifier,106305.36592399309,106305.36592399309,0.0,0.0,4,12,54eb7508ae775258cb6d1af90819916cfd12c618fccf42c0a76d7ef4a496382c
111,q01,0.5844748596130233,0.5844748596130233,optimal,True,Selected Single Feasible Projection,106262.87655729888,106262.87655729888,0.0,0.0,4,12,54eb7508ae775258cb6d1af90819916cfd12c618fccf42c0a76d7ef4a496382c
111,q01,0.5844748596130233,0.5844748596130233,optimal,True,Payment-Certified N-1 Verifier,106262.80331417179,106262.87655729888,0.07324312708806247,0.0,4,12,54eb7508ae775258cb6d1af90819916cfd12c618fccf42c0a76d7ef4a496382c
111,q99,2.6930887095833507,2.6930887095833507,optimal,True,Selected Single Feasible Projection,106358.69218601592,106358.69218601592,0.0,0.0,4,12,54eb7508ae775258cb6d1af90819916cfd12c618fccf42c0a76d7ef4a496382c
111,q99,2.6930887095833507,2.6930887095833507,optimal,True,Payment-Certified N-1 Verifier,106358.69218601592,106358.69218601592,0.0,0.0,4,12,54eb7508ae775258cb6d1af90819916cfd12c618fccf42c0a76d7ef4a496382c
112,q01,0.5844748596130233,0.5844748596130233,optimal,True,Selected Single Feasible Projection,106258.02341114946,106258.02341114946,0.0,0.0,4,12,54eb7508ae775258cb6d1af90819916cfd12c618fccf42c0a76d7ef4a496382c
112,q01,0.5844748596130233,0.5844748596130233,optimal,True,Payment-Certified N-1 Verifier,106258.0234109859,106258.02341114946,1.6356352716684341e-07,0.0,4,12,54eb7508ae775258cb6d1af90819916cfd12c618fccf42c0a76d7ef4a496382c
112,q99,2.6930887095833507,2.6930887095833507,optimal,True,Selected Single Feasible Projection,106336.15205880445,106336.15205880445,0.0,0.0,4,12,54eb7508ae775258cb6d1af90819916cfd12c618fccf42c0a76d7ef4a496382c
112,q99,2.6930887095833507,2.6930887095833507,optimal,True,Payment-Certified N-1 Verifier,106336.15205804708,106336.15205880445,7.573689799755812e-07,0.0,4,12,54eb7508ae775258cb6d1af90819916cfd12c618fccf42c0a76d7ef4a496382c
113,q01,0.5844748596130233,0.5844748596130233,optimal,True,Selected Single Feasible Projection,106293.91435844857,106293.91435844857,0.0,0.0,4,12,54eb7508ae775258cb6d1af90819916cfd12c618fccf42c0a76d7ef4a496382c
113,q01,0.5844748596130233,0.5844748596130233,optimal,True,Payment-Certified N-1 Verifier,106292.80417935817,106293.91435844857,1.1101790904067457,0.0,4,12,54eb7508ae775258cb6d1af90819916cfd12c618fccf42c0a76d7ef4a496382c
113,q99,2.6930887095833507,2.6930887095833507,optimal,True,Selected Single Feasible Projection,106502.29345844382,106502.29345844382,0.0,0.0,4,12,54eb7508ae775258cb6d1af90819916cfd12c618fccf42c0a76d7ef4a496382c
113,q99,2.6930887095833507,2.6930887095833507,optimal,True,Payment-Certified N-1 Verifier,106497.44389989397,106502.29345844382,4.849558549845824,0.0,4,12,54eb7508ae775258cb6d1af90819916cfd12c618fccf42c0a76d7ef4a496382c
114,q01,0.5844748596130233,0.5844748596130233,optimal,True,Selected Single Feasible Projection,106369.2676405281,106369.2676405281,0.0,0.0,4,12,54eb7508ae775258cb6d1af90819916cfd12c618fccf42c0a76d7ef4a496382c
114,q01,0.5844748596130233,0.5844748596130233,optimal,True,Payment-Certified N-1 Verifier,106335.28850303094,106369.2676405281,33.979137497153715,0.0,4,12,54eb7508ae775258cb6d1af90819916cfd12c618fccf42c0a76d7ef4a496382c
114,q99,2.6930887095833507,2.6930887095833507,optimal,True,Selected Single Feasible Projection,106850.24052810419,106850.24052810419,0.0,0.0,4,12,54eb7508ae775258cb6d1af90819916cfd12c618fccf42c0a76d7ef4a496382c
114,q99,2.6930887095833507,2.6930887095833507,optimal,True,Payment-Certified N-1 Verifier,106696.13856967073,106850.24052810419,154.10195843345718,0.0,4,12,54eb7508ae775258cb6d1af90819916cfd12c618fccf42c0a76d7ef4a496382c
