interval,line,loading_percent
0,0,7.485217921900602
0,1,24.938623137688563
0,2,56.568459355504814
0,3,37.87192531895968
0,4,47.53372339011563
0,5,19.170087026479305
0,6,59.916618061213505
0,7,29.464255415527973
0,8,60.00100766411658
0,9,41.139396334893085
0,10,48.8924053132772
0,11,22.90780241015349
0,12,20.200449709980074
0,13,5.842020946841416
0,14,9.450825101587562
0,15,22.944478743402687
0,16,12.377055737873334
0,17,1.744489480467881
0,18,3.645384836242197
0,19,4.859959719706482
0,20,69.21330577463708
0,21,10.14535826562119
0,22,46.810825455738375
0,23,11.892530931261897
0,24,6.605868042304581
0,25,6.637889993194522
0,26,16.405901195085956
0,27,23.864295008596702
0,28,29.257553435563
0,29,6.215603268284059
0,30,84.24714069813409
0,31,10.6265178053173
0,32,75.27854519671779
0,33,18.34006881858289
0,34,9.449527117778317
0,35,29.277404970455198
0,36,12.985342654926642
0,37,63.48960620914172
0,38,7.859569979198989
0,39,5.10156181894916
0,40,55.74720469578376
0,41,20.029988934290753
0,42,8.535175908311233
0,43,6.229596597803435
0,44,1.6149918871533655
0,45,0.3720406639138097
0,46,18.468432975790225
0,47,8.31104090271093
0,48,19.945371433128148
0,49,55.69349613620852
0,50,30.574992507421385
0,51,38.29295578816356
0,52,34.26557601820217
0,53,12.886064009781395
0,54,21.127392874256316
0,55,14.024968511486962
0,56,4.384820624898072
0,57,9.90066763167
0,58,13.104141811697954
0,59,1.1665593295289682
0,60,18.489063807040097
0,61,22.298025090263078
0,62,19.496534525873283
0,63,9.115456444868103
0,64,4.661905776782605
0,65,74.35507447702241
0,66,74.35507447702241
0,67,34.38830980549573
0,68,23.35062538457485
0,69,34.931439918895336
0,70,43.19714106302544
0,71,18.949476217572226
0,72,5.8001543547907
0,73,7.034883486467478
0,74,34.68080205346423
0,75,35.15259955190649
0,76,3.8325775660376586
0,77,10.545501270786499
0,78,13.690832022228982
0,79,15.045725633181043
0,80,23.274297061752463
0,81,4.0912437566307025
0,82,12.319815185202138
0,83,24.011737872161923
0,84,25.037223072599705
0,85,25.170633158706973
0,86,25.574683579655655
0,87,23.917318420599184
0,88,28.657371010218274
0,89,58.21769357868225
0,90,4.9372558885828575
0,91,14.72378790415855
0,92,19.507253446154746
0,93,21.58007659254384
0,94,3.0903771015006956
0,95,57.09081629632798
0,96,26.97700080773464
0,97,64.94045995476007
0,98,64.94045995476007
0,99,26.23543206652476
0,100,12.536893934530791
0,101,0.6661177711457087
0,102,27.809621207258086
0,103,3.0786246461018716
0,104,54.19791550407205
0,105,52.93121498154694
0,106,15.820662818250563
0,107,57.926689135641425
0,108,6.627135648176248
0,109,9.24381942574163
0,110,1.3255203789512857
0,111,6.028138519956684
0,112,3.0638297872340394
0,113,10.10611529364938
0,114,0.24195667961823078
0,115,70.6302920245092
0,116,33.125672785820804
0,117,38.211708552645455
0,118,40.6601749876593
0,119,22.473939624086075
0,120,30.37987121767584
0,121,12.808272678913513
0,122,61.120033432074074
0,123,25.354525242659292
0,124,34.12936826360548
0,125,6.2964390641758525
0,126,5.430976443753289
0,127,5.125917132613603
0,128,32.43929857181663
0,129,22.311061602715768
0,130,26.389255001566045
0,131,30.966799307633895
0,132,10.516263057929757
0,133,2.662857893354342
0,134,26.570555669636718
0,135,40.739931358673275
0,136,51.34474921802379
0,137,36.234348243232915
0,138,61.048273692610145
0,139,0.9307605217170575
0,140,99.6631033688457
0,141,35.66964365787886
0,142,5.426855372322674
0,143,36.763138106849254
0,144,33.22862557436538
0,145,29.133999034001615
0,146,27.026420865307177
0,147,10.406830133736875
0,148,6.939063532839937
0,149,13.885795979323715
0,150,12.667744016565823
0,151,14.413359182344776
0,152,11.72475757094625
0,153,28.197923641702292
0,154,2.713304970874655
0,155,0.4405247078604041
0,156,4.92580853269486
0,157,4.545304899420766
0,158,13.660193943243003
0,159,8.380057271831062
0,160,23.10732999910387
0,161,20.3800572718311
0,162,72.89799828865291
0,163,36.92478083563007
0,164,19.979431344604855
0,165,27.953818765364325
0,166,45.112371665447476
0,167,28.666131015828523
0,168,4.954983916691292
0,169,16.37304253991651
0,170,17.215218255778943
0,171,14.79578862891466
0,172,15.699165949577642
0,173,34.46189323826555
0,174,10.133948558273259
0,175,22.039442039442047
0,176,48.355555555555554
0,177,0.2656305684802607
0,178,4.004752073680209
0,179,4.839096799826001
0,180,11.59039407560359
0,181,0.49515886402655507
0,182,2.627387980326273
0,183,11.294117647058819
0,184,25.747154304621784
0,185,4.767021854290664
1,0,7.503528621549244
1,1,24.920312438041353
1,2,56.484924110412486
1,3,37.835991290249694
1,4,47.46881491318645
1,5,19.105178549550118
1,6,59.6223885869219
1,7,29.41970001494222
1,8,59.70636378211471
1,9,41.042030751209325
1,10,48.783511661015936
1,11,22.869255212484717
1,12,20.21876040962871
1,13,5.8653556447057715
1,14,9.381167223907457
1,15,22.77604555511146
1,16,12.178628894786563
1,17,1.523329381059403
1,18,3.4373122438387065
1,19,4.717750159019606
1,20,68.93816371818522
1,21,10.292968189372125
1,22,46.63848830213682
1,23,11.72617078876791
1,24,6.529430987140248
1,25,6.460276365550255
1,26,16.329032292152334
1,27,23.78785795343237
1,28,29.181116380398663
1,29,5.873433716180991
1,30,83.87981185069455
1,31,10.59688176771614
1,32,75.12110801865953
1,33,18.29537974373904
1,34,9.402400457033897
1,35,29.256079156932177
1,36,12.709082704965285
1,37,63.17983121018868
1,38,7.970833503886216
1,39,5.1548214012973075
1,40,55.74306178076973
1,41,19.98585792704684
1,42,8.447538842768662
1,43,5.762112214549934
1,44,1.3844543136172343
1,45,0.3982422720173149
1,46,18.50337508500027
1,47,8.72521537543836
1,48,19.90348876797913
1,49,56.0482125499576
1,50,30.297165174624162
1,51,37.128232162344524
1,52,33.02055480057762
1,53,12.425857449637075
1,54,19.96266924843728
1,55,12.875271865228754
1,56,4.343050297482618
1,57,10.56264024162404
1,58,13.161329669365777
1,59,1.1264935849353424
1,60,18.529370911540912
1,61,22.290724323021188
1,62,19.484726883037496
1,63,9.160701464067758
1,64,4.857286010153596
1,65,72.36900694879184
1,66,72.36900694879184
1,67,34.44488949198229
1,68,23.398455833443062
1,69,35.04865753322136
1,70,43.339684245006914
1,71,18.99454042908316
1,72,5.838703258613304
1,73,6.99873027723272
1,74,34.853364863911295
1,75,35.32750990616663
1,76,3.8534827393161435
1,77,10.60030683391744
1,78,13.767333585804572
1,79,15.162943247507064
1,80,23.391514676078483
1,81,4.188078952651089
1,82,12.416650381222523
1,83,23.892330402623404
1,84,24.918363131619937
1,85,25.051139876125585
1,86,25.464140703218813
1,87,23.873517347490665
1,88,28.608582975560132
1,89,58.14991152800698
1,90,4.965088119028884
1,91,14.656542219956199
1,92,19.490964162654716
1,93,21.562056424479763
1,94,3.1104996679275834
1,95,57.19820065329093
1,96,26.991303555553046
1,97,64.50891057267012
1,98,64.50891057267012
1,99,26.298889949230126
1,100,12.584378437150143
1,101,0.7165052934866094
1,102,27.85710570987744
1,103,2.900953298151955
1,104,53.892995928418244
1,105,52.55971757783795
1,106,15.68771039484167
1,107,58.10689774395932
1,108,6.756834077140906
1,109,9.406659152344899
1,110,1.1403738404845538
1,111,6.19814729112739
1,112,3.0638297872340394
1,113,10.036424795760775
1,114,0.18426635347604353
1,115,70.7473768918782
1,116,33.195363283709405
1,117,38.23054208961761
1,118,40.749556212082155
1,119,22.49938162713552
1,120,30.329931548483575
1,121,12.85161112746542
1,122,61.23824406498319
1,123,25.403562756347437
1,124,34.17245906387995
1,125,6.184561753703194
1,126,5.334476972929457
1,127,4.850281369840944
1,128,32.27605305775039
1,129,22.224733990835155
1,130,26.29863903753682
1,131,30.88047169575328
1,132,10.5192307692308
1,133,2.659574468085101
1,134,26.506012697747973
1,135,40.66839045762764
1,136,51.28020624613505
1,137,36.234177569289436
1,138,61.047986138117814
1,139,0.9302680152622961
1,140,99.66091855394441
1,141,35.6688617078256
1,142,5.427347878777436
1,143,36.71609655322052
1,144,33.18158402073664
1,145,29.086957480372877
1,146,26.8146378865581
1,147,10.575658720409002
1,148,6.843211429899875
1,149,13.643508505292164
1,150,12.812144568716008
1,151,14.634047096280675
1,152,12.001904105398298
1,153,28.26718501972477
1,154,2.9377111900583257
1,155,0.22500863448200217
1,156,5.070209084845045
1,157,4.3025481940912735
1,158,13.438476715681364
1,159,8.418741285436319
1,160,23.146014012709127
1,161,20.418741285436354
1,162,73.01428830808447
1,163,36.95599208002051
1,164,19.97843573097686
1,165,27.95961028846666
1,166,45.143230202897655
1,167,28.69251894485938
1,168,4.9346855193680375
1,169,16.369811880937245
1,170,17.280288957002504
1,171,14.799019287893929
1,172,15.763765123980741
1,173,34.52083884184675
1,174,10.198547732676358
1,175,21.920695045695055
1,176,48.355555555555554
1,177,0.22191001922671447
1,178,3.9034479012207126
1,179,4.878058644124609
1,180,11.551209592194706
1,181,0.5173618363767534
1,182,2.585293508613861
1,183,11.294117647058819
1,184,25.728196042239226
1,185,4.748063591908107
2,0,7.501647041730551
2,1,24.922194017859926
2,2,56.49603452114216
2,3,37.83968381672455
2,4,47.475484810164545
2,5,19.111848446528207
2,6,59.674380951687716
2,7,29.42513856323673
2,8,59.7584293755633
2,9,41.054980633914106
2,10,48.797994807634346
2,11,22.861680686247748
2,12,20.216878829810017
2,13,5.862957806424349
2,14,9.388325162127849
2,15,22.811149025549874
2,16,12.221134775774303
2,17,1.5694217639828882
2,18,3.4818843829300157
2,19,4.750021293682128
2,20,68.9852640388603
2,21,10.25947156858318
2,22,46.670033395774965
2,23,11.75662183291572
2,24,6.542501458508006
2,25,6.496405819207929
2,26,16.342176607991096
2,27,23.80092842480013
2,28,29.194186851766425
2,29,5.890995143370491
2,30,83.91223610695516
2,31,10.597328926542808
2,32,75.1380618334582
2,33,18.301008210200013
2,34,9.408335930756378
2,35,29.26025538112585
2,36,12.762513061470171
2,37,63.211193775782995
2,38,7.9570881114923075
2,39,5.148113502912313
2,40,55.748945719156254
2,41,19.993117536896314
2,42,8.456356743875102
2,43,5.851282967783119
2,44,1.3079611170584913
2,45,0.39005477969124663
2,46,18.495140807003764
2,47,8.638360745665777
2,48,19.91335862174206
2,49,55.964621901689206
2,50,30.36684185494521
2,51,37.403182684271506
2,52,33.31446077621654
2,53,12.496882640752357
2,54,20.237619770364265
2,55,13.14667504271999
2,56,4.121785283348617
2,57,10.28943969209644
2,58,13.175703940141178
2,59,1.1164229880447938
2,60,18.53950217467779
2,61,22.30360833176398
2,62,19.487906969913556
2,63,9.151641423646472
2,64,4.816482747238559
2,65,72.9050260205605
2,66,72.9050260205605
2,67,34.44279192925095
2,68,23.388878076426273
2,69,35.017522345286885
2,70,43.3017535518373
2,71,18.982447977835044
2,72,5.828359113569736
2,73,7.008431565804654
2,74,34.807273574128196
2,75,35.28079159065367
2,76,3.8487703006574256
2,77,10.59068563893923
2,78,13.748253545452824
2,79,15.131808059572588
2,80,23.36037948814401
2,81,4.162413460033134
2,82,12.390984888604569
2,83,23.921264383488705
2,84,24.947357100483238
2,85,25.08028833847531
2,86,25.491073695885568
2,87,23.89568883015536
2,88,28.631862662251482
2,89,58.16933306964323
2,90,4.9667345633734605
2,91,14.661455052126168
2,92,19.5007426848338
2,93,21.57287400360073
2,94,3.10390715334488
2,95,57.25227872435793
2,96,26.99161892353533
2,97,64.66495773278803
2,98,64.66495773278803
2,99,26.29670986296866
2,100,12.582747114020849
2,101,0.7197453755678404
2,102,27.85547438674815
2,103,2.9668194826305063
2,104,53.957739679814495
2,105,52.63837103434044
2,106,15.700889092722301
2,107,58.080445647757635
2,108,6.737565288974651
2,109,9.39830160567038
2,110,1.1498762565665448
2,111,6.189421802146445
2,112,3.0638297872340394
2,113,10.031301823054092
2,114,0.170393564465396
2,115,70.70753230080282
2,116,33.20048625641609
2,117,38.252440363537836
2,118,40.647995189381795
2,119,22.528963747195093
2,120,30.30194379955663
2,121,12.875899346361793
2,122,61.30449299229625
2,123,25.431044909179118
2,124,34.196608492954056
2,125,6.247348541846367
2,126,5.388633546813355
2,127,4.884691463001553
2,128,32.30106054650766
2,129,22.237958469289556
2,130,26.312520446252098
2,131,30.89369617420768
2,132,10.5192307692308
2,133,2.659574468085101
2,134,26.51609053722871
2,135,40.67956096459296
2,136,51.290284085615795
2,137,36.23657257322503
2,138,61.052021283300334
2,139,0.937179175064421
2,140,99.69157724841405
2,141,35.67983452193415
2,142,5.42043671897531
2,143,36.731679852409705
2,144,33.19716731992583
2,145,29.102540779562066
2,146,26.818716897132777
2,147,10.574996811686585
2,148,6.850549428713583
2,149,13.648175042586729
2,150,12.811578432453931
2,151,14.63636986656362
2,152,12.004821110334206
2,153,28.286856110376473
2,154,2.960343934734777
2,155,0.21946880539332034
2,156,5.0696429485829695
2,157,4.299993146780037
2,158,13.436143111732642
2,159,8.42972802523456
2,160,23.15700075250737
2,161,20.429728025234596
2,162,72.9904388119206
2,163,36.94661826184821
2,164,19.9751115733438
2,165,27.95325497241707
2,166,45.133351347805984
2,167,28.68115059405099
2,168,4.941183718645088
2,169,16.37084612346926
2,170,17.251261195406094
2,171,14.797985045361914
2,172,15.734947708482856
2,173,34.49146049608764
2,174,10.169730317178475
2,175,21.97685063215223
2,176,48.355555555555554
2,177,0.22715540575090232
2,178,3.9167927446232875
2,179,4.874138365783217
2,180,11.555152272126618
2,181,0.51341915644484
2,182,2.598951180138044
2,183,11.294117647058819
2,184,25.706152746637397
2,185,4.726020296306277
3,0,7.499886725129179
3,1,24.923954334460863
3,2,56.506328417840685
3,3,37.84313836889898
3,4,47.48172484859524
3,5,19.118088484958907
3,6,59.72676441841981
3,7,29.430192404755186
3,8,59.810886621826
3,9,41.06697881814551
3,10,48.8114135748417
3,11,22.855053081004964
3,12,20.215118513208647
3,13,5.860714502955594
3,14,9.395021788736404
3,15,22.8432824482394
3,16,12.260021726345181
3,17,1.6116143450795712
3,18,3.5226616713758694
3,19,4.78085964681364
3,20,69.01974402515214
3,21,10.227462138750468
3,22,46.695627723522016
3,23,11.781328496116622
3,24,6.550330293340618
3,25,6.529862526991063
3,26,16.35004967352898
3,27,23.80875725963274
3,28,29.202015686599037
3,29,6.001947784161233
3,30,84.00333450150389
3,31,10.60261351685624
3,32,75.16963719039833
3,33,18.308131259400366
3,34,9.415847509913112
3,35,29.260291246197145
3,36,12.817151808052465
3,37,63.26984281930397
3,38,7.9404694873401365
3,39,5.139624389481757
3,40,55.73641566561778
3,41,19.996315978280947
3,42,8.475329463534154
3,43,5.923806910564013
3,44,1.3945187053559356
3,45,0.38669735541187855
3,46,18.4917641974428
3,47,8.56772054165841
3,48,19.917405927722665
3,49,55.930344095879136
3,50,30.379225213608454
3,51,37.4917098120389
3,52,33.40909108160616
3,53,12.592093035255992
3,54,20.32614689813165
3,55,13.23406001512103
3,56,4.300346642508681
3,57,10.236192831759022
3,58,13.135715304139085
3,59,1.1444389785372762
3,60,18.511317413158245
3,61,22.293954135628745
3,62,19.477197420380758
3,63,9.140492072332288
3,64,4.796380052571747
3,65,72.96643286447572
3,66,72.96643286447572
3,67,34.419592085746935
3,68,23.37709161932271
3,69,35.01143064645573
3,70,43.293936932806254
3,71,18.97937534083089
3,72,5.825730713240885
3,73,7.010896619220412
3,74,34.79678299988296
3,75,35.27015830267654
3,76,3.8526942500018073
3,77,10.617267641554353
3,78,13.751672086040886
3,79,15.125716360741432
3,80,23.354287789312853
3,81,4.157713372820584
3,82,12.386284801392021
3,83,23.910878024450557
3,84,24.938167039066055
3,85,25.071049308093734
3,86,25.482334941261076
3,87,23.86986713875001
3,88,28.60513110309812
3,89,58.150717539183596
3,90,4.9605861030220355
3,91,14.663565158681672
3,92,19.4860647344898
3,93,21.556636387499655
3,94,3.1063025077452626
3,95,57.111174805207575
3,96,26.978978435841967
3,97,64.61371900749724
3,98,64.61371900749724
3,99,26.291197845040703
3,100,12.578622560559886
3,101,0.7203234578305837
3,102,27.851349833287188
3,103,3.069903541122073
3,104,53.971343137373665
3,105,52.65873164504411
3,106,15.795556081891577
3,107,58.02513216365086
3,108,6.615825585884805
3,109,9.345498842884423
3,110,1.2099122745286577
3,111,6.134294389426515
3,112,3.0638297872340394
3,113,10.055478306421783
3,114,0.20413927162982415
3,115,70.67570522834664
3,116,33.1763097730484
3,117,38.24218473318903
3,118,40.636607233567375
3,119,22.51510953707012
3,120,30.31387832479902
3,121,12.865542373306615
3,122,61.27624314993262
3,123,25.419325980031186
3,124,34.18631070260205
3,125,6.31609012849393
3,126,5.447926416002427
3,127,4.925975909048504
3,128,32.324004381986576
3,129,22.250091645111297
3,130,26.325256341522135
3,131,30.905829350029425
3,132,10.517746913580279
3,133,2.661216180719722
3,134,26.524714836601653
3,135,40.68912033457504
3,136,51.29890838498873
3,137,36.23605632277536
3,138,61.05115149537055
3,139,0.935689453355579
3,140,99.68496867271563
3,141,35.67746929817248
3,142,5.421926440684154
3,143,36.736177888023384
3,144,33.20166535553952
3,145,29.10703881517575
3,146,26.854015979317577
3,147,10.546804049982406
3,148,6.866412972518795
3,149,13.688558483733443
3,150,12.7874649192334
3,151,14.59839698010372
3,152,11.957133614912236
3,153,28.27052814999308
3,154,2.893751352165224
3,155,0.25534784419558954
3,156,5.045529435362437
3,157,4.341763321885924
3,158,13.474293108070215
3,159,8.420608497733792
3,160,23.1478812250066
3,161,20.420608497733824
3,162,72.91864076839722
3,163,36.929460733277494
3,164,19.97823347199631
3,165,27.953351262331726
3,166,45.11682185652835
3,167,28.66909120874268
3,168,4.952056631272477
3,169,16.372576638063645
3,170,17.222230130329894
3,171,14.79625453076753
3,172,15.70612701344344
3,173,34.46735284134872
3,174,10.14090962213906
3,175,22.027567340067346
3,176,48.355555555555554
3,177,0.23910702409846804
3,178,3.930366230302295
3,179,4.865703439936482
3,180,11.56363539754962
3,181,0.5049360310218366
3,182,2.625662988367939
3,183,11.294117647058819
3,184,25.716476295067988
3,185,4.736343844736869
4,0,7.679395371446778
4,1,25.419942376873536
4,2,57.59244560743998
4,3,38.58588827404219
4,4,48.38847093433068
4,5,19.433925479785255
4,6,60.70690239187949
4,7,29.991834183608468
4,8,60.792405071304636
4,9,41.816360443108934
4,10,49.70956584524111
4,11,23.21364672563995
4,12,20.659527821777903
4,13,6.012455966559905
4,14,9.50226149050126
4,15,23.21101840936717
4,16,12.394857049898926
4,17,1.5031633027342617
4,18,3.469607045380138
4,19,4.7908009220604315
4,20,70.31167808749608
4,21,10.533599042924628
4,22,47.58459605745374
4,23,11.945823939854174
4,24,6.642753750824563
4,25,6.592893141358466
4,26,16.646385127947866
4,27,24.260731278914434
4,28,29.766349256442535
4,29,6.049689749489375
4,30,85.61719769688916
4,31,10.91758572218256
4,32,76.65884293258722
4,33,18.65983826808745
4,34,9.58067793119526
4,35,29.858262908684566
4,36,12.857899711794051
4,37,64.54549333563071
4,38,8.144095168912507
4,39,5.2821105572108475
4,40,56.864162174400604
4,41,20.36708457514565
4,42,8.615131992242754
4,43,5.826824808106455
4,44,1.531838876740382
4,45,0.41141664039855846
4,46,18.89376759262941
4,47,8.960884927169033
4,48,20.312264871848313
4,49,57.26568232247406
4,50,30.91359969674338
4,51,37.8065090775292
4,52,33.60668996482571
4,53,12.601850199242554
4,54,20.283330269582166
4,55,13.049507381593289
4,56,4.528668125738114
4,57,10.877317072833264
4,58,13.434039388288975
4,59,1.1510023447316673
4,60,18.91435306283019
4,61,22.7566008002313
4,62,19.84067103674496
4,63,9.348574567305885
4,64,5.050161111402614
4,65,73.6938798930513
4,66,73.6938798930513
4,67,35.159584681119036
4,68,23.882778828294793
4,69,35.716654633010734
4,70,44.16796441498662
4,71,19.368120528295304
4,72,5.941404307336944
4,73,7.162298785209418
4,74,35.49161479780915
4,75,35.97444258972322
4,76,3.9105584388671843
4,77,10.72091009514425
4,78,13.99569002394061
4,79,15.416654633010724
4,80,23.816654633010714
4,81,4.22315645057276
4,82,12.623156450572761
4,83,24.49355149695306
4,84,25.537707987683344
4,85,25.67378489252778
4,86,26.08830737094823
4,87,24.353247159956254
4,88,29.188645313912478
4,89,59.37290671652966
4,90,5.03869801635119
4,91,15.010771281274343
4,92,19.872528775132416
4,93,21.984165748327
4,94,3.153119911744963
4,95,58.502174257779785
4,96,27.49005655179464
4,97,66.04139902847255
4,98,66.04139902847255
4,99,26.794247466488216
4,100,12.807241135210747
4,101,0.7351395523175711
4,102,28.398150226119856
4,103,3.2533750667189256
4,104,54.8064493223024
4,105,53.41380605213674
4,106,15.77005390449051
4,107,59.280118027530726
4,108,6.83846904207931
4,109,9.576983425005848
4,110,1.193292818144008
4,111,6.300498418559597
4,112,3.1276595744680815
4,113,10.251964019397857
4,114,0.23223694466102504
4,115,72.18522326944188
4,116,33.88048631172797
4,117,39.035949755308074
4,118,41.53393905962475
4,119,22.98019303563521
4,120,30.716108026184333
4,121,13.33257291980557
4,122,63.09562274746654
4,123,26.174062248016366
4,124,35.0963867888353
4,125,6.266666884440864
4,126,5.405296530841899
4,127,3.9283861951080334
4,128,31.651547780717372
4,129,22.00190948904303
4,130,26.12661824314514
4,131,30.837975062813644
4,132,10.78846153846157
4,133,2.659574468085101
4,134,26.55655977509454
4,135,40.959595529404915
4,136,51.846882355739666
4,137,36.85335018502283
4,138,62.09117916188969
4,139,0.5580473927006369
4,140,100.00000000000037
4,141,35.79021970233891
4,142,5.932018832464937
4,143,36.58111021044297
4,144,32.97296200019904
4,145,28.793030740244344
4,146,27.064233604633337
4,147,11.266449363977824
4,148,7.32113524268396
4,149,13.574192260547393
4,150,13.481456539833134
4,151,15.101091817424978
4,152,12.455600166122318
4,153,27.76751173976215
4,154,1.8494065512384834
4,155,0.19664916577435262
4,156,5.578230733381514
4,157,4.213799000832525
4,158,13.55551986710215
4,159,7.986139616946183
4,160,23.02023052603717
4,161,20.236139616946215
4,162,74.19250974899313
4,163,37.65712498683009
4,164,20.42518411591561
4,165,28.565439858114868
4,166,46.020486239095774
4,167,29.25905461414994
4,168,5.07908208335814
4,169,16.717469121307737
4,170,17.571072014253147
4,171,15.100712696874085
4,172,16.02345555038174
4,173,35.20142781720893
4,174,10.34229613009185
4,175,22.478805916305923
4,176,49.36296296296297
4,177,0.25347052754324445
4,178,3.9633898786260127
4,179,4.983418127317839
4,180,11.788105197668942
4,181,0.5318948023310809
4,182,2.635614878219434
4,183,11.52941176470588
4,184,26.25520289531899
4,185,4.8379843522726595
5,0,7.674064649209283
5,1,25.42527309911073
5,2,57.617684107370586
5,3,38.59634960701172
5,4,48.40736748487274
5,5,19.45282203032732
5,6,60.80546170307874
5,7,30.005118357746603
5,8,60.891103198435154
5,9,41.845777502630696
5,10,49.74246587961584
5,11,23.220671779930285
5,12,20.65419709954041
5,13,6.005662627408579
5,14,9.522540715473232
5,15,23.266528329995676
5,16,12.460670782437344
5,17,1.5760502419942939
5,18,3.5386200565836265
5,19,4.840099649531218
5,20,70.38898086078959
5,21,10.482428211879004
5,22,47.63534451417249
5,23,11.994812334490197
5,24,6.666036195481179
5,25,6.649320078296124
5,26,16.66979911183983
5,27,24.28401372357105
5,28,29.78963170109915
5,29,6.166877432569329
5,30,85.73906361190241
5,31,10.902636091498536
5,32,76.7103443878398
5,33,18.674285280271327
5,34,9.59591296222553
5,35,29.861110519796267
5,36,12.953548613319656
5,37,64.62634128613144
5,38,8.108327143241025
5,39,5.264892885156091
5,40,56.864207308052215
5,41,20.380992884545403
5,42,8.643930601750201
5,43,5.969972294226047
5,44,1.504689020456368
5,45,0.40073766595733773
5,46,18.8830275954771
5,47,8.821455557572024
5,48,20.325138156106224
5,49,57.1566547520248
5,50,30.984504554578365
5,51,38.126498894244435
5,52,33.94874030398158
5,53,12.75094959417734
5,54,20.603320086297405
5,55,13.365368767899058
5,56,4.341295788486791
5,57,10.55936388926719
5,58,13.4175876643966
5,59,1.1625284027880016
5,60,18.90275757068918
5,61,22.759758469374063
5,62,19.839677331806943
5,63,9.334090707519687
5,64,4.997445120591077
5,65,74.23690510886881
5,66,74.23690510886881
5,67,35.14213558637809
5,68,23.86746731937796
5,69,35.683464485977815
5,70,44.127229093788344
5,71,19.35469163571049
5,72,5.929916941390899
5,73,7.173072247057121
5,74,35.44135964851727
5,75,35.92350376957265
5,76,3.9092263008906625
5,77,10.732336206690578
5,78,13.98079830399081
5,79,15.383464485977798
5,80,23.783464485977788
5,81,4.196041863281933
5,82,12.596041863281933
5,83,24.51217131604527
5,84,25.55729407427793
5,85,25.693475342992574
5,86,26.106347389224194
5,87,24.358564704240045
5,88,29.19484753215525
5,89,59.38407152397167
5,90,5.032216389133757
5,91,15.024678411651056
5,92,19.86323599454856
5,93,21.973885525264798
5,94,3.1335149493777585
5,95,58.41701140131561
5,96,27.447789963593422
5,97,66.13802470927344
5,98,66.13802470927344
5,99,26.78063939154565
5,100,12.797058433823521
5,101,0.7695745457188666
5,102,28.387967524732634
5,103,3.4185234602436756
5,104,54.882492022999976
5,105,53.50777965664023
5,106,15.906914800754828
5,107,59.22606879844884
5,108,6.709888112033246
5,109,9.521213383058159
5,110,1.2567025918653538
5,111,6.242273091746283
5,112,3.1276595744680815
5,113,10.279710384451944
5,114,0.2487517537667132
5,115,72.16020780693863
5,116,33.85273994667388
5,117,39.01930609090953
5,118,41.54655956351626
5,119,22.95770930562698
5,120,30.743872593304125
5,121,13.308478381672876
5,122,63.02990210684629
5,123,26.146799245233137
5,124,35.07242993377764
5,125,6.349751363891635
5,126,5.476960823331592
5,127,4.000345293661526
5,128,31.697521658149842
5,129,22.026221428457344
5,130,26.15213788604335
5,131,30.86228700222796
5,132,10.785493827160524
5,133,2.662857893354342
5,134,26.57384311443441
5,135,40.97875277663522
5,136,51.86416569507953
5,137,36.85335018502283
5,138,62.09117916188969
5,139,0.5580473927006367
5,140,100.00000000000037
5,141,35.79021970233891
5,142,5.932018832464937
5,143,36.594349796557225
5,144,32.986201586313285
5,145,28.80627032635859
5,146,27.125196081238965
5,147,11.215058034763087
5,148,7.342802917891772
5,149,13.643935563596251
5,150,13.437501090933052
5,151,15.03586114052234
5,152,12.373681515838738
5,153,27.747143135155802
5,154,1.80550096467119
5,155,0.23738529390464863
5,156,5.5342752844814305
5,157,4.285552745425428
5,158,13.621054787329014
5,159,7.974763300155948
5,160,23.008854209246934
5,161,20.22476330015598
5,162,74.13569262373348
5,163,37.642859033978624
5,164,20.426837574219082
5,165,28.564319426408595
5,166,46.00658358144616
5,167,29.248132128239234
5,168,5.088227094500573
5,169,16.718924625990805
5,170,17.544466814416758
5,171,15.099257192191017
5,172,15.997043141848515
5,173,35.178346669804974
5,174,10.315883721558624
5,175,22.52630471380472
5,176,49.36296296296297
5,177,0.25043632379003894
5,178,3.9958283955850327
5,179,4.970614789680975
5,180,11.80098169723516
5,181,0.5190183027648634
5,182,2.674220069773869
5,183,11.52941176470588
5,184,26.271956782660574
5,185,4.854738239614242
6,0,7.680476814741632
6,1,25.418860933578483
6,2,57.59143205763126
6,3,38.58376598406108
6,4,48.38463739227555
6,5,19.430091937730126
6,6,60.72211661609536
6,7,29.990537263102965
6,8,60.807640724005324
6,9,41.815179087040484
6,10,49.708244616814724
6,11,23.193471246607025
6,12,20.660609265072758
6,13,6.013834130858835
6,14,9.49814744536893
6,15,23.228682554048138
6,16,12.417453231025195
6,17,1.526357092706655
6,18,3.4933016519778355
6,19,4.807233594642368
6,20,70.34144957144856
6,21,10.516542344801609
6,22,47.60254092707625
6,23,11.963146444056258
6,24,6.655289816190323
6,25,6.610143094781224
6,26,16.65899201854168
6,27,24.273267344280196
6,28,29.778885321808296
6,29,6.061206821201434
6,30,85.64663751574635
6,31,10.909439636615435
6,32,76.67615070392536
6,33,18.66554294182027
6,34,9.586693768949871
6,35,29.85763080166689
6,36,12.879007692919958
6,37,64.57795312583254
6,38,8.125025129379967
6,39,5.275311836460771
6,40,56.8731791955514
6,41,20.374368851323567
6,42,8.624165339449515
6,43,5.879958543485672
6,44,1.550867072599404
6,45,0.4057900608189443
6,46,18.888108861166483
6,47,8.909131288812652
6,48,20.31904759791689
6,49,57.20823745219356
6,50,30.950716722054352
6,51,37.963357317741554
6,52,33.7743515307823
6,53,12.645681990067294
6,54,20.440178509794524
6,55,13.204332004144273
6,56,4.588599403260953
6,57,10.721467121656111
6,58,13.45362106821812
6,59,1.1372834432244185
6,60,18.92815460832242
6,61,22.76953058892986
6,62,19.83813577834217
6,63,9.34264805519347
6,64,5.032973855922157
6,65,74.02658552655788
6,66,74.02658552655788
6,67,35.16185133967578
6,68,23.87651365834738
6,69,35.693149651525886
6,70,44.13922706755658
6,71,19.35880882677597
6,72,5.933438875916789
6,73,7.169769189818151
6,74,35.45643822243572
6,75,35.93878747235299
6,76,3.908253721432704
6,77,10.721005842943589
6,78,13.983134827532021
6,79,15.393149651525878
6,80,23.793149651525866
6,81,4.203863828969483
6,82,12.603863828969484
6,83,24.51124587194852
6,84,25.555753902381248
6,85,25.69192696433651
6,86,26.105018317730796
6,87,24.357366567593424
6,88,29.19376608439552
6,89,59.38487846398158
6,90,5.03016546361303
6,91,15.028044623659387
6,92,19.862913758074367
6,93,21.973529048233672
6,94,3.1340192501536452
6,95,58.52003890488915
6,96,27.448245237118183
6,97,66.10217423528255
6,98,66.10217423528255
6,99,26.777023829727863
6,100,12.794352967657804
6,101,0.7641004432221544
6,102,28.38526205856692
6,103,3.3755435787196615
6,104,54.82794666587932
6,105,53.441132242316506
6,106,15.838102925670038
6,107,59.25647986235343
6,108,6.825832255061908
6,109,9.57150240895011
6,110,1.1995246583169727
6,111,6.294776099910206
6,112,3.1276595744680815
6,113,10.245423160945471
6,114,0.22971098073800658
6,115,72.14672038280722
6,116,33.88702717018035
6,117,39.058671717239584
6,118,41.43187453902597
6,119,23.010887866117987
6,120,30.70233119250263
6,121,13.344528677770723
6,122,63.12823346065984
6,123,26.187590204472077
6,124,35.108274228183504
6,125,6.363682701187774
6,126,5.488977260545412
6,127,4.029727229091986
6,128,31.70512167369799
6,129,22.0302404742258
6,130,26.156356579215235
6,131,30.866306047996414
6,132,10.785493827160524
6,133,2.662857893354342
6,134,26.576905866455967
6,135,40.98214760077935
6,136,51.8672284471011
6,137,36.85335018502283
6,138,62.09117916188969
6,139,0.5580473927006355
6,140,100.00000000000037
6,141,35.79021970233891
6,142,5.932018832464937
6,143,36.595191038530935
6,144,32.987042828286995
6,145,28.807111568332303
6,146,27.129069630887695
6,147,11.220583728701406
6,148,7.362821921648256
6,149,13.648367046076423
6,150,13.442227264808194
6,151,15.03675275098876
6,152,12.374801227138025
6,153,27.745848916062172
6,154,1.8005529717226552
6,155,0.2344457202938136
6,156,5.53900145835657
6,157,4.284571973912363
6,158,13.620159018289584
6,159,7.9740404501281885
6,160,23.008131359219174
6,161,20.22404045012822
6,162,74.13173669918943
6,163,37.64160947294629
6,164,20.426648519385164
6,165,28.56379592203395
6,166,46.00530953990744
6,167,29.246858131374953
6,168,5.089065144631791
6,169,16.719058008648478
6,170,17.541262414560737
6,171,15.099123809533342
6,172,15.993861962281308
6,173,35.17524911582863
6,174,10.312702541991417
6,175,22.53235350511974
6,176,49.36296296296297
6,177,0.2564606958470313
6,178,3.9806245975922008
6,179,4.97940206556148
6,180,11.792144208349624
6,181,0.5278557916504
6,182,2.663895467258331
6,183,11.52941176470588
6,184,26.2323304568184
6,185,4.8151119137720615
7,0,7.67475385577057
7,1,25.42458389254957
7,2,57.612212663120765
7,3,38.5949970662113
7,4,48.40492435877491
7,5,19.450378904229492
7,6,60.777825010900536
7,7,30.00264903875223
7,8,60.863427581338385
7,9,41.839400190127584
7,10,49.73533349439509
7,11,23.229846744496527
7,12,20.654886306101698
7,13,6.006540935020088
7,14,9.519918824051175
7,15,23.243796433366374
7,16,12.432830336500949
7,17,1.5462022733766914
7,18,3.509426255636429
7,19,4.822125696983767
7,20,70.33741740224549
7,21,10.501084719586483
7,22,47.606981742850266
7,23,11.96743324309823
7,24,6.644397599073683
7,25,6.627055787674563
7,26,16.64803826347523
7,27,24.262375127163555
7,28,29.76799310469166
7,29,6.173218811365985
7,30,85.70629212495778
7,31,10.904612155572815
7,32,76.68529883300354
7,33,18.66490472553153
7,34,9.586020740863566
7,35,29.85964349290593
7,36,12.92434877441639
7,37,64.56882953020389
7,38,8.138347537330809
7,39,5.276072450393927
7,40,56.8436644962735
7,41,20.36699403722225
7,42,8.631712975992311
7,43,5.889568307001223
7,44,1.4918952079194023
7,45,0.4091781102562307
7,46,18.891516270886267
7,47,8.899771129544254
7,48,20.314963373937694
7,49,57.24282792721928
7,50,30.923167598376576
7,51,37.87612789557095
7,52,33.681108396534746
7,53,12.685671307737923
7,54,20.352949087623916
7,55,13.118227994659563
7,56,4.45907395657071
7,57,10.8081413563692
7,58,13.389921919120297
7,59,1.1819109907959477
7,60,18.88325822010287
7,61,22.74282411643001
7,62,19.828464142469915
7,63,9.340613009078071
7,64,5.045194337444457
7,65,73.71251983525094
7,66,73.71251983525094
7,67,35.1374548892992
7,68,23.874362323882533
7,69,35.708074712271795
7,70,44.15713682692057
7,71,19.364117837823898
7,72,5.937980319102369
7,73,7.165509983214726
7,74,35.47751647625911
7,75,35.96015247466075
7,76,3.9138566310109733
7,77,10.745259705813046
7,78,13.99721605043029
7,79,15.408074712271782
7,80,23.80807471227177
7,81,4.216388734270565
7,82,12.616388734270563
7,83,24.486302522588677
7,84,25.531599200812025
7,85,25.667643555170322
7,86,26.08244124809264
7,87,24.35397801500016
7,88,29.18951522349386
7,89,59.37462483370528
7,90,5.037613133925402
7,91,15.013041875953265
7,92,19.868093549724783
7,93,21.979259239870228
7,94,3.1456719855045083
7,95,58.37443225836665
7,96,27.472980625064118
7,97,66.04953596243752
7,98,66.04953596243752
7,99,26.792007919340815
7,100,12.805565318466584
7,101,0.752778719832484
7,102,28.396474409375696
7,103,3.326752024549105
7,104,54.79556273567414
7,105,53.40451435147667
7,106,15.802433379508956
7,107,59.24041470337807
7,108,6.702930210298037
7,109,9.518195497968188
7,110,1.2601338858717621
7,111,6.239122343790715
7,112,3.1276595744680815
7,113,10.289945739660304
7,114,0.23359746304496068
7,115,72.19282237548958
7,116,33.84250459146552
7,117,38.995450777501944
7,118,41.64459696490066
7,119,22.925483443997337
7,120,30.75921572985726
7,121,13.295163360871019
7,122,62.99358384699211
7,123,26.131733281022466
7,124,35.059190998808944
7,125,6.22701971706737
7,126,5.371098974116212
7,127,3.9076330972405935
7,128,31.649009049866216
7,129,22.000566955541625
7,130,26.125209018856165
7,131,30.83663252931224
7,132,10.788461538461569
7,133,2.659574468085101
7,134,26.555536684681464
7,135,40.95846151267372
7,136,51.84585926532659
7,137,36.85335018502283
7,138,62.09117916188968
7,139,0.5580473927006357
7,140,100.00000000000037
7,141,35.79021970233891
7,142,5.932018832464938
7,143,36.58171706124825
7,144,32.973568851004316
7,145,28.79363759104962
7,146,27.06702788594248
7,147,11.25562331183819
7,148,7.304166061539721
7,149,13.577389020570912
7,150,13.472196923690015
7,151,15.093249217995126
7,152,12.445751193361126
7,153,27.766578122653495
7,154,1.8446399860518705
7,155,0.1938173773335383
7,156,5.568971117238393
7,157,4.2224258602053615
7,158,13.563399045311103
7,159,7.985618171113534
7,160,23.019709080204525
7,161,20.23561817111357
7,162,74.17697758322208
7,163,37.65221882927347
7,164,20.424441829002003
7,165,28.5633844203434
7,166,46.0154839636079
7,167,29.254052514067546
7,168,5.082372523662944
7,169,16.71799282228507
7,170,17.558490563518657
7,171,15.100188995896755
7,172,16.01096526958011
7,173,35.18926587597131
7,174,10.329805849290222
7,175,22.50255531505532
7,176,49.36296296296297
7,177,0.24295400769267367
7,178,3.9675349783437803
7,179,4.9760465237255875
7,180,11.795518924710294
7,181,0.524481075289731
7,182,2.642388895160091
7,183,11.52941176470588
7,184,26.29597007827615
7,185,4.878751535229815
