day,baseline_method,gross_to_signed_error_reduction_usd,uniform_to_nodal_error_reduction_usd,linear_to_exact_error_reduction_usd,uniform_gross_to_exact_error_reduction_usd
61,High-5-of-10,921.8212750953608,-5852.332572508774,7261.837030907016,2531.598069784877
62,High-5-of-10,2526.772858562019,-6297.343865841642,6909.3094034457645,3685.158507198281
63,High-5-of-10,2587.7570578252853,-6228.050113710176,6913.858099746862,3752.8413084643507
64,High-5-of-10,2824.3755169685173,-7283.220912739558,7760.781548949473,3971.1436158925026
65,High-5-of-10,989.4206858860889,-6870.354904282187,8229.977713110642,2670.7997852212848
66,High-5-of-10,1949.1646232540752,-6979.19501957069,8071.160966525271,3527.3555661119954
67,High-5-of-10,302.5573307823179,-6173.938505012025,7743.2946729032665,1940.488775814074
68,High-5-of-10,965.1058626777958,-6423.407141824595,7573.120812870442,2331.6231329985276
69,High-5-of-10,2692.9616373855188,-6623.5980943634295,7211.471055861193,3838.4446082720497
70,High-5-of-10,1638.255663246855,-6386.903195035488,7390.286255155235,2969.566065122506
71,High-5-of-10,2486.6204377778886,-5779.833513097424,6358.6905783102575,3533.341522172339
72,High-5-of-10,1328.6407301843792,-6310.458626100985,7422.060233299064,2692.3989511529962
73,High-5-of-10,1754.4107523220373,-6375.669998165726,7380.492054650262,3081.722924439937
74,High-5-of-10,1330.8481814961906,-6154.699339831095,7548.811909303655,2981.1179203817046
75,High-5-of-10,2812.0885112368596,-5195.931285788933,5644.284680538394,3809.945824242739
76,High-5-of-10,1367.4199279012446,-6288.373091611797,7465.6215206203,2841.144196631427
77,High-5-of-10,125.24451636411868,-4577.7056614174435,6130.712240997695,1698.221011902826
78,High-5-of-10,495.39091542001916,-3717.0536882175456,4696.287014343869,1571.8316359425771
79,High-5-of-10,3158.736257110755,-3907.0180205047964,4591.1245801445075,4117.378211196956
80,High-5-of-10,1553.3258321506291,-3883.5531480305,4553.288214347032,2501.660610049372
81,High-5-of-10,4381.252116229574,-5529.497803371393,5525.8478466008255,5264.377765201783
82,High-5-of-10,1786.9931433943802,-3993.3757096238405,4720.565164585671,2787.9944484066655
83,High-5-of-10,522.636260495332,-4975.837804638934,6149.419212710884,1782.0563297931185
84,High-5-of-10,357.1107251608064,-4129.535286745349,5507.447283666341,1804.0319587654112
85,High-5-of-10,2058.8238768233186,-4137.7471521132,4909.787392902857,3135.207528176531
86,High-5-of-10,1462.5478985381642,-2877.9958506292287,3565.9872875527917,2360.15938722346
87,High-5-of-10,2906.4888454098436,-3395.7112819500503,3904.6661659468136,3739.9361520507127
88,High-5-of-10,1661.274058563904,-5447.870196060582,6502.176277209914,3090.618660399712
89,High-5-of-10,671.6930882354354,-5400.369633498013,6684.62826633976,2079.2903947020222
90,High-5-of-10,283.9121642759728,-5336.792579738572,6732.425363769462,1728.9940371190314
91,High-5-of-10,2513.723798884681,-5711.803127257196,6409.637631163754,3858.5034044663353
92,High-5-of-10,376.05805712880465,-5528.515428357705,7317.634054537339,2243.9328800292114
93,High-5-of-10,301.77362670714683,-4087.075624599651,5394.5970520712035,1647.191189122149
94,High-5-of-10,201.9783375591105,-4082.6938087853987,5402.323919606726,1559.8534955760106
95,High-5-of-10,718.4266672493759,-4243.358035900657,5295.8634795662965,1947.1466747557843
96,High-5-of-10,238.65417566734322,-4109.94795889728,5393.410939103052,1562.5688083355017
97,High-5-of-10,204.2853130642252,-4103.004604127104,5398.483494349648,1529.5445814219684
98,High-5-of-10,230.79572476559042,-4064.52890481715,5393.359242721484,1594.8599303018318
99,High-5-of-10,174.63498856683873,-2865.5398907220224,3821.240182258638,1157.9774883864802
100,High-5-of-10,165.10208884915392,-2453.105378801655,3317.522167861687,1043.6654642087333
101,High-5-of-10,1501.3592704858447,-2396.0630128229773,3351.527964020778,2461.4197636775743
102,High-5-of-10,542.812922282329,-1677.5589643839457,2264.372578839696,1141.210117802858
103,High-5-of-10,362.37688357679235,-1646.7924013775937,2214.6450344567165,940.8530418028367
104,High-5-of-10,138.81870410242482,-1212.7426818704685,1617.999494562815,553.5687841298509
105,High-5-of-10,307.82764742445306,-830.3265504778965,1125.4332719046542,612.402212290197
106,High-5-of-10,198.28441266199707,-802.7096856928415,1112.8153858718474,509.1603257221086
107,High-5-of-10,370.9218712528932,-814.5799027103719,1079.2603226990768,659.7861481096688
108,High-5-of-10,220.56109727111152,-793.3251699729049,1106.5573682932386,534.1569061140526
109,High-5-of-10,835.849688131666,-954.6300043314973,968.0235408264521,982.8577298374726
110,High-5-of-10,299.1448007280778,-812.6057171852935,1119.7903610720182,629.6342006879559
111,High-5-of-10,324.66039433365313,-812.3644205326148,1119.9820303323431,655.3172865936854
112,High-5-of-10,188.25241094216472,-808.817099617952,1112.3700941120937,516.2407805986068
113,High-5-of-10,432.4736739163782,-841.1677279476639,1155.096317111243,770.6971652680077
114,High-5-of-10,941.0364878238156,-804.360026837147,1151.1317299310977,1308.0693285139523
61,Ridge,434.38120836663984,-2947.8211829609536,4042.171739137273,1553.3276992483716
62,Ridge,1452.6374281815065,-1218.1654634182805,1518.476136126545,1829.6029002743767
63,Ridge,1720.0884864744057,-809.8752351784406,1131.6522874916263,2047.9895726131908
64,Ridge,1986.985165047663,-4339.781609533009,5185.102665574339,3122.3751957277727
65,Ridge,431.51782344174353,-3153.4498090831967,4556.247963393025,1842.906679371853
66,Ridge,1233.7783058903497,-77.92982036639432,135.58648372590187,1299.6339644423997
67,Ridge,40.86189915393334,-3261.884357490365,4573.492075087945,1354.6525397959385
68,Ridge,444.81220021408444,-1519.4778970840107,2002.865704943465,976.8258540434317
69,Ridge,1998.8420163182964,-101.38760410912118,136.03084062628295,2030.0427271352119
70,Ridge,1013.6297664457043,-811.9183563925685,1106.637861484146,1317.0521482913719
71,Ridge,1638.2201478177963,36.75104135776587,-46.76752225216342,1549.0990922263363
72,Ridge,720.2883753540218,-725.2617546614788,1020.2348707069041,1008.9325497480386
73,Ridge,1429.2488848386279,-785.666809166757,993.3072129364359,1677.6425275899664
74,Ridge,1032.494597883735,-2631.006553046087,3490.4825044387617,2035.8090475473055
75,Ridge,2217.9407716055102,-97.56832353052755,135.3830831827811,2250.7225783896893
76,Ridge,893.3701031483406,-1101.7829594708146,1525.5841742491284,1312.864383104601
77,Ridge,27.205354003371212,-35.885333018552046,76.92785076637074,67.93290784230385
78,Ridge,231.72661481324576,-763.7513912312802,1019.0977515888426,499.8871171639548
79,Ridge,2657.774526700072,-45.502723857861156,64.42871483971066,2686.6791630773932
80,Ridge,1281.2319713188253,-1481.6676479345542,2005.361949361196,1845.3298955338087
81,Ridge,3387.943339882414,-388.5156565718544,530.6055845725577,3565.8524702895265
82,Ridge,806.1278245402118,-3140.240717071436,4188.99085180413,1927.9393601230831
83,Ridge,25.20287058479971,-70.56935469175278,146.73554026223974,100.97817588652651
84,Ridge,0.08118213651732731,-63.51736235880753,119.4991779806146,56.06301035186834
85,Ridge,1327.590673632814,-368.4776187398943,515.1528046298474,1473.55894645627
86,Ridge,858.4199954790429,-72.20665411821301,110.33808590984609,894.5765037671385
87,Ridge,1897.8189014474751,-130.2025833706839,186.01335687240544,1946.8436638491517
88,Ridge,773.9329970854724,-3535.565063077559,4683.622717200207,2047.6249613624404
89,Ridge,64.08894142413192,-3024.6393235954347,4504.619789064052,1544.98363793742
90,Ridge,1.674107311341686,-721.6271838022999,1038.799850529388,318.80710492801154
91,Ridge,1731.8005092157691,-1183.038830783598,1490.9573443858776,2122.5443162039624
92,Ridge,111.404085051935,-1327.2779443597228,1955.4019948905252,740.8472213466775
93,Ridge,76.16039068744976,-99.25623101129668,192.18792827442758,168.22153440090597
94,Ridge,0.0,-1117.8885197260252,1590.8187787165589,472.93025899053373
95,Ridge,413.93270360001543,-476.56655283803593,567.3689965601302,576.1548314222746
96,Ridge,7.37420267583002,-1458.9612186894437,2122.8562964129433,671.5247905927545
97,Ridge,0.0,-63.71576305505869,120.63426788762945,56.91850483257076
98,Ridge,0.0,-34.65461241589446,63.45269660485337,28.79808418895891
99,Ridge,0.0,-0.8162451685425367,10.821737042666882,10.005491874124345
100,Ridge,6.336138100153221,-3.575080327431351,25.5724350417795,28.334475720836053
101,Ridge,1343.6319710249236,5.905137627255158,45.621480108710614,1388.4452272811266
102,Ridge,416.75252608421533,-68.60422325762693,122.31819724153502,472.1741068300903
103,Ridge,265.8906526389169,-32.23895898826163,62.642624482688234,296.20640829986473
104,Ridge,3.1009200726368817,-3.824419850542199,25.616992584466516,24.948623723653554
105,Ridge,118.24334778416869,0.831576028731206,2.2964741219766438e-11,118.175654691241
106,Ridge,14.047985856626497,-0.4497642436562046,1.776702604189154,15.38770193436335
107,Ridge,142.50716010479744,0.06974902823833418,1.5347723092418164e-11,142.57134934352916
108,Ridge,14.068556691078811,-32.67570024567931,67.41331224577061,48.472804679779074
109,Ridge,492.3712924680126,-34.383730306434245,44.370444628400946,504.45880703152716
110,Ridge,9.285486253132149,-3.813286458862649,27.680769345427507,33.160897194331255
111,Ridge,111.30100294621525,-3.1502546369727042,22.413819455987323,131.40843437454168
112,Ridge,18.311209508605316,0.236941228019532,5.223250421375951,23.607662460043002
113,Ridge,218.73419263254573,0.22267315066778792,7.352189708383094,225.55687998187022
114,Ridge,186.41980488929232,-0.875650524586149,-34.71585592535837,148.8515399824455
61,Gradient Boosting,630.5154743508765,-7.614984358758193,55.49919575725471,674.8146548125478
62,Gradient Boosting,1795.5860733885775,3.7195964276711493,27.768022809878403,1809.6106358553125
63,Gradient Boosting,1913.9965885843212,3.813751383886938,36.86573823787376,1935.0467658061689
64,Gradient Boosting,2113.8968131917254,4.20390134240165,0.7339742127030604,2109.2068239370947
65,Gradient Boosting,509.3672236276366,-3.602552879495306,12.617939638503685,518.961332855637
66,Gradient Boosting,1193.8538942817522,0.2740315031828686,48.13497863598923,1233.8122399521567
67,Gradient Boosting,18.96878912908869,-11.09967193709781,62.58847313860542,70.06365404874714
68,Gradient Boosting,581.6195653741916,-9.83071726104481,53.022226321915696,621.8092474767541
69,Gradient Boosting,1599.381402085758,13.973465294460539,21.380864272731287,1608.451942890989
70,Gradient Boosting,1129.1968042862673,1.0410839682044752,54.23103991190101,1170.4507722882581
71,Gradient Boosting,-975.2836740719163,-2.938626864750404,-6.597389031847797,-990.0313635400416
72,Gradient Boosting,1147.9640228382516,0.1500728690775759,32.77701653608369,1173.0053376047595
73,Gradient Boosting,1625.6149085230008,-3.1604677022007763,23.224273841758077,1637.01146488204
74,Gradient Boosting,1147.315027711098,-5.311879252185463,24.562101643063215,1161.1005573703906
75,Gradient Boosting,2405.00649370168,-0.21948969397055862,34.432645611413705,2428.710022867328
76,Gradient Boosting,1074.291051709466,-6.78078183675234,57.36244988177623,1116.6836452984808
77,Gradient Boosting,42.34951449827895,-5.517836832663306,46.71641887007627,82.84554201411811
78,Gradient Boosting,237.58866514464353,-5.008056443828991,46.42971797573318,275.1589791212564
79,Gradient Boosting,2796.5735103736606,-13.417294794254076,49.93254865779795,2835.55881265095
80,Gradient Boosting,1304.615199392637,-3.945048269273684,22.973331336562296,1315.4721514713397
81,Gradient Boosting,3842.1366318791393,5.7741943475294875,70.666188498873,3902.716435468461
82,Gradient Boosting,1353.414650023563,-2.4588523683023595,24.146344012576265,1366.3234424645962
83,Gradient Boosting,180.0966605235153,-8.378746647881144,39.29258099793151,209.78825773136805
84,Gradient Boosting,32.493656246849696,-0.8002025130781476,37.980170312279824,69.20553954554589
85,Gradient Boosting,1418.484965417676,0.14721629818859583,19.064217913117318,1428.1065162403388
86,Gradient Boosting,1093.6420088040222,-3.364638360445042,20.702506522951353,1103.7660050415052
87,Gradient Boosting,2271.1563929755,2.0368098251026368,32.660069289978765,2289.6073610987905
88,Gradient Boosting,1153.0574013821183,-2.5364859707538017,17.306540343323377,1160.7614232995688
89,Gradient Boosting,379.4647782326615,-10.254768339145812,61.51296555997669,428.4820522566133
90,Gradient Boosting,45.17227537580948,-9.563828508974893,41.673043410314676,77.16532190941507
91,Gradient Boosting,1755.4217005018588,-3.955408091273739,27.466604637697174,1773.6076309332402
92,Gradient Boosting,135.13829168151733,-8.305952731097022,47.466668940080126,173.68643175255784
93,Gradient Boosting,63.24842656711826,-5.115963105665287,39.30074631194702,96.59155458193618
94,Gradient Boosting,0.0,-13.154514933996325,79.82783244950497,66.67331751550864
95,Gradient Boosting,389.8983913508714,-4.949232515323274,31.477008906536412,415.9054811440765
96,Gradient Boosting,0.0,-11.394043758089083,64.31928315992718,52.9252394018381
97,Gradient Boosting,0.0,-5.213859750467236,42.89855060722357,37.68469085675633
98,Gradient Boosting,0.0,-4.247951653938799,28.80028930889648,24.552337654957682
99,Gradient Boosting,0.0,-2.671542522215077,6.579668996142573,3.9081264739274957
100,Gradient Boosting,0.0,-1.8052147899738884,11.484011192071648,9.67879640209776
101,Gradient Boosting,1288.620753546777,4.798477423164286,45.62148010873375,1332.2914489350526
102,Gradient Boosting,395.32550500079606,-7.478403138238718,28.108853220213405,418.35971112937705
103,Gradient Boosting,237.2492206927459,-3.6966186066676983,23.764805763359618,257.0673670714682
104,Gradient Boosting,0.0,-3.1806046937790597,25.616992584472882,22.436387890693823
105,Gradient Boosting,107.07245443572128,-1.4704322581833367,23.758043007149126,128.43679440837013
106,Gradient Boosting,2.9111492841543622,-1.983508938550358,7.029512972558223,7.957349540556606
107,Gradient Boosting,102.6688897409532,-0.0028191235480790056,6.739584601863385,109.41234964531714
108,Gradient Boosting,6.52757884215589,-3.5654876931125727,32.82411730776903,35.631533040188515
109,Gradient Boosting,467.0443275670948,-0.28597321396841835,7.959621411539956,473.45663758989554
110,Gradient Boosting,0.0,-1.2675911651592742,10.16512762632101,8.897536461161735
111,Gradient Boosting,101.32266805947893,-3.1505826907648498,22.413819455960265,121.42434001924539
112,Gradient Boosting,13.710895636359055,-3.5426773911326563,9.33977126196578,19.406767769452927
113,Gradient Boosting,188.67056604317713,-1.5562070168220998,3.356630019312888,189.76179596148313
114,Gradient Boosting,805.0625412556751,-1.7600835147813996,25.160489830415827,824.8761116814726
61,Extra Trees,879.2148512086351,-4998.2183709021765,6590.479025447139,2600.950354082368
62,Extra Trees,2426.631159008518,-3593.263957699225,4108.559014823356,3279.181872556621
63,Extra Trees,2295.035984344895,-4192.413202577345,5034.724531317663,3437.619985263693
64,Extra Trees,2584.946522705677,-471.37691215445477,487.13868970788326,2683.291480240737
65,Extra Trees,674.8157280892992,-1747.6418780496851,2095.2915736138148,1140.593216461587
66,Extra Trees,1523.679385850578,-1534.3147512286062,1355.1641933332203,1671.0124469563434
67,Extra Trees,144.27840819461562,-2686.3066936877694,3614.742667289098,1094.3479128205336
68,Extra Trees,858.7246510330806,-3674.558238951324,4670.1309645680285,2036.258291806871
69,Extra Trees,2407.1121403388997,-2690.843191721189,3050.083160031384,3042.042274944769
70,Extra Trees,1410.4934353770404,-5081.460942636936,6417.457063233853,2960.5084269919626
71,Extra Trees,2240.053649713889,984.2054195086575,-1047.7044990789418,351.4258381545701
72,Extra Trees,1486.1363669816483,-1703.6335863578179,2167.6962120869175,2023.9881112333096
73,Extra Trees,1748.790105901614,-2172.3541220239385,2543.6369576960615,2315.1044135177735
74,Extra Trees,1570.1979051790095,-3258.010585674012,3829.4896185646594,2437.384124125004
75,Extra Trees,2656.8738704143343,-2351.420167433426,2475.6981943577402,3143.288814174429
76,Extra Trees,1394.2445853450045,-3971.80607089928,5003.891129272375,2609.958762490023
77,Extra Trees,87.5388113025083,-1593.6421148776963,2260.540071094215,759.1620843384171
78,Extra Trees,506.0811701482353,-913.5291948905469,1122.4292486629238,776.5246312283589
79,Extra Trees,2952.2139947588257,-1850.0186956467478,2077.554902927921,3361.3855171936602
80,Extra Trees,1637.004375159454,-1841.890653698205,2106.391858284229,2106.3356949110057
81,Extra Trees,4636.330813615021,-2967.3615049605173,2590.6661728334857,4993.698808353113
82,Extra Trees,1697.5592315839913,-2576.8543455838744,3112.0773047014463,2454.0923844504614
83,Extra Trees,392.4035908128635,-2133.6227442395275,2735.1892773654963,1082.048941362922
84,Extra Trees,66.73200920073214,-1564.5460889454516,2213.9040466471997,716.2322015115833
85,Extra Trees,1720.6427344134408,-892.4756373057094,1126.9847874055413,2006.6403483269132
86,Extra Trees,1533.4997891622806,-1817.3077885411076,2077.368192634096,1977.14584353191
87,Extra Trees,2773.574540115699,-3108.311519229673,3613.3096374270417,3551.9795914013885
88,Extra Trees,1728.581541395466,-1791.0938173430823,2102.3574875784816,2210.3304183255677
89,Extra Trees,505.0407597666235,-3100.111431038559,4097.126662819523,1602.6082316864768
90,Extra Trees,159.85383648153947,-1906.2209862666577,2621.0942123025397,883.1341890494987
91,Extra Trees,2204.5899594554962,-1305.7492422006562,1577.8525270539863,2551.13807070838
92,Extra Trees,294.87656397811406,-860.7267657149746,1165.920207367627,634.0817454290991
93,Extra Trees,200.00948786578283,-866.0395184590247,1179.6195890438566,513.1066052944379
94,Extra Trees,21.90460802429061,-1917.0851483109955,2738.3029243657,844.486562871436
95,Extra Trees,539.4747250002129,-922.8119611766533,1037.5082261118328,786.12808454792
96,Extra Trees,39.53497915765365,-2313.9267889718794,3165.4049782774327,902.8982521641028
97,Extra Trees,63.703215803395324,-1216.8462394743437,1622.1175095440512,480.03608995589
98,Extra Trees,79.59824042913624,-803.0605157768109,1125.6583252614773,401.9884276098669
99,Extra Trees,32.90855844033058,-10.635297347506821,29.02908753289148,51.593676091649286
100,Extra Trees,32.024491352236964,-393.5911938917966,524.8393740817246,163.27335034633415
101,Extra Trees,1400.5504515159994,3.921739922800157,59.72975029518216,1457.1717940636224
102,Extra Trees,448.1370128849712,-799.4327818209745,1129.5860106064483,784.0014972420513
103,Extra Trees,348.41600996284933,-398.63307693875277,518.8946226794219,469.59405327896866
104,Extra Trees,39.19293652626038,-794.9454324656458,1114.9163786004228,359.8606895711214
105,Extra Trees,172.61296242211074,-33.7144632381528,62.63586172643545,200.3458695896279
106,Extra Trees,28.355507449289235,-2.377780415133202,3.430781370565228,29.50962015428422
107,Extra Trees,180.98110102948658,-2.576766221767457,20.751572870863583,198.405094004607
108,Extra Trees,63.77477712260679,-1149.3458754784347,1621.8987213722867,535.505908054979
109,Extra Trees,666.6628300567163,-925.1547200704824,969.6622659461214,851.8658237745785
110,Extra Trees,59.620500263379654,-393.5002027419823,535.4613401821384,207.50950201443857
111,Extra Trees,118.69656151379331,-394.6238637782285,508.20712010653983,233.16274938100287
112,Extra Trees,139.96364766779607,-5.328064559556424,17.229986848267345,151.25702369499913
113,Extra Trees,251.89329209346624,-40.23321151185473,83.50645707387957,294.9903553809045
114,Extra Trees,972.2285198310597,-367.3946987635027,528.6168039949703,1130.158029897802
61,Metadata Gradient Boosting,359.00574546200414,-7.227550005599824,42.514669982339456,390.61852887556597
62,Metadata Gradient Boosting,1610.834639851722,-2.855206185830866,27.768022809887952,1623.6409509304622
63,Metadata Gradient Boosting,1983.2166152930704,0.9550094173437174,17.20123269138776,1992.9986940287781
64,Metadata Gradient Boosting,1747.5781112869995,3.5807075048462593,4.760068225241412,1743.9378698241526
65,Metadata Gradient Boosting,543.4632906512102,-5.800361404920295,16.672161578811938,555.1408738501059
66,Metadata Gradient Boosting,1256.7472282647886,-6.681551295093641,104.91996442435993,1354.9759427686727
67,Metadata Gradient Boosting,7.642132659071649,-9.084319012737524,62.72936938246448,61.10609750206277
68,Metadata Gradient Boosting,341.52398703005656,-6.58917692630439,53.0222263219116,384.0083548499524
69,Metadata Gradient Boosting,2157.757726685084,-0.2780011625377483,21.38086427271901,2163.649275789176
70,Metadata Gradient Boosting,1142.2473798825627,-5.115924725947934,54.23103991190965,1180.9305396422606
71,Metadata Gradient Boosting,728.806234029056,0.48044868270631014,-9.761184384419948,707.6119367335459
72,Metadata Gradient Boosting,982.8402126885503,-1.4479164869842407,41.27164677462224,1015.0265186856395
73,Metadata Gradient Boosting,1128.3049797163944,-0.27627593178885945,21.89310675244633,1137.7492432522918
74,Metadata Gradient Boosting,781.3958236067547,-5.306204170282399,33.89366412058462,802.1351611823038
75,Metadata Gradient Boosting,2235.923410626926,1.3333892630332684,20.520849481958294,2241.6028992934707
76,Metadata Gradient Boosting,745.6729330335734,-4.384402377039805,57.36244988178578,790.3319275115391
77,Metadata Gradient Boosting,31.966000106189313,-5.331807386761739,38.2564304206976,64.16564862171936
78,Metadata Gradient Boosting,196.53506062478618,-3.464602452010695,33.91375794918213,225.11475320083218
79,Metadata Gradient Boosting,2538.8416184094776,-13.131762787743355,38.23766111700206,2566.649175528233
80,Metadata Gradient Boosting,1101.269646537637,-1.0918725455398999,22.97333133656457,1113.2281221178714
81,Metadata Gradient Boosting,3492.153704888273,3.3422880253556286,123.80122175754332,3605.242797626528
82,Metadata Gradient Boosting,1045.155854759836,-0.6165300162888343,24.14634401259491,1057.5623958440988
83,Metadata Gradient Boosting,58.84923141961235,-4.600913310350734,35.15455849490036,88.20080844130734
84,Metadata Gradient Boosting,0.0,-6.379647452826248,37.98017031227846,31.600522859452212
85,Metadata Gradient Boosting,1390.9427018115111,-0.9812851408141796,19.064217913128687,1400.2926998010662
86,Metadata Gradient Boosting,869.4412224543898,-1.4214749530815425,17.492068345232383,877.7704026106799
87,Metadata Gradient Boosting,2075.162802403585,0.9532554299773892,32.66006928999059,2092.6061212341765
88,Metadata Gradient Boosting,938.7430174149226,-6.67086976270366,34.59812338181973,959.7166705884051
89,Metadata Gradient Boosting,245.2252995359254,-4.610762243827594,38.79867874312504,276.971478847493
90,Metadata Gradient Boosting,0.0,-6.701794529002655,58.557195173052605,51.85540064404995
91,Metadata Gradient Boosting,1735.0747352737226,-4.203884379163583,27.466604637670116,1752.9721843109169
92,Metadata Gradient Boosting,103.52193984732457,-1.9621944697778417,16.622738394572934,117.05451210734145
93,Metadata Gradient Boosting,55.5638323850867,-7.041840228723231,43.56746331596423,91.30632506032862
94,Metadata Gradient Boosting,0.0,-9.14362167455738,65.82107947562963,56.67745780107225
95,Metadata Gradient Boosting,493.3920059863676,-3.6747400710860347,27.838691789863788,517.3987105156571
96,Metadata Gradient Boosting,0.0,-9.501400642320732,64.319283159919,54.817882517598264
97,Metadata Gradient Boosting,0.0,-4.645681176285052,42.89855060723585,38.252869430950796
98,Metadata Gradient Boosting,0.0,-3.0133909441256037,24.593819796984462,21.58042885285886
99,Metadata Gradient Boosting,0.0,-2.202047317589404,6.579668996155533,4.377621678566129
100,Metadata Gradient Boosting,0.0,-3.1817672648612643,25.572435041752215,22.39066777689095
101,Metadata Gradient Boosting,1289.83887430879,1.1091341453459336,45.6214801087101,1330.3191869296174
102,Metadata Gradient Boosting,379.13626900035297,-10.205420309591318,42.21130215842595,413.48087312300777
103,Metadata Gradient Boosting,283.2266272523973,-4.444205264642051,28.05189707460181,307.59724897200863
104,Metadata Gradient Boosting,0.0,-3.306950827897026,25.61699258447902,22.310041756581995
105,Metadata Gradient Boosting,145.23716648952154,-2.0684163067492136,5.359700223128812,148.10053266933892
106,Metadata Gradient Boosting,2.036481256670413,-0.8995044900975699,7.029512972545604,8.166627005603232
107,Metadata Gradient Boosting,118.86497853803849,-1.1427648854762538,6.739584601874412,124.46138340043694
108,Metadata Gradient Boosting,6.101552054121385,-0.8767172702489461,14.567089849491367,19.647344210998426
109,Metadata Gradient Boosting,575.588342385993,-0.7210009378673021,9.42902773153196,584.2978720421654
110,Metadata Gradient Boosting,0.0,-0.6193808679249742,10.165127626315098,9.545746758390123
111,Metadata Gradient Boosting,128.55994349662944,-3.2919814595579737,22.41381945597402,148.843165476879
112,Metadata Gradient Boosting,5.129383371427593,-0.9125386451516988,5.223250421375951,9.41145274631981
113,Metadata Gradient Boosting,169.06008270087182,-1.8460243601107322,5.787278241518152,172.07719674150758
114,Metadata Gradient Boosting,945.765267892868,-1.553717971949709,21.055161078922993,962.4040918513069
61,Ex-post Metadata Gradient Boosting,401.9941002528394,-11.000386069942124,55.49919575723652,443.0473967165044
62,Ex-post Metadata Gradient Boosting,1638.2389614307071,-0.7497739231648666,27.76802280988977,1650.6921983752823
63,Ex-post Metadata Gradient Boosting,1776.1716153317861,-5.871319459366987,82.52102116128981,1835.399639451448
64,Ex-post Metadata Gradient Boosting,1727.530163545796,1.8205072547145846,18.214078067499713,1732.6112247229216
65,Ex-post Metadata Gradient Boosting,541.1913838705686,-14.348395968851037,46.12333380776454,576.1011225028988
66,Ex-post Metadata Gradient Boosting,1284.0669011949085,-9.572206533459394,104.91996442436903,1379.4068019089927
67,Ex-post Metadata Gradient Boosting,6.322182415642601,-14.195635693227814,76.35281305442004,68.3295513681187
68,Ex-post Metadata Gradient Boosting,418.46854615970005,-8.43613974201071,53.02222632192843,458.50935855983425
69,Ex-post Metadata Gradient Boosting,2187.35687378687,-0.771136635291441,21.380864272734925,2192.9032850617928
70,Ex-post Metadata Gradient Boosting,1128.878609264217,1.6863195030891802,14.48442800935186,1135.774496222995
71,Ex-post Metadata Gradient Boosting,643.2160587363244,1.1567760257321424,-6.597389031854391,625.9961713278944
72,Ex-post Metadata Gradient Boosting,992.7662341876348,-5.457103045609074,47.78898873274011,1024.8842557123962
73,Ex-post Metadata Gradient Boosting,1073.3666340622453,-1.4439178022230408,17.881265140118558,1081.791481882441
74,Ex-post Metadata Gradient Boosting,820.5092567700794,-3.3489307623813147,20.386071389571953,832.0526260621841
75,Ex-post Metadata Gradient Boosting,2044.1599897832473,-0.8233961985595215,20.52084948198967,2048.8224306511847
76,Ex-post Metadata Gradient Boosting,818.4070074701146,-0.4023435119961505,32.7524158761255,844.3940798797403
77,Ex-post Metadata Gradient Boosting,23.63541118163721,-1.3522085841732405,12.912146628980736,35.039201163727284
78,Ex-post Metadata Gradient Boosting,208.72772045882084,-5.738036274281058,31.659665244435473,233.26759000500533
79,Ex-post Metadata Gradient Boosting,2554.0357849236443,-9.476006388044198,27.959200163021933,2575.5752395969184
80,Ex-post Metadata Gradient Boosting,994.1501054502801,-6.285383337482017,33.20204385306397,1011.4962296467993
81,Ex-post Metadata Gradient Boosting,3517.499151811371,2.3094750179593575,123.80122175754036,3629.0882238217037
82,Ex-post Metadata Gradient Boosting,1032.691450313901,0.07677978541823904,19.34473552466079,1042.255349950392
83,Ex-post Metadata Gradient Boosting,68.35506142721442,-7.033780404433855,43.00605012473852,103.07448679500249
84,Ex-post Metadata Gradient Boosting,1.9771324799703507,-5.865386503549416,37.980170312253904,34.092222995379416
85,Ex-post Metadata Gradient Boosting,1383.6382164622867,2.007778246008911,15.851286873514482,1393.7554734077557
86,Ex-post Metadata Gradient Boosting,883.1267471209503,-3.8365793884449886,17.49206834524648,889.4008292750327
87,Ex-post Metadata Gradient Boosting,2040.2015265427503,-0.7605590176513033,32.66006928999241,2056.498678748285
88,Ex-post Metadata Gradient Boosting,750.6601076682387,-9.329294032199869,49.12134332811138,783.7113606288058
89,Ex-post Metadata Gradient Boosting,240.30398952532687,-11.310548401470896,61.51296555999306,287.6080846147361
90,Ex-post Metadata Gradient Boosting,0.0,-5.489647464288737,41.67304341032832,36.18339594603958
91,Ex-post Metadata Gradient Boosting,1755.6549519451273,-5.943697618245778,27.466604637685577,1771.6838178521407
92,Ex-post Metadata Gradient Boosting,103.77327331580727,-6.672889880345792,47.46666894009559,143.47796171565915
93,Ex-post Metadata Gradient Boosting,53.60770440879787,-6.2182768909378865,61.79040867465119,108.57364822390946
94,Ex-post Metadata Gradient Boosting,0.0,-9.932123967578718,65.8210794756169,55.88895550803818
95,Ex-post Metadata Gradient Boosting,477.21696338941547,-8.516886075471575,41.46070028460554,510.0520047001064
96,Ex-post Metadata Gradient Boosting,0.0,-5.621839849856769,46.55652624065124,40.93468639079447
97,Ex-post Metadata Gradient Boosting,0.0,-4.427128411617105,42.89855060722266,38.471422195605555
98,Ex-post Metadata Gradient Boosting,0.0,-0.9944651865550895,10.750256649792846,9.755791463237756
99,Ex-post Metadata Gradient Boosting,0.0,-0.7238708045474596,6.579668996171222,5.855798191623762
100,Ex-post Metadata Gradient Boosting,0.0,-0.7795247370843299,11.484011192111439,10.704486455027109
101,Ex-post Metadata Gradient Boosting,1355.1811563479512,2.9982204618238484,41.3314075111723,1392.8710907275768
102,Ex-post Metadata Gradient Boosting,400.10121319737596,-4.943796659135387,14.002661917435262,411.7286600750449
103,Ex-post Metadata Gradient Boosting,250.29810767796744,-1.360422059451139,9.656535576918031,258.6331902040206
104,Ex-post Metadata Gradient Boosting,0.0,-1.2883528664106052,11.511967728110449,10.223614861699843
105,Ex-post Metadata Gradient Boosting,145.26974562059638,-0.0977309965526274,5.359700223105506,150.1418217030798
106,Ex-post Metadata Gradient Boosting,2.699677156029338,-0.7211790337613593,7.029512972560951,9.008193063208068
107,Ex-post Metadata Gradient Boosting,97.32945551676016,-0.4039740001580867,6.739584601880324,103.66929660445203
108,Ex-post Metadata Gradient Boosting,5.327112428647297,-0.9635379031142293,14.567089849474087,18.804434825854514
109,Ex-post Metadata Gradient Boosting,559.7980280046327,0.40844760872755614,7.959621411533135,566.6884588498663
110,Ex-post Metadata Gradient Boosting,0.0,-2.183888427602369,23.688145518415013,21.504257090812644
111,Ex-post Metadata Gradient Boosting,121.54373367029825,-5.105282524323684,22.41381945598482,139.95133992503452
112,Ex-post Metadata Gradient Boosting,0.0,-4.151710171990544,5.223250421366629,1.0715402493760848
113,Ex-post Metadata Gradient Boosting,168.9166237895147,-0.30536343181870507,3.3566300192949257,171.326802209456
114,Ex-post Metadata Gradient Boosting,932.7027365637989,-1.1080491957163758,34.71585592536553,963.6554441583232
61,Ex-post Quantile Gradient Boosting,-63.90983268407808,1.517779534377837,-2.642373161728983,-67.91720832136593
62,Ex-post Quantile Gradient Boosting,-677.3780827613791,-6.2163656118307244,-4.092726157978177e-11,-678.5694553149244
63,Ex-post Quantile Gradient Boosting,-1912.6351188407002,-6.862908160425377,-9.322410830355693,-1920.842148676265
64,Ex-post Quantile Gradient Boosting,-2170.9099730375096,-5.492551154522516,-0.5409977478302608,-2172.5964842102735
65,Ex-post Quantile Gradient Boosting,501.8722971397922,-1.3623347374320929,4.565380848636778,504.97811796489873
66,Ex-post Quantile Gradient Boosting,1097.1541787394583,-0.3564350309323743,-54.78146701291098,1042.735525559571
67,Ex-post Quantile Gradient Boosting,13.000855466723579,0.34734208963709534,4.598769288989843,17.63890274005098
68,Ex-post Quantile Gradient Boosting,499.1708745182008,0.9170865598235878,1.9664906953768195,500.98290947953706
69,Ex-post Quantile Gradient Boosting,-1469.368841074766,-7.051880079178545,-1.5916157281026244e-12,-1470.538239402773
70,Ex-post Quantile Gradient Boosting,-285.95685294094596,-6.264665069685975,2.0691004465334117e-11,-287.13624486862625
71,Ex-post Quantile Gradient Boosting,-1963.2723985958455,-5.402384835982957,-1.546140993013978e-11,-1962.0961507151387
72,Ex-post Quantile Gradient Boosting,-36.59599445638628,-5.011525266076887,-1.3301360013429075e-11,-37.539409517392414
73,Ex-post Quantile Gradient Boosting,-872.2382961301405,-3.1117440284940585,-3.0411105417451836,-875.8545502721056
74,Ex-post Quantile Gradient Boosting,474.5574553915551,1.7890726911600723,-6.7445682478441995,466.05404282230734
75,Ex-post Quantile Gradient Boosting,-1028.6697111141098,-4.444966470860891,-20.10758007699451,-1049.7571070243812
76,Ex-post Quantile Gradient Boosting,817.0425134230363,-3.9077821002031214,-1.1890334100876316,814.6662455267201
77,Ex-post Quantile Gradient Boosting,30.779910328944197,0.034996455328609954,8.86497992148179,39.48559552996085
78,Ex-post Quantile Gradient Boosting,233.36321911718096,0.004648074846727468,3.261332233948451,236.71168909445623
79,Ex-post Quantile Gradient Boosting,1839.370239027343,7.952269459565741,-20.1566307840053,1818.0898341822608
80,Ex-post Quantile Gradient Boosting,-1139.7463184827764,-2.226305995506209,-0.8965899460608853,-1139.8826163879112
81,Ex-post Quantile Gradient Boosting,31.031184796477874,-7.821202622509645,-96.52825704816632,-66.78955890006591
82,Ex-post Quantile Gradient Boosting,-1033.2400048123727,-3.541611177992536,5.9117155615240335e-12,-1032.277702863902
83,Ex-post Quantile Gradient Boosting,127.00869398333475,-0.668933014756476,4.14682194668444,129.88966112386356
84,Ex-post Quantile Gradient Boosting,10.641245016391167,0.8462837650345136,3.80439872070383,15.23650635523677
85,Ex-post Quantile Gradient Boosting,-556.2176404729048,-5.212716406450113,-1.9424704613564927,-559.0131759582589
86,Ex-post Quantile Gradient Boosting,38.929859512494716,-2.89157374063808,-1.7773810597590796,36.079284776182135
87,Ex-post Quantile Gradient Boosting,-2168.1410516128585,-7.201715746300579,-2.5011104298755527e-11,-2169.4179801111723
88,Ex-post Quantile Gradient Boosting,-657.4345028575522,-4.052893958725463,-1.2505552149377763e-11,-658.3910119523971
89,Ex-post Quantile Gradient Boosting,302.33964576526773,0.11735492533352954,2.287532929183044,303.4424819962562
90,Ex-post Quantile Gradient Boosting,7.252096125411754,-0.1399452626828861,11.38554657681243,18.420213534014692
91,Ex-post Quantile Gradient Boosting,-499.80106140017654,-3.2940240242689924,-1.230837455371102,-501.898427889848
92,Ex-post Quantile Gradient Boosting,110.28674965356095,-1.4849758943905726,16.622738394567023,124.46027157391791
93,Ex-post Quantile Gradient Boosting,66.86499879803182,-0.7396809517451857,15.910325135906305,81.37325395232892
94,Ex-post Quantile Gradient Boosting,0.0,-8.16950539457821,65.81431618355009,57.64481078897188
95,Ex-post Quantile Gradient Boosting,393.833406627346,-0.92164129572825,9.448012964758618,402.3472796524479
96,Ex-post Quantile Gradient Boosting,0.0,-1.2492878582643243,14.883046960320371,13.633759102056047
97,Ex-post Quantile Gradient Boosting,0.0,-1.0180567145575878,15.005936749810871,13.987880035253283
98,Ex-post Quantile Gradient Boosting,0.0,-0.4355310141211248,6.559244490190849,6.1237134760697245
99,Ex-post Quantile Gradient Boosting,0.0,-0.00966799508182703,3.637978807091713e-11,-0.009667995045447242
100,Ex-post Quantile Gradient Boosting,0.0,-0.01900698457461658,7.201365623400534,7.182358638825917
101,Ex-post Quantile Gradient Boosting,691.5543353079906,-5.330680813684467,-46.28835023887996,644.8471016656649
102,Ex-post Quantile Gradient Boosting,411.80190999164984,-3.226842788881413,3.616982108395632,414.7469293776296
103,Ex-post Quantile Gradient Boosting,233.7770653715803,0.6736220992160042,5.366462979373637,239.68919936920247
104,Ex-post Quantile Gradient Boosting,0.0,-0.1482070384005283,1.8084910541878116,1.6602840157872834
105,Ex-post Quantile Gradient Boosting,118.16729028878729,0.24252706117738398,2.376230741848417,120.57148456485936
106,Ex-post Quantile Gradient Boosting,7.07267086749863,-0.07660771669037558,1.4381384971784428e-11,6.9965398754010835
107,Ex-post Quantile Gradient Boosting,110.42318199631723,-0.007684687514711186,2.8478552849264815e-11,110.42181919313697
108,Ex-post Quantile Gradient Boosting,8.079994797641689,0.18198923041859416,3.410605131648481e-13,8.208603296719843
109,Ex-post Quantile Gradient Boosting,472.88230777099216,-0.04034606154516496,4.411971729299012,477.26818699030514
110,Ex-post Quantile Gradient Boosting,2.8931075172556575,0.1120139600506036,1.864464138634503e-11,3.0055702765241676
111,Ex-post Quantile Gradient Boosting,109.97249506554357,0.055420690573384945,4.6446374585250965,114.93732432534989
112,Ex-post Quantile Gradient Boosting,7.121165069878543,0.25099538585095615,5.2232504213798165,12.528478911055458
113,Ex-post Quantile Gradient Boosting,218.14491110377344,0.3960281049887726,2.194650859373155,220.10769529456616
114,Ex-post Quantile Gradient Boosting,-820.8834228304323,-3.339382642390433,-16.932583117388162,-837.4916842436642
61,Synthetic Control,844.6064453518529,-2892.3747290613965,3545.3464350559107,1618.7476421161546
62,Synthetic Control,2333.768560456252,-2671.8544739264817,3053.701861074058,2976.002126876493
63,Synthetic Control,2522.972061287248,-582.7481351031015,657.6037459864281,2365.4910845503464
64,Synthetic Control,2708.1512315233813,-3952.389532398053,4367.798327604436,3562.818714872671
65,Synthetic Control,654.4588587579701,-857.7517278045289,1107.0421582616045,926.994998436855
66,Synthetic Control,1597.573609462118,-1158.7152320895289,864.7623328294098,1645.9512480895855
67,Synthetic Control,122.24932405290565,-3100.4035670289713,4206.56179173505,1246.8930147054207
68,Synthetic Control,775.8733761503072,-868.9297260662743,1150.3445957171416,1060.4562645889519
69,Synthetic Control,2770.7680171603824,-2460.1289104725,2870.6963374630095,3455.2361168582165
70,Synthetic Control,1649.2286894793897,-874.6395005096001,1138.2844152376656,1943.7523485747051
71,Synthetic Control,2523.7989960601917,-2334.481413080901,2717.6224752822072,3170.142553069132
72,Synthetic Control,1373.4829546434676,-1628.0435046945195,2182.708184283567,1947.6198932844281
73,Synthetic Control,1743.4336092889607,-1403.0882347897764,1538.1569954087126,2010.3003409449593
74,Synthetic Control,1369.844987001985,-1394.1583560156032,1493.9426837402125,1636.7372867498152
75,Synthetic Control,2819.951077083049,-1766.1459544078455,2061.669230722016,3282.106056821871
76,Synthetic Control,1231.432134951814,-1642.6598687096657,2197.888550552825,1809.9993591352077
77,Synthetic Control,133.7955020623067,-824.3855208790183,1104.8800986300475,421.4846299106439
78,Synthetic Control,493.12140623850973,-1275.0570979679742,1600.6794551785679,870.6393840032015
79,Synthetic Control,3206.012513498169,-1363.2336430564264,1505.2310045002405,3504.8208901859625
80,Synthetic Control,1583.9380827833193,-1394.4650471658056,1577.4564552185766,1937.5853335788206
81,Synthetic Control,4164.687890410962,-2157.137709476728,1886.5810287136774,4434.889851641397
82,Synthetic Control,1540.977712775887,-2110.567739596706,2547.1210065353453,2106.046048249703
83,Synthetic Control,324.80789409132376,-1269.3142956228949,1590.5251697223666,702.5433039917734
84,Synthetic Control,277.94715351689047,-1238.2405639856202,1606.2219935501535,675.0301926256543
85,Synthetic Control,1892.5881391224393,-1678.6739878237759,2138.1274274153293,2424.806886139234
86,Synthetic Control,1324.7990950266653,-941.9417298816779,1086.3349294054283,1551.908817352608
87,Synthetic Control,2615.2725018079736,-1796.8169331143436,2125.924736827209,3066.306007248795
88,Synthetic Control,1388.388817389423,-1284.9526279169695,1629.4680260281602,1790.1989998500903
89,Synthetic Control,543.2256495934698,-1694.3377946951064,2175.332372691142,1096.7717137212576
90,Synthetic Control,218.4091829912868,-1619.0504184272004,2197.8715332958463,835.7558222589896
91,Synthetic Control,2166.1731932770754,-1307.252123781313,1578.9078338888748,2535.868438080508
92,Synthetic Control,258.6098788378149,-1670.3620913514924,2215.7303747812903,842.8494028508981
93,Synthetic Control,206.21596301319732,-1644.9125316310824,2223.357084044136,812.6913561335464
94,Synthetic Control,70.21907798548182,-2410.6045583881023,3317.2803086865524,976.4714684267337
95,Synthetic Control,568.939485386486,-1724.7571740974572,2120.971296432722,1105.1926903747603
96,Synthetic Control,110.68867290210255,-1600.8214340859404,2212.229798394781,733.9059156344547
97,Synthetic Control,30.547301218219218,-1619.5875471566374,2214.7012671653392,625.5630655519908
98,Synthetic Control,43.10788824654719,-1214.3630680115803,1667.6060900007133,496.25592238407353
99,Synthetic Control,1.467677253209331,0.010883957091721186,1.5290879673557356e-11,1.4688649559114424
100,Synthetic Control,28.635958971885657,0.08922527407366942,2.0463630789890885e-12,28.636475599721166
101,Synthetic Control,415.6948011426422,-1.8167681231625465,-66.74791024131275,348.9596151338948
102,Synthetic Control,474.76291800531567,-0.48530873902723215,4.353367983018643,479.1225668387319
103,Synthetic Control,342.09621867335477,-0.23195536729758715,9.656535576895294,350.0065028418803
104,Synthetic Control,0.0,-0.47681483799431135,4.28885810842587,3.812043270431559
105,Synthetic Control,139.1208443016484,-2.022291985090874,20.774573525884193,157.6642601662079
106,Synthetic Control,116.21659716557309,-1.049349514909892,1.7767026041809686,117.34756748787447
107,Synthetic Control,271.67791453794496,-0.5873491071466219,1.7982331290461389,272.9282305831189
108,Synthetic Control,112.70804979619129,-1.2891633394165183,6.071887690957965,117.40469677182818
109,Synthetic Control,603.8612565824855,-1.8773376663840509,9.429027731538667,611.6930686293495
110,Synthetic Control,123.61784087062847,-1.0179625952254128,2.8414501992892838,125.70281628239013
111,Synthetic Control,245.73421982538412,-2.639890591252879,8.772485330420977,252.8969304662735
112,Synthetic Control,64.10482990481114,-0.8939500374428917,9.112731253354013,71.64943316552717
113,Synthetic Control,462.10210648983514,-0.6632968994516659,2.1832942465947554,463.7614585549976
114,Synthetic Control,1008.1110811476988,-202.2034983975626,56.151986246026354,682.0768814044129
61,Feasible Quantile Projection,-307.1857859289029,0.26286349446456825,1.1709744285326451e-11,-306.9949229348467
62,Feasible Quantile Projection,641.0039088248251,-6.699800427251738,1.7266188478970435e-12,639.7573811770262
63,Feasible Quantile Projection,-681.7658749529145,-11.106441983431296,-5.229594535194337e-12,-679.7195379108398
64,Feasible Quantile Projection,-526.5010915263,-6.088910759356963,-0.5409977478077508,-528.175674955709
65,Feasible Quantile Projection,-94.68484528273996,-0.3867649045063217,1.261923898709938e-11,-94.50885307797353
66,Feasible Quantile Projection,416.0907924545544,-3.302540717788901,-42.906059868337564,373.8017359351352
67,Feasible Quantile Projection,-22.37120932748644,-0.0434326703896204,-1.1596057447604835e-11,-22.30460892893143
68,Feasible Quantile Projection,22.852527548749435,-0.9595796250357296,1.3869794202037156e-11,22.81169585318179
69,Feasible Quantile Projection,235.6556024572821,-7.0704525047731295,1.1652900866465643e-11,234.38129535247776
70,Feasible Quantile Projection,294.49405680317125,-6.9586017969000125,1.0800249583553523e-11,293.15869484156406
71,Feasible Quantile Projection,-657.8393044794179,-6.337626084296971,1.9099388737231493e-11,-656.6700310245983
72,Feasible Quantile Projection,-296.71685283967327,-5.40462364389839,-4.206412995699793e-12,-297.7330939921151
73,Feasible Quantile Projection,-90.93980227286693,-3.9384106411554285,-1.5533337014772997,-93.16309241170813
74,Feasible Quantile Projection,-447.9120362521082,-0.11204632057558683,-0.5866878908162789,-448.6211271133725
75,Feasible Quantile Projection,666.1104073539475,-10.587280006184926,6.323830348264892e-12,664.1484352713583
76,Feasible Quantile Projection,-323.5155862229919,-6.606977272552115,-2.8990143619012088e-12,-324.7284859890419
77,Feasible Quantile Projection,-77.15397528239907,-0.12273408426563037,-8.753886504564434e-12,-77.1442709498582
78,Feasible Quantile Projection,-15.12546032203798,-0.1721460757826776,-2.8705926524708048e-12,-15.159373425958108
79,Feasible Quantile Projection,648.2058556077111,12.421096865005438,0.6966986119657577,646.4275146494074
80,Feasible Quantile Projection,-528.265484204171,-3.0014417849491792,-0.8965899460429227,-528.6462422136104
81,Feasible Quantile Projection,1125.9055268098682,17.991335933386154,1.2732925824820995e-11,1117.2652843256546
82,Feasible Quantile Projection,-552.6496602340937,-4.961772200104747,-1.887201506178826e-11,-551.7034468039798
83,Feasible Quantile Projection,-156.72817384857728,-0.5862164667612717,-1.2988721209694631e-11,-156.5552408821365
84,Feasible Quantile Projection,-76.18246363491994,-0.2226411603244287,2.0463630789890885e-12,-76.15143603920387
85,Feasible Quantile Projection,71.42064594719994,-5.698893140103905,-1.9424704613341532,68.61559015612659
86,Feasible Quantile Projection,71.05805605841766,-3.3590224950662275,-1.716671249596402e-11,70.43196133655022
87,Feasible Quantile Projection,-451.0809854544875,-8.409702195709087,-1.432454155292362e-11,-452.62004818195453
88,Feasible Quantile Projection,-330.60781616608017,-4.852796902101659,-1.1368683772161603e-12,-331.56936201304444
89,Feasible Quantile Projection,-319.51885828317904,-0.8640702179782238,-0.035783242974218865,-319.4228664689553
90,Feasible Quantile Projection,72.99791299203783,-0.21222477816319874,7.839062732273305e-12,72.96833646182613
91,Feasible Quantile Projection,517.9339600641813,5.0698905817680355,0.17553062050855317,517.1658748019266
92,Feasible Quantile Projection,-138.43632313730828,-0.8677359561719413,-9.094947017729282e-13,-138.3033738449051
93,Feasible Quantile Projection,-82.60121670813965,-0.7636708551847846,-0.23307634138183175,-82.77933913194056
94,Feasible Quantile Projection,-3.0479524424777082,-0.012113274577700395,-6.821210263296962e-13,-3.0502719509051985
95,Feasible Quantile Projection,104.54795112759271,-0.18333406246611617,-2.6432189770275727e-12,104.57855623498193
96,Feasible Quantile Projection,-15.39917872366459,-0.03100292161843754,-5.002220859751105e-12,-15.395765213363802
97,Feasible Quantile Projection,-15.562914353989783,-0.040272434643014776,-2.8705926524708048e-12,-15.557639466409285
98,Feasible Quantile Projection,-20.631862054479313,-0.03846762112900137,1.9895196601282805e-13,-20.627915403853223
99,Feasible Quantile Projection,-11.661326913231989,-0.03075764675995174,-1.1283418643870391e-11,-11.657255730518443
100,Feasible Quantile Projection,-9.662157344204502,-0.0014949419287972887,1.4210854715202004e-12,-9.663681636645833
101,Feasible Quantile Projection,793.6608511427046,5.832249329907199,41.331407511185205,834.3732958363375
102,Feasible Quantile Projection,176.66926216691763,-0.5742481950103411,4.206412995699793e-12,176.1731294319236
103,Feasible Quantile Projection,-228.37515146902018,0.13404572413054439,-1.4722445484949276e-11,-228.2539282475659
104,Feasible Quantile Projection,-0.6811505716374313,-0.0005050143200264756,4.604316927725449e-12,-0.6811764452925786
105,Feasible Quantile Projection,118.88292010662914,0.2611405287583608,2.3762307418573982,121.30241250321515
106,Feasible Quantile Projection,-8.663669702119705,-0.006657631921285656,1.354294454358751e-11,-8.663088513315628
107,Feasible Quantile Projection,-114.86665636818778,-0.02693810381774142,-2.7995383788947947e-12,-114.89751668652767
108,Feasible Quantile Projection,-13.169377022231231,-0.010416129486941372,1.1311840353300795e-11,-13.123278225927152
109,Feasible Quantile Projection,476.67079924393886,0.08381946585836886,2.751484124868057,479.4953276021017
110,Feasible Quantile Projection,-28.711152484916397,-0.07328921446239178,4.433786671143025e-12,-28.703479651456178
111,Feasible Quantile Projection,-143.37118364264012,0.08442809727500844,-1.4210854715202004e-12,-143.50242074809614
112,Feasible Quantile Projection,-49.61118222678226,-0.08152170184212082,6.821210263296962e-13,-49.60142537703564
113,Feasible Quantile Projection,95.51487778356042,-0.8884403762179858,7.929656931082718e-12,95.38324711252312
114,Feasible Quantile Projection,-453.50016789333444,-3.2915565374108837,-16.453242891293826,-469.5253175302228
61,Tail-Risk Feasible Counterfactual,-203.78302414566622,-1.1518352661871631,1.3528733688872308e-11,-203.58271764945664
62,Tail-Risk Feasible Counterfactual,608.8342278527041,-6.201078684115389,-1.1901590823981678e-11,607.683234675746
63,Tail-Risk Feasible Counterfactual,-659.6263948858419,-10.855787283491054,-1.0913936421275139e-11,-657.5045237217178
64,Tail-Risk Feasible Counterfactual,-545.42293715501,-5.718623074045922,-0.5409977478178689,-547.0073114899865
65,Tail-Risk Feasible Counterfactual,-119.43367871585872,-0.13495136234405436,-1.1368683772161603e-13,-119.4270363264636
66,Tail-Risk Feasible Counterfactual,-104.9175206099296,-6.873598053312747,-19.90940489099998,-126.16916184957631
67,Tail-Risk Feasible Counterfactual,-21.788066592619543,-0.0531610679397545,-1.1368683772161603e-12,-21.781339183030923
68,Tail-Risk Feasible Counterfactual,-49.96228236372829,-0.9294137553144424,6.906475391588174e-12,-50.32492161424656
69,Tail-Risk Feasible Counterfactual,255.7269361713047,-6.813642143617329,1.7536194718559273e-11,254.46477362526616
70,Tail-Risk Feasible Counterfactual,229.20402386773327,-6.359597774931487,8.668621376273222e-13,227.97746183027647
71,Tail-Risk Feasible Counterfactual,-618.9438961195124,-5.728967638141512,7.73070496506989e-12,-617.891516192954
72,Tail-Risk Feasible Counterfactual,-340.47323680580814,-4.789782516327875,3.922195901395753e-12,-341.3724754685218
73,Tail-Risk Feasible Counterfactual,-159.7075308181864,-3.455638860036686,-1.5533337014840072,-161.8529538550522
74,Tail-Risk Feasible Counterfactual,-326.04198938247,-0.07175108972865019,-0.5866878908178705,-326.67576381190827
75,Tail-Risk Feasible Counterfactual,740.7700042224722,10.049178442566703,-9.748646334628575e-12,738.858716386072
76,Tail-Risk Feasible Counterfactual,-362.06864343203233,-4.770855626030084,1.7280399333685637e-11,-361.1631490583049
77,Tail-Risk Feasible Counterfactual,-75.7968690273525,-0.1219794651964321,-1.693933882052079e-11,-75.7863186016923
78,Tail-Risk Feasible Counterfactual,-106.95804223169853,-0.24274434307804427,-4.376943252282217e-12,-106.97641509745955
79,Tail-Risk Feasible Counterfactual,542.124720683727,11.586784928976613,0.696698611978718,540.5578003222454
80,Tail-Risk Feasible Counterfactual,-409.7830183828021,-2.961128422030015,-1.4779288903810084e-12,-409.25125889895065
81,Tail-Risk Feasible Counterfactual,1125.995685904904,17.473305341291052,1.2278178473934531e-11,1116.8435243952772
82,Tail-Risk Feasible Counterfactual,-480.6741122661015,-4.079198869198308,5.115907697472721e-12,-479.93235343552584
83,Tail-Risk Feasible Counterfactual,-101.04536241555212,-0.5941692891910293,-1.028865881380625e-11,-100.94309433826359
84,Tail-Risk Feasible Counterfactual,-76.18246363491994,-0.2226411603244287,2.0463630789890885e-12,-76.15143603920387
85,Tail-Risk Feasible Counterfactual,63.93441076709931,-5.580786795419328,-0.6933731376496155,62.20176218551046
86,Tail-Risk Feasible Counterfactual,-3.541746282369701,-2.6775825721105093,-1.6768808563938364e-12,-4.019304340851761
87,Tail-Risk Feasible Counterfactual,-420.1430679426293,-8.379685642148388,-1.716671249596402e-11,-421.7121472236596
88,Tail-Risk Feasible Counterfactual,-360.69064315432166,-4.126441524486495,5.4569682106375694e-12,-359.91652135782897
89,Tail-Risk Feasible Counterfactual,-158.65767105924266,-0.83866129615933,-0.03578324296893243,-158.55083644398542
90,Tail-Risk Feasible Counterfactual,72.99791299203781,-0.21222477816325575,7.867456686128094e-12,72.96833646182611
91,Tail-Risk Feasible Counterfactual,417.87179297298974,4.402790765575304,0.1755306204959055,417.2276118318498
92,Tail-Risk Feasible Counterfactual,-83.67611733413058,-1.0408356066122622,-1.858779796748422e-11,-83.4889407288927
93,Tail-Risk Feasible Counterfactual,-60.07678123002975,-0.7669582753304667,-0.23307634138024014,-60.17075898810833
94,Tail-Risk Feasible Counterfactual,-6.45033666370864,-0.00870929575057744,-4.206412995699793e-12,-6.449779995098311
95,Tail-Risk Feasible Counterfactual,-156.70703594293954,-0.12415907859536901,4.547473508864641e-12,-156.70960742924504
96,Tail-Risk Feasible Counterfactual,-15.39917872366459,-0.031002921618380697,-5.002220859751105e-12,-15.395765213363802
97,Tail-Risk Feasible Counterfactual,-15.562914353989811,-0.040272434643014776,-2.8421709430404007e-12,-15.557639466409313
98,Tail-Risk Feasible Counterfactual,-20.631862054479342,-0.03846762112900137,1.9895196601282805e-13,-20.62791540385325
99,Tail-Risk Feasible Counterfactual,-11.661326913232045,-0.03075764675995174,-1.1226575225009583e-11,-11.657255730518443
100,Tail-Risk Feasible Counterfactual,-9.662157344204672,-0.0014949419287972887,1.5347723092418164e-12,-9.663681636645833
101,Tail-Risk Feasible Counterfactual,431.2805918961715,20.654585356220906,2.3675283955526538e-11,427.19103033744
102,Tail-Risk Feasible Counterfactual,28.063933253080563,-0.5210649655240331,1.3528733688872308e-11,27.621101034645278
103,Tail-Risk Feasible Counterfactual,-5.277509101036458,0.5416019357364235,1.8189894035458565e-12,-4.799791422163537
104,Tail-Risk Feasible Counterfactual,-0.6811505716376018,-0.0005050143200264756,4.774847184307873e-12,-0.6811764452925786
105,Tail-Risk Feasible Counterfactual,55.95393642321777,0.9988991004418892,8.384404281969182e-13,55.766624413762656
106,Tail-Risk Feasible Counterfactual,-1.8513994037476493,-0.006657631921285656,6.3806737671257e-12,-1.8503590423486287
107,Tail-Risk Feasible Counterfactual,-61.98234384150115,-0.010055704578505242,5.286437954055145e-12,-61.99318398897826
108,Tail-Risk Feasible Counterfactual,-6.156443188725973,-0.009425280211132758,6.59383658785373e-12,-6.155684703782924
109,Tail-Risk Feasible Counterfactual,167.69518338611525,0.8732501531022194,1.2820778048331647,168.82928660137554
110,Tail-Risk Feasible Counterfactual,-35.50669429020928,-0.07194356268581714,4.206412995699793e-12,-35.49872997724333
111,Tail-Risk Feasible Counterfactual,-42.50889706961328,-0.07854002441371222,-5.059064278611913e-12,-42.50552701273347
112,Tail-Risk Feasible Counterfactual,-49.61118222678226,-0.08360430806101249,7.958078640513122e-13,-49.60350798325453
113,Tail-Risk Feasible Counterfactual,-4.9525924655908895,-0.7078502253071761,-1.3507417406799505e-11,-5.073867877934418
114,Tail-Risk Feasible Counterfactual,-275.6728299817101,-13.271035709349803,-1.2278178473934531e-11,-273.0851214061852
61,Single Feasible Projection,-204.1391140821314,-1.1725676482944891,1.0800249583553523e-11,-203.93786731553132
62,Single Feasible Projection,608.834227852703,-6.201078684115636,-1.1787903986260062e-11,607.6832346757451
63,Single Feasible Projection,-659.3935279347097,-10.882655847328806,-8.640199666842818e-12,-657.2966766230189
64,Single Feasible Projection,-545.4229371550107,-5.718623074045809,-0.5409977478107066,-547.00731148998
65,Single Feasible Projection,-114.88546120740384,-0.13495897103825882,4.774847184307873e-12,-114.87966225329527
66,Single Feasible Projection,-99.65372209294401,-26.802301653488087,1.2789769243681803e-11,-105.04223080432223
67,Single Feasible Projection,-21.788066592619998,-0.0531610679397545,-1.0231815394945443e-11,-21.781339183040473
68,Single Feasible Projection,-52.111998166602945,-0.9468425786120065,1.389821591146756e-11,-52.48130604938524
69,Single Feasible Projection,256.07901685595516,-6.819901747406021,1.2818190953112207e-11,254.81685430991195
70,Single Feasible Projection,229.2040238677325,-6.359597774931501,8.242295734817162e-13,227.97746183027567
71,Single Feasible Projection,-618.9438961195115,-5.728967638141512,1.546140993013978e-11,-617.8915161929453
72,Single Feasible Projection,-340.4732368058095,-4.789782516327875,4.263256414560601e-12,-341.3724754685228
73,Single Feasible Projection,-161.02644675063908,-3.4533096231111244,-1.5533337014772428,-163.1911714244452
74,Single Feasible Projection,-326.0419893824689,-0.07175108972865019,-0.5866878908107083,-326.67576381190014
75,Single Feasible Projection,740.7700042224708,10.049178442566657,-9.052314453583676e-12,738.8587163860711
76,Single Feasible Projection,-361.44748930624627,-4.770855626030084,1.5120349416974932e-11,-360.5419530644001
77,Single Feasible Projection,-75.7968690273525,-0.1219794651964321,-1.693933882052079e-11,-75.78631860169219
78,Single Feasible Projection,-109.9614521898182,-0.24274434307804427,-8.071765478234738e-12,-109.97946255493548
79,Single Feasible Projection,540.0888354565773,11.586784928976613,0.6966986119718968,538.5223443265204
80,Single Feasible Projection,-407.4767691373633,-2.9667636582719297,1.2050804798491299e-11,-406.94825542209776
81,Single Feasible Projection,1125.9055268098684,17.55490535081867,1.0686562745831907e-11,1116.8288537430853
82,Single Feasible Projection,-480.6741122661007,-4.079198869198194,-1.7053025658242404e-12,-479.9323534355318
83,Single Feasible Projection,-100.22251150795745,-0.5941692891910293,-6.423306331271306e-12,-100.12018796742359
84,Single Feasible Projection,-76.18246363491994,-0.2226411603244287,2.0463630789890885e-12,-76.15143603920387
85,Single Feasible Projection,63.934410767098996,-5.580786795419328,-0.693373137649985,62.20176218550978
86,Single Feasible Projection,-3.639255373725888,-2.6775825721105377,-5.5422333389287814e-12,-4.116820004690794
87,Single Feasible Projection,-435.1383902725054,-8.37830945122812,-1.2050804798491299e-11,-436.70884574445097
88,Single Feasible Projection,-360.6906431543207,-4.126441524486438,5.9685589803848416e-12,-359.9165213578275
89,Single Feasible Projection,-154.7977694107675,-0.83866129615933,-0.035783242971888285,-154.69164941867484
90,Single Feasible Projection,72.99791299203783,-0.21222477816319874,7.839062732273305e-12,72.96833646182613
91,Single Feasible Projection,417.87179297298843,4.402790765575304,0.17553062049517365,417.2276118318477
92,Single Feasible Projection,-80.7837687373515,-1.0414266019113825,-6.536993168992922e-12,-80.58645655274367
93,Single Feasible Projection,-59.04557832887434,-0.9946675314963045,-5.115907697472721e-13,-58.853696023808595
94,Single Feasible Projection,-6.450336663708754,-0.00870929575057744,-4.092726157978177e-12,-6.449779995098311
95,Single Feasible Projection,-151.6508610200714,-0.12415907859536901,5.059064278611913e-12,-151.65422823819816
96,Single Feasible Projection,-15.39917872366459,-0.03100292161843754,-5.002220859751105e-12,-15.395765213363802
97,Single Feasible Projection,-15.562914353989783,-0.040272434643014776,-2.8705926524708048e-12,-15.557639466409285
98,Single Feasible Projection,-20.631862054479313,-0.03846762112900137,1.9895196601282805e-13,-20.627915403853223
99,Single Feasible Projection,-11.661326913231989,-0.03075764675995174,-1.1283418643870391e-11,-11.657255730518443
100,Single Feasible Projection,-9.662157344204502,-0.0014949419287972887,1.4210854715202004e-12,-9.663681636645833
101,Single Feasible Projection,414.24772662397356,20.60876238891612,5.4853899200679734e-12,410.1188641652434
102,Single Feasible Projection,20.876941143903025,-0.4589239068066604,1.0061285138363019e-11,20.421255815144605
103,Single Feasible Projection,-0.9384126435938356,0.47280993245840364,3.069544618483633e-12,-0.4606949647196643
104,Single Feasible Projection,-0.6811505716374313,-0.0005050143200264756,4.604316927725449e-12,-0.6811764452925786
105,Single Feasible Projection,52.64640821615606,1.016566892990923,-1.2789769243681803e-12,52.44749248354913
106,Single Feasible Projection,-1.5909988346210326,-0.006657631921299867,1.3571366253017914e-11,-1.589940921238508
107,Single Feasible Projection,-57.817614849961984,-0.008154950838076047,2.1884716261411086e-12,-57.82689751565306
108,Single Feasible Projection,-6.156443188725859,-0.009425280211132758,1.0174971976084635e-11,-6.155684703779286
109,Single Feasible Projection,163.64552618733185,0.8733650634144681,1.2820778048285035,164.78029123320937
110,Single Feasible Projection,-35.50669429020937,-0.07194356268587399,4.320099833421409e-12,-35.4987299772433
111,Single Feasible Projection,-39.168832924746766,-0.07854002441371222,-8.469669410260394e-12,-39.1601464070896
112,Single Feasible Projection,-49.61118222678226,-0.08360430806101249,1.1368683772161603e-12,-49.603507983254076
113,Single Feasible Projection,-7.709212028052811,-0.7078502253071761,-6.245670647331281e-12,-7.832218102100796
114,Single Feasible Projection,-272.07287623544545,-13.179487016996632,-1.2505552149377763e-12,-269.4337872271261
61,Risk-Constrained Convex Verifier,-204.1391140821314,-1.1725676482944891,1.0800249583553523e-11,-203.93786731553132
62,Risk-Constrained Convex Verifier,608.834227852703,-6.201078684115636,-1.1787903986260062e-11,607.6832346757451
63,Risk-Constrained Convex Verifier,-659.3935279347097,-10.882655847328806,-8.640199666842818e-12,-657.2966766230189
64,Risk-Constrained Convex Verifier,-545.4229371550107,-5.718623074045809,-0.5409977478107066,-547.00731148998
65,Risk-Constrained Convex Verifier,-114.88546120740367,-0.13495897103825882,4.604316927725449e-12,-114.87966225329527
66,Risk-Constrained Convex Verifier,-99.65372209294401,-26.802301653488087,1.2789769243681803e-11,-105.04223080432223
67,Risk-Constrained Convex Verifier,-21.788066592619998,-0.0531610679397545,-1.0231815394945443e-11,-21.781339183040473
68,Risk-Constrained Convex Verifier,-52.111998166602945,-0.9468425786120065,1.389821591146756e-11,-52.48130604938524
69,Risk-Constrained Convex Verifier,256.07901685595516,-6.819901747406021,1.2818190953112207e-11,254.81685430991195
70,Risk-Constrained Convex Verifier,229.2040238677325,-6.359597774931501,8.242295734817162e-13,227.97746183027567
71,Risk-Constrained Convex Verifier,-618.9438961195115,-5.728967638141512,1.546140993013978e-11,-617.8915161929453
72,Risk-Constrained Convex Verifier,-340.4732368058095,-4.789782516327875,4.263256414560601e-12,-341.3724754685228
73,Risk-Constrained Convex Verifier,-161.0264467506389,-3.4533096231111244,-1.5533337014772997,-163.1911714244452
74,Risk-Constrained Convex Verifier,-326.0419893824689,-0.07175108972865019,-0.5866878908107083,-326.67576381190014
75,Risk-Constrained Convex Verifier,740.7700042224708,10.049178442566657,-9.052314453583676e-12,738.8587163860711
76,Risk-Constrained Convex Verifier,-361.44748930624627,-4.770855626030084,1.5120349416974932e-11,-360.5419530644001
77,Risk-Constrained Convex Verifier,-75.7968690273525,-0.1219794651964321,-1.693933882052079e-11,-75.78631860169219
78,Risk-Constrained Convex Verifier,-109.9614521898182,-0.24274434307804427,-8.071765478234738e-12,-109.97946255493548
79,Risk-Constrained Convex Verifier,540.0888354565775,11.58678492897684,0.6966986119716694,538.5223443265204
80,Risk-Constrained Convex Verifier,-407.4767691373633,-2.9667636582719297,1.2050804798491299e-11,-406.94825542209776
81,Risk-Constrained Convex Verifier,1125.9055268098684,17.55490535081867,1.0686562745831907e-11,1116.8288537430853
82,Risk-Constrained Convex Verifier,-480.6741122661007,-4.079198869198194,-1.7053025658242404e-12,-479.9323534355318
83,Risk-Constrained Convex Verifier,-100.22251150795745,-0.5941692891910293,-6.423306331271306e-12,-100.12018796742359
84,Risk-Constrained Convex Verifier,-76.18246363491994,-0.2226411603244287,2.0463630789890885e-12,-76.15143603920387
85,Risk-Constrained Convex Verifier,63.934410767098996,-5.580786795419328,-0.693373137649985,62.20176218550978
86,Risk-Constrained Convex Verifier,-3.639255373725888,-2.6775825721105377,-5.5422333389287814e-12,-4.116820004690794
87,Risk-Constrained Convex Verifier,-435.1383902725054,-8.37830945122812,-1.2050804798491299e-11,-436.70884574445097
88,Risk-Constrained Convex Verifier,-360.6906431543207,-4.126441524486438,5.9685589803848416e-12,-359.9165213578275
89,Risk-Constrained Convex Verifier,-154.7977694107675,-0.83866129615933,-0.035783242971888285,-154.69164941867484
90,Risk-Constrained Convex Verifier,72.99791299203783,-0.21222477816319874,7.839062732273305e-12,72.96833646182613
91,Risk-Constrained Convex Verifier,417.87179297298843,4.402790765575304,0.17553062049517365,417.2276118318477
92,Risk-Constrained Convex Verifier,-80.7837687373515,-1.0414266019113825,-6.536993168992922e-12,-80.58645655274367
93,Risk-Constrained Convex Verifier,-59.04557832887434,-0.9946675314963045,-5.115907697472721e-13,-58.853696023808595
94,Risk-Constrained Convex Verifier,-6.450336663708754,-0.00870929575057744,-4.092726157978177e-12,-6.449779995098311
95,Risk-Constrained Convex Verifier,-151.6508610200714,-0.12415907859536901,5.059064278611913e-12,-151.65422823819816
96,Risk-Constrained Convex Verifier,-15.39917872366459,-0.03100292161843754,-5.002220859751105e-12,-15.395765213363802
97,Risk-Constrained Convex Verifier,-15.562914353989783,-0.040272434643014776,-2.8705926524708048e-12,-15.557639466409285
98,Risk-Constrained Convex Verifier,-20.631862054479313,-0.03846762112900137,1.9895196601282805e-13,-20.627915403853223
99,Risk-Constrained Convex Verifier,-11.661326913231989,-0.03075764675995174,-1.1283418643870391e-11,-11.657255730518443
100,Risk-Constrained Convex Verifier,-9.662157344204502,-0.0014949419287972887,1.4210854715202004e-12,-9.663681636645833
101,Risk-Constrained Convex Verifier,414.24772662397356,20.60876238891612,5.4853899200679734e-12,410.1188641652434
102,Risk-Constrained Convex Verifier,20.876941143903025,-0.4589239068066604,1.0061285138363019e-11,20.421255815144605
103,Risk-Constrained Convex Verifier,-0.9384126435938356,0.47280993245840364,3.069544618483633e-12,-0.4606949647196643
104,Risk-Constrained Convex Verifier,-0.6811505716374313,-0.0005050143200264756,4.604316927725449e-12,-0.6811764452925786
105,Risk-Constrained Convex Verifier,52.64640821615606,1.016566892990923,-1.2789769243681803e-12,52.44749248354913
106,Risk-Constrained Convex Verifier,-1.5909988346210326,-0.006657631921299867,1.3571366253017914e-11,-1.589940921238508
107,Risk-Constrained Convex Verifier,-57.817614849961984,-0.008154950838076047,2.1884716261411086e-12,-57.82689751565306
108,Risk-Constrained Convex Verifier,-6.156443188725859,-0.009425280211132758,1.0174971976084635e-11,-6.155684703779286
109,Risk-Constrained Convex Verifier,163.64552618733185,0.8733650634144681,1.2820778048285035,164.78029123320937
110,Risk-Constrained Convex Verifier,-35.50669429020937,-0.07194356268587399,4.320099833421409e-12,-35.4987299772433
111,Risk-Constrained Convex Verifier,-39.168832924746766,-0.07854002441371222,-8.469669410260394e-12,-39.1601464070896
112,Risk-Constrained Convex Verifier,-49.61118222678226,-0.08360430806101249,1.1368683772161603e-12,-49.603507983254076
113,Risk-Constrained Convex Verifier,-7.709212028052811,-0.7078502253071761,-6.245670647331281e-12,-7.832218102100796
114,Risk-Constrained Convex Verifier,-272.07287623544545,-13.179487016996632,-1.2505552149377763e-12,-269.4337872271261
61,Trace-Anchored Reference,-122.90447225912192,0.7853994184109752,-2.6423731617313706,-125.38489460072049
62,Trace-Anchored Reference,608.8342278527037,-6.201078684115792,-1.1709744285326451e-11,607.6832346757459
63,Trace-Anchored Reference,-116.10200200209829,-7.657775928467004,-9.322410830324998,-121.9862707908876
64,Trace-Anchored Reference,202.59696991501704,-6.101678168552496,-0.40719171673134724,202.63210996449175
65,Trace-Anchored Reference,214.8356470864955,-0.7106167526993943,-4.565380848684583,210.89682474760286
66,Trace-Anchored Reference,961.6568103834494,1.1226985864696246,-54.78146701291425,905.7602761495173
67,Trace-Anchored Reference,0.0,-0.26350343831484224,-4.598769289021789,-4.862272727336631
68,Trace-Anchored Reference,120.46088781481782,-0.9462341219661994,6.73594513500575e-12,120.86726331512273
69,Trace-Anchored Reference,517.229985746659,-6.883803375825011,1.2136069926782511e-11,516.4386749747639
70,Trace-Anchored Reference,350.3477622133869,-6.341845370920339,1.9269918993813917e-11,349.312672657355
71,Trace-Anchored Reference,-284.2676777773088,-10.021301817793528,-4.1014596013837945,-293.35376691714646
72,Trace-Anchored Reference,86.68044849238709,-4.646549660575346,-7.048583938740194e-12,86.48234602974071
73,Trace-Anchored Reference,421.1001558977691,-2.7131683770355153,-3.0411105417153976,420.1594789761373
74,Trace-Anchored Reference,-42.25769282007218,-0.07699085570425268,-0.5866878908256012,-42.72682406130809
75,Trace-Anchored Reference,918.8725496322982,3.8796033622060264,1.3959526198473782,920.094636787839
76,Trace-Anchored Reference,-166.370573836299,-3.218700632562445,-1.1890334100941686,-168.27100606498675
77,Trace-Anchored Reference,-38.820280851551615,-1.4301522784950293,-5.406876494189191,-45.53170104675917
78,Trace-Anchored Reference,121.4354037935759,-0.22172192215599296,-9.137579581874888e-12,121.5744076371401
79,Trace-Anchored Reference,1737.5916131749977,-7.633351056586662,20.156630783973014,1757.594398733393
80,Trace-Anchored Reference,-99.67318086068639,-2.5741839381875593,-0.8965899460401374,-99.72544009527996
81,Trace-Anchored Reference,1873.84277516609,7.645883761912955,96.52825704816064,1970.5601269193567
82,Trace-Anchored Reference,-0.18125110796796662,-3.7011440761768313,9.72022462519817e-12,0.1189923641123869
83,Trace-Anchored Reference,-77.56451524542493,-0.6304688259845932,-2.1856294551980682e-11,-77.72133169699998
84,Trace-Anchored Reference,0.0,-0.7906924756415492,-3.8043987206999645,-4.595091196341514
85,Trace-Anchored Reference,421.403014207011,-5.388546506373359,-1.9424704613348922,420.5280210437885
86,Trace-Anchored Reference,222.67381843857407,-3.669396677494916,-1.3884005056752358e-11,222.76463393604809
87,Trace-Anchored Reference,250.96249288230575,-8.926966068746935,6.0822458181064576e-12,250.98719897025808
88,Trace-Anchored Reference,28.177314455004137,-4.150033851837804,-1.0743406164692715e-11,28.946406998780617
89,Trace-Anchored Reference,-142.5987945069329,-1.6560000394954386,-2.2875329291941853,-145.8643042759843
90,Trace-Anchored Reference,72.99791299203848,-0.2122247781627568,7.61685159389458e-12,72.96833646182654
91,Trace-Anchored Reference,816.6563995572664,3.9551663947841575,1.2308374553514199,819.0003446427609
92,Trace-Anchored Reference,30.29883739199846,-0.3967402706831251,-2.652408159792685,27.763633316854026
93,Trace-Anchored Reference,-89.59882965196925,-0.37305207545796293,-0.7778158036157379,-90.27055305258011
94,Trace-Anchored Reference,0.0,-0.00851783472205625,-1.3073986337985843e-11,-0.008517834735130236
95,Trace-Anchored Reference,255.59907332199037,0.4260585232972858,-5.231898270875206,249.92300533046955
96,Trace-Anchored Reference,-4.103837161763806,-0.009671684512795764,-9.15179043659009e-12,-4.111843291319133
97,Trace-Anchored Reference,-6.877160287453023,-0.024139549172474517,-1.021760454023024e-11,-6.898508719926767
98,Trace-Anchored Reference,-1.485192307873831,0.03559946029839978,-1.0345502232667059e-11,-1.449823241069069
99,Trace-Anchored Reference,-0.21959122993941094,-0.03042745869420571,-1.0700773600547109e-11,-0.24856795250605046
100,Trace-Anchored Reference,-6.297468692142047,0.06031811396314879,6.366462912410498e-12,-6.238127485836401
101,Trace-Anchored Reference,1046.1424940517315,6.583550603861454,41.331407511163206,1087.0663266446359
102,Trace-Anchored Reference,436.59769903629456,-0.8008443142223598,4.353367983004631,440.8623211093071
103,Trace-Anchored Reference,-40.81984745762446,0.00979744523277759,-6.584435643318386,-47.448683697634124
104,Trace-Anchored Reference,0.0,-0.008405947106297162,1.9895196601282805e-13,-0.00840594710609821
105,Trace-Anchored Reference,144.35777982491757,0.2541139376973547,2.3762307418405513,146.7571292998773
106,Trace-Anchored Reference,-23.21659944267566,0.06633856538881844,-8.44124770082999e-12,-23.179035624326914
107,Trace-Anchored Reference,50.556768899743346,-0.1395395419282579,-1.3059775483270641e-11,50.668303849015615
108,Trace-Anchored Reference,-9.619466578540937,-0.03338995911371967,-8.526512829121202e-12,-9.589305239187183
109,Trace-Anchored Reference,473.41655839573673,0.008953337162836306,2.7514841248785444,476.18643844637097
110,Trace-Anchored Reference,-14.476675115290988,-0.1831219796790151,-3.154809746774845e-12,-14.640430839540898
111,Trace-Anchored Reference,-90.53788212701272,0.04913181049658988,-6.0822458181064576e-12,-90.716464966856
112,Trace-Anchored Reference,-4.742858143149078,-0.38766466946464107,-2.121896606263988,-7.248131221929839
113,Trace-Anchored Reference,127.05309393468659,-0.7043711363317087,-1.1254996934439987e-11,127.17313223968364
114,Trace-Anchored Reference,112.61599781286355,-4.00615492900539,-16.932583117408342,95.97062263372754
